{
  "mean": 1.7657536712774222,
  "std": 0.3462355472632682
}