start,end,span_days,net_target_change_pp,decreases,files
2016-02-03,2016-02-12,9.0,0.11472105979919434,2,hmi.m_45s.2016.02.03_00_01_30_TAI.magnetogram_processed.npy;hmi.m_45s.2016.02.06_00_01_30_TAI.magnetogram_processed.npy;hmi.m_45s.2016.02.08_00_01_30_TAI.magnetogram_processed.npy;hmi.m_45s.2016.02.10_00_01_30_TAI.magnetogram_processed.npy;hmi.m_45s.2016.02.12_00_01_30_TAI.magnetogram_processed.npy
2016-02-06,2016-02-14,8.0,-0.04292726516723633,3,hmi.m_45s.2016.02.06_00_01_30_TAI.magnetogram_processed.npy;hmi.m_45s.2016.02.08_00_01_30_TAI.magnetogram_processed.npy;hmi.m_45s.2016.02.10_00_01_30_TAI.magnetogram_processed.npy;hmi.m_45s.2016.02.12_00_01_30_TAI.magnetogram_processed.npy;hmi.m_45s.2016.02.14_00_01_30_TAI.magnetogram_processed.npy
2016-02-08,2016-02-17,9.0,-0.1468658447265625,4,hmi.m_45s.2016.02.08_00_01_30_TAI.magnetogram_processed.npy;hmi.m_45s.2016.02.10_00_01_30_TAI.magnetogram_processed.npy;hmi.m_45s.2016.02.12_00_01_30_TAI.magnetogram_processed.npy;hmi.m_45s.2016.02.14_00_01_30_TAI.magnetogram_processed.npy;hmi.m_45s.2016.02.17_00_01_30_TAI.magnetogram_processed.npy
2016-02-10,2016-02-19,9.0,-0.11230707168579102,3,hmi.m_45s.2016.02.10_00_01_30_TAI.magnetogram_processed.npy;hmi.m_45s.2016.02.12_00_01_30_TAI.magnetogram_processed.npy;hmi.m_45s.2016.02.14_00_01_30_TAI.magnetogram_processed.npy;hmi.m_45s.2016.02.17_00_01_30_TAI.magnetogram_processed.npy;hmi.m_45s.2016.02.19_00_01_30_TAI.magnetogram_processed.npy
2016-02-12,2016-02-20,8.0,-0.025278329849243164,2,hmi.m_45s.2016.02.12_00_01_30_TAI.magnetogram_processed.npy;hmi.m_45s.2016.02.14_00_01_30_TAI.magnetogram_processed.npy;hmi.m_45s.2016.02.17_00_01_30_TAI.magnetogram_processed.npy;hmi.m_45s.2016.02.19_00_01_30_TAI.magnetogram_processed.npy;hmi.m_45s.2016.02.20_00_01_30_TAI.magnetogram_processed.npy
2016-02-14,2016-02-21,7.0,0.08257627487182617,1,hmi.m_45s.2016.02.14_00_01_30_TAI.magnetogram_processed.npy;hmi.m_45s.2016.02.17_00_01_30_TAI.magnetogram_processed.npy;hmi.m_45s.2016.02.19_00_01_30_TAI.magnetogram_processed.npy;hmi.m_45s.2016.02.20_00_01_30_TAI.magnetogram_processed.npy;hmi.m_45s.2016.02.21_00_01_30_TAI.magnetogram_processed.npy
2016-02-17,2016-02-23,6.0,0.029641389846801536,1,hmi.m_45s.2016.02.17_00_01_30_TAI.magnetogram_processed.npy;hmi.m_45s.2016.02.19_00_01_30_TAI.magnetogram_processed.npy;hmi.m_45s.2016.02.20_00_01_30_TAI.magnetogram_processed.npy;hmi.m_45s.2016.02.21_00_01_30_TAI.magnetogram_processed.npy;hmi.m_45s.2016.02.23_00_01_30_TAI.magnetogram_processed.npy
2016-02-19,2016-02-28,9.0,0.006860494613647461,1,hmi.m_45s.2016.02.19_00_01_30_TAI.magnetogram_processed.npy;hmi.m_45s.2016.02.20_00_01_30_TAI.magnetogram_processed.npy;hmi.m_45s.2016.02.21_00_01_30_TAI.magnetogram_processed.npy;hmi.m_45s.2016.02.23_00_01_30_TAI.magnetogram_processed.npy;hmi.m_45s.2016.02.28_00_01_30_TAI.magnetogram_processed.npy
2016-02-20,2016-02-29,9.0,0.0008940696716308594,1,hmi.m_45s.2016.02.20_00_01_30_TAI.magnetogram_processed.npy;hmi.m_45s.2016.02.21_00_01_30_TAI.magnetogram_processed.npy;hmi.m_45s.2016.02.23_00_01_30_TAI.magnetogram_processed.npy;hmi.m_45s.2016.02.28_00_01_30_TAI.magnetogram_processed.npy;hmi.m_45s.2016.02.29_00_01_30_TAI.magnetogram_processed.npy
2016-02-21,2016-03-01,9.0,-0.06325840950012207,2,hmi.m_45s.2016.02.21_00_01_30_TAI.magnetogram_processed.npy;hmi.m_45s.2016.02.23_00_01_30_TAI.magnetogram_processed.npy;hmi.m_45s.2016.02.28_00_01_30_TAI.magnetogram_processed.npy;hmi.m_45s.2016.02.29_00_01_30_TAI.magnetogram_processed.npy;hmi.m_45s.2016.03.01_00_01_30_TAI.magnetogram_processed.npy
2016-02-23,2016-03-02,8.0,-0.01187920570373513,2,hmi.m_45s.2016.02.23_00_01_30_TAI.magnetogram_processed.npy;hmi.m_45s.2016.02.28_00_01_30_TAI.magnetogram_processed.npy;hmi.m_45s.2016.02.29_00_01_30_TAI.magnetogram_processed.npy;hmi.m_45s.2016.03.01_00_01_30_TAI.magnetogram_processed.npy;hmi.m_45s.2016.03.02_00_01_30_TAI.magnetogram_processed.npy
2016-02-28,2016-03-03,4.0,-0.019425153732299805,2,hmi.m_45s.2016.02.28_00_01_30_TAI.magnetogram_processed.npy;hmi.m_45s.2016.02.29_00_01_30_TAI.magnetogram_processed.npy;hmi.m_45s.2016.03.01_00_01_30_TAI.magnetogram_processed.npy;hmi.m_45s.2016.03.02_00_01_30_TAI.magnetogram_processed.npy;hmi.m_45s.2016.03.03_00_01_30_TAI.magnetogram_processed.npy
2016-02-29,2016-03-09,9.0,0.05384087562561035,2,hmi.m_45s.2016.02.29_00_01_30_TAI.magnetogram_processed.npy;hmi.m_45s.2016.03.01_00_01_30_TAI.magnetogram_processed.npy;hmi.m_45s.2016.03.02_00_01_30_TAI.magnetogram_processed.npy;hmi.m_45s.2016.03.03_00_01_30_TAI.magnetogram_processed.npy;hmi.m_45s.2016.03.09_00_01_30_TAI.magnetogram_processed.npy
2016-03-01,2016-03-10,9.0,0.026684999465942383,2,hmi.m_45s.2016.03.01_00_01_30_TAI.magnetogram_processed.npy;hmi.m_45s.2016.03.02_00_01_30_TAI.magnetogram_processed.npy;hmi.m_45s.2016.03.03_00_01_30_TAI.magnetogram_processed.npy;hmi.m_45s.2016.03.09_00_01_30_TAI.magnetogram_processed.npy;hmi.m_45s.2016.03.10_00_01_30_TAI.magnetogram_processed.npy
2016-03-16,2016-03-26,10.0,-0.03374814987182595,3,hmi.m_45s.2016.03.16_00_01_30_TAI.magnetogram_processed.npy;hmi.m_45s.2016.03.20_00_01_30_TAI.magnetogram_processed.npy;hmi.m_45s.2016.03.23_00_01_30_TAI.magnetogram_processed.npy;hmi.m_45s.2016.03.25_00_01_30_TAI.magnetogram_processed.npy;hmi.m_45s.2016.03.26_00_01_30_TAI.magnetogram_processed.npy
2016-03-20,2016-03-29,9.0,-0.08301138877868652,3,hmi.m_45s.2016.03.20_00_01_30_TAI.magnetogram_processed.npy;hmi.m_45s.2016.03.23_00_01_30_TAI.magnetogram_processed.npy;hmi.m_45s.2016.03.25_00_01_30_TAI.magnetogram_processed.npy;hmi.m_45s.2016.03.26_00_01_30_TAI.magnetogram_processed.npy;hmi.m_45s.2016.03.29_00_01_30_TAI.magnetogram_processed.npy
2016-03-23,2016-03-30,7.0,-0.05717873573303223,3,hmi.m_45s.2016.03.23_00_01_30_TAI.magnetogram_processed.npy;hmi.m_45s.2016.03.25_00_01_30_TAI.magnetogram_processed.npy;hmi.m_45s.2016.03.26_00_01_30_TAI.magnetogram_processed.npy;hmi.m_45s.2016.03.29_00_01_30_TAI.magnetogram_processed.npy;hmi.m_45s.2016.03.30_00_01_30_TAI.magnetogram_processed.npy
2016-03-25,2016-03-31,6.0,-0.05825161933898926,3,hmi.m_45s.2016.03.25_00_01_30_TAI.magnetogram_processed.npy;hmi.m_45s.2016.03.26_00_01_30_TAI.magnetogram_processed.npy;hmi.m_45s.2016.03.29_00_01_30_TAI.magnetogram_processed.npy;hmi.m_45s.2016.03.30_00_01_30_TAI.magnetogram_processed.npy;hmi.m_45s.2016.03.31_00_01_30_TAI.magnetogram_processed.npy
2016-03-26,2016-04-02,7.0,-0.04063844680786133,2,hmi.m_45s.2016.03.26_00_01_30_TAI.magnetogram_processed.npy;hmi.m_45s.2016.03.29_00_01_30_TAI.magnetogram_processed.npy;hmi.m_45s.2016.03.30_00_01_30_TAI.magnetogram_processed.npy;hmi.m_45s.2016.03.31_00_01_30_TAI.magnetogram_processed.npy;hmi.m_45s.2016.04.02_00_01_30_TAI.magnetogram_processed.npy
2016-03-29,2016-04-04,6.0,0.0022649765014646217,2,hmi.m_45s.2016.03.29_00_01_30_TAI.magnetogram_processed.npy;hmi.m_45s.2016.03.30_00_01_30_TAI.magnetogram_processed.npy;hmi.m_45s.2016.03.31_00_01_30_TAI.magnetogram_processed.npy;hmi.m_45s.2016.04.02_00_01_30_TAI.magnetogram_processed.npy;hmi.m_45s.2016.04.04_00_01_30_TAI.magnetogram_processed.npy
2016-03-30,2016-04-05,6.0,0.0380396842956543,1,hmi.m_45s.2016.03.30_00_01_30_TAI.magnetogram_processed.npy;hmi.m_45s.2016.03.31_00_01_30_TAI.magnetogram_processed.npy;hmi.m_45s.2016.04.02_00_01_30_TAI.magnetogram_processed.npy;hmi.m_45s.2016.04.04_00_01_30_TAI.magnetogram_processed.npy;hmi.m_45s.2016.04.05_00_01_30_TAI.magnetogram_processed.npy
2016-03-31,2016-04-06,6.0,-0.00597834587097168,2,hmi.m_45s.2016.03.31_00_01_30_TAI.magnetogram_processed.npy;hmi.m_45s.2016.04.02_00_01_30_TAI.magnetogram_processed.npy;hmi.m_45s.2016.04.04_00_01_30_TAI.magnetogram_processed.npy;hmi.m_45s.2016.04.05_00_01_30_TAI.magnetogram_processed.npy;hmi.m_45s.2016.04.06_00_01_30_TAI.magnetogram_processed.npy
2016-04-02,2016-04-07,5.0,-0.07777214050292969,3,hmi.m_45s.2016.04.02_00_01_30_TAI.magnetogram_processed.npy;hmi.m_45s.2016.04.04_00_01_30_TAI.magnetogram_processed.npy;hmi.m_45s.2016.04.05_00_01_30_TAI.magnetogram_processed.npy;hmi.m_45s.2016.04.06_00_01_30_TAI.magnetogram_processed.npy;hmi.m_45s.2016.04.07_00_01_30_TAI.magnetogram_processed.npy
2016-04-04,2016-04-11,7.0,0.06192326545715354,2,hmi.m_45s.2016.04.04_00_01_30_TAI.magnetogram_processed.npy;hmi.m_45s.2016.04.05_00_01_30_TAI.magnetogram_processed.npy;hmi.m_45s.2016.04.06_00_01_30_TAI.magnetogram_processed.npy;hmi.m_45s.2016.04.07_00_01_30_TAI.magnetogram_processed.npy;hmi.m_45s.2016.04.11_00_01_30_TAI.magnetogram_processed.npy
2016-04-05,2016-04-12,7.0,0.0655829906463623,2,hmi.m_45s.2016.04.05_00_01_30_TAI.magnetogram_processed.npy;hmi.m_45s.2016.04.06_00_01_30_TAI.magnetogram_processed.npy;hmi.m_45s.2016.04.07_00_01_30_TAI.magnetogram_processed.npy;hmi.m_45s.2016.04.11_00_01_30_TAI.magnetogram_processed.npy;hmi.m_45s.2016.04.12_00_01_30_TAI.magnetogram_processed.npy
2016-04-06,2016-04-15,9.0,0.13734102249145508,1,hmi.m_45s.2016.04.06_00_01_30_TAI.magnetogram_processed.npy;hmi.m_45s.2016.04.07_00_01_30_TAI.magnetogram_processed.npy;hmi.m_45s.2016.04.11_00_01_30_TAI.magnetogram_processed.npy;hmi.m_45s.2016.04.12_00_01_30_TAI.magnetogram_processed.npy;hmi.m_45s.2016.04.15_00_01_30_TAI.magnetogram_processed.npy
2016-04-15,2016-04-25,10.0,-0.24517178535461404,3,hmi.m_45s.2016.04.15_00_01_30_TAI.magnetogram_processed.npy;hmi.m_45s.2016.04.18_00_01_30_TAI.magnetogram_processed.npy;hmi.m_45s.2016.04.22_00_01_30_TAI.magnetogram_processed.npy;hmi.m_45s.2016.04.23_00_01_30_TAI.magnetogram_processed.npy;hmi.m_45s.2016.04.25_00_01_30_TAI.magnetogram_processed.npy
2016-04-18,2016-04-26,8.0,-0.13730525970458984,3,hmi.m_45s.2016.04.18_00_01_30_TAI.magnetogram_processed.npy;hmi.m_45s.2016.04.22_00_01_30_TAI.magnetogram_processed.npy;hmi.m_45s.2016.04.23_00_01_30_TAI.magnetogram_processed.npy;hmi.m_45s.2016.04.25_00_01_30_TAI.magnetogram_processed.npy;hmi.m_45s.2016.04.26_00_01_30_TAI.magnetogram_processed.npy
2016-04-22,2016-05-01,9.0,0.02852678298950173,2,hmi.m_45s.2016.04.22_00_01_30_TAI.magnetogram_processed.npy;hmi.m_45s.2016.04.23_00_01_30_TAI.magnetogram_processed.npy;hmi.m_45s.2016.04.25_00_01_30_TAI.magnetogram_processed.npy;hmi.m_45s.2016.04.26_00_01_30_TAI.magnetogram_processed.npy;hmi.m_45s.2016.05.01_00_01_30_TAI.magnetogram_processed.npy
2016-05-13,2016-05-20,7.0,-0.8395791053771975,3,hmi.m_45s.2016.05.13_00_01_30_TAI.magnetogram_processed.npy;hmi.m_45s.2016.05.17_00_01_30_TAI.magnetogram_processed.npy;hmi.m_45s.2016.05.18_00_01_30_TAI.magnetogram_processed.npy;hmi.m_45s.2016.05.19_00_01_30_TAI.magnetogram_processed.npy;hmi.m_45s.2016.05.20_00_01_30_TAI.magnetogram_processed.npy
2016-05-17,2016-05-21,4.0,0.028264522552490012,3,hmi.m_45s.2016.05.17_00_01_30_TAI.magnetogram_processed.npy;hmi.m_45s.2016.05.18_00_01_30_TAI.magnetogram_processed.npy;hmi.m_45s.2016.05.19_00_01_30_TAI.magnetogram_processed.npy;hmi.m_45s.2016.05.20_00_01_30_TAI.magnetogram_processed.npy;hmi.m_45s.2016.05.21_00_01_30_TAI.magnetogram_processed.npy
2016-05-18,2016-05-22,4.0,-0.06763935089111306,4,hmi.m_45s.2016.05.18_00_01_30_TAI.magnetogram_processed.npy;hmi.m_45s.2016.05.19_00_01_30_TAI.magnetogram_processed.npy;hmi.m_45s.2016.05.20_00_01_30_TAI.magnetogram_processed.npy;hmi.m_45s.2016.05.21_00_01_30_TAI.magnetogram_processed.npy;hmi.m_45s.2016.05.22_00_01_30_TAI.magnetogram_processed.npy
2016-06-01,2016-06-09,8.0,-0.040465593338012695,3,hmi.m_45s.2016.06.01_00_01_30_TAI.magnetogram_processed.npy;hmi.m_45s.2016.06.02_00_01_30_TAI.magnetogram_processed.npy;hmi.m_45s.2016.06.05_00_01_30_TAI.magnetogram_processed.npy;hmi.m_45s.2016.06.07_00_01_30_TAI.magnetogram_processed.npy;hmi.m_45s.2016.06.09_00_01_30_TAI.magnetogram_processed.npy
2016-06-02,2016-06-11,9.0,-0.05831122398376465,3,hmi.m_45s.2016.06.02_00_01_30_TAI.magnetogram_processed.npy;hmi.m_45s.2016.06.05_00_01_30_TAI.magnetogram_processed.npy;hmi.m_45s.2016.06.07_00_01_30_TAI.magnetogram_processed.npy;hmi.m_45s.2016.06.09_00_01_30_TAI.magnetogram_processed.npy;hmi.m_45s.2016.06.11_00_01_30_TAI.magnetogram_processed.npy
2016-06-05,2016-06-13,8.0,-0.0031173229217527076,2,hmi.m_45s.2016.06.05_00_01_30_TAI.magnetogram_processed.npy;hmi.m_45s.2016.06.07_00_01_30_TAI.magnetogram_processed.npy;hmi.m_45s.2016.06.09_00_01_30_TAI.magnetogram_processed.npy;hmi.m_45s.2016.06.11_00_01_30_TAI.magnetogram_processed.npy;hmi.m_45s.2016.06.13_00_01_30_TAI.magnetogram_processed.npy
2016-06-07,2016-06-15,8.0,0.009518861770629883,2,hmi.m_45s.2016.06.07_00_01_30_TAI.magnetogram_processed.npy;hmi.m_45s.2016.06.09_00_01_30_TAI.magnetogram_processed.npy;hmi.m_45s.2016.06.11_00_01_30_TAI.magnetogram_processed.npy;hmi.m_45s.2016.06.13_00_01_30_TAI.magnetogram_processed.npy;hmi.m_45s.2016.06.15_00_01_30_TAI.magnetogram_processed.npy
2016-06-09,2016-06-16,7.0,0.06447434425353982,2,hmi.m_45s.2016.06.09_00_01_30_TAI.magnetogram_processed.npy;hmi.m_45s.2016.06.11_00_01_30_TAI.magnetogram_processed.npy;hmi.m_45s.2016.06.13_00_01_30_TAI.magnetogram_processed.npy;hmi.m_45s.2016.06.15_00_01_30_TAI.magnetogram_processed.npy;hmi.m_45s.2016.06.16_00_01_30_TAI.magnetogram_processed.npy
2016-06-11,2016-06-19,8.0,0.08582472801208496,2,hmi.m_45s.2016.06.11_00_01_30_TAI.magnetogram_processed.npy;hmi.m_45s.2016.06.13_00_01_30_TAI.magnetogram_processed.npy;hmi.m_45s.2016.06.15_00_01_30_TAI.magnetogram_processed.npy;hmi.m_45s.2016.06.16_00_01_30_TAI.magnetogram_processed.npy;hmi.m_45s.2016.06.19_00_01_30_TAI.magnetogram_processed.npy
2016-06-13,2016-06-21,8.0,-0.014799833297729714,3,hmi.m_45s.2016.06.13_00_01_30_TAI.magnetogram_processed.npy;hmi.m_45s.2016.06.15_00_01_30_TAI.magnetogram_processed.npy;hmi.m_45s.2016.06.16_00_01_30_TAI.magnetogram_processed.npy;hmi.m_45s.2016.06.19_00_01_30_TAI.magnetogram_processed.npy;hmi.m_45s.2016.06.21_00_01_30_TAI.magnetogram_processed.npy
2016-06-15,2016-06-25,10.0,-0.18204450607299805,4,hmi.m_45s.2016.06.15_00_01_30_TAI.magnetogram_processed.npy;hmi.m_45s.2016.06.16_00_01_30_TAI.magnetogram_processed.npy;hmi.m_45s.2016.06.19_00_01_30_TAI.magnetogram_processed.npy;hmi.m_45s.2016.06.21_00_01_30_TAI.magnetogram_processed.npy;hmi.m_45s.2016.06.25_00_01_30_TAI.magnetogram_processed.npy
2016-06-19,2016-06-29,10.0,-0.1344621181488037,2,hmi.m_45s.2016.06.19_00_01_30_TAI.magnetogram_processed.npy;hmi.m_45s.2016.06.21_00_01_30_TAI.magnetogram_processed.npy;hmi.m_45s.2016.06.25_00_01_30_TAI.magnetogram_processed.npy;hmi.m_45s.2016.06.28_00_01_30_TAI.magnetogram_processed.npy;hmi.m_45s.2016.06.29_00_01_30_TAI.magnetogram_processed.npy
2016-06-28,2016-07-07,9.0,0.025576353073120117,1,hmi.m_45s.2016.06.28_00_01_30_TAI.magnetogram_processed.npy;hmi.m_45s.2016.06.29_00_01_30_TAI.magnetogram_processed.npy;hmi.m_45s.2016.07.05_00_01_30_TAI.magnetogram_processed.npy;hmi.m_45s.2016.07.06_00_01_30_TAI.magnetogram_processed.npy;hmi.m_45s.2016.07.07_00_01_30_TAI.magnetogram_processed.npy
2016-07-17,2016-07-24,7.0,-0.27623772621154785,3,hmi.m_45s.2016.07.17_00_01_30_TAI.magnetogram_processed.npy;hmi.m_45s.2016.07.18_00_01_30_TAI.magnetogram_processed.npy;hmi.m_45s.2016.07.21_00_01_30_TAI.magnetogram_processed.npy;hmi.m_45s.2016.07.22_00_01_30_TAI.magnetogram_processed.npy;hmi.m_45s.2016.07.24_00_01_30_TAI.magnetogram_processed.npy
2016-07-18,2016-07-27,9.0,-0.28370022773742676,4,hmi.m_45s.2016.07.18_00_01_30_TAI.magnetogram_processed.npy;hmi.m_45s.2016.07.21_00_01_30_TAI.magnetogram_processed.npy;hmi.m_45s.2016.07.22_00_01_30_TAI.magnetogram_processed.npy;hmi.m_45s.2016.07.24_00_01_30_TAI.magnetogram_processed.npy;hmi.m_45s.2016.07.27_00_01_30_TAI.magnetogram_processed.npy
2016-07-21,2016-07-29,8.0,-0.11746883392333984,3,hmi.m_45s.2016.07.21_00_01_30_TAI.magnetogram_processed.npy;hmi.m_45s.2016.07.22_00_01_30_TAI.magnetogram_processed.npy;hmi.m_45s.2016.07.24_00_01_30_TAI.magnetogram_processed.npy;hmi.m_45s.2016.07.27_00_01_30_TAI.magnetogram_processed.npy;hmi.m_45s.2016.07.29_00_01_30_TAI.magnetogram_processed.npy
2016-07-22,2016-07-30,8.0,-0.03262758255004883,2,hmi.m_45s.2016.07.22_00_01_30_TAI.magnetogram_processed.npy;hmi.m_45s.2016.07.24_00_01_30_TAI.magnetogram_processed.npy;hmi.m_45s.2016.07.27_00_01_30_TAI.magnetogram_processed.npy;hmi.m_45s.2016.07.29_00_01_30_TAI.magnetogram_processed.npy;hmi.m_45s.2016.07.30_00_01_30_TAI.magnetogram_processed.npy
2016-07-24,2016-08-01,8.0,0.046885013580322266,2,hmi.m_45s.2016.07.24_00_01_30_TAI.magnetogram_processed.npy;hmi.m_45s.2016.07.27_00_01_30_TAI.magnetogram_processed.npy;hmi.m_45s.2016.07.29_00_01_30_TAI.magnetogram_processed.npy;hmi.m_45s.2016.07.30_00_01_30_TAI.magnetogram_processed.npy;hmi.m_45s.2016.08.01_00_01_30_TAI.magnetogram_processed.npy
2016-07-27,2016-08-02,6.0,0.039887428283691406,2,hmi.m_45s.2016.07.27_00_01_30_TAI.magnetogram_processed.npy;hmi.m_45s.2016.07.29_00_01_30_TAI.magnetogram_processed.npy;hmi.m_45s.2016.07.30_00_01_30_TAI.magnetogram_processed.npy;hmi.m_45s.2016.08.01_00_01_30_TAI.magnetogram_processed.npy;hmi.m_45s.2016.08.02_00_01_30_TAI.magnetogram_processed.npy
2016-07-29,2016-08-06,8.0,0.024616718292236328,2,hmi.m_45s.2016.07.29_00_01_30_TAI.magnetogram_processed.npy;hmi.m_45s.2016.07.30_00_01_30_TAI.magnetogram_processed.npy;hmi.m_45s.2016.08.01_00_01_30_TAI.magnetogram_processed.npy;hmi.m_45s.2016.08.02_00_01_30_TAI.magnetogram_processed.npy;hmi.m_45s.2016.08.06_00_01_30_TAI.magnetogram_processed.npy
2016-07-30,2016-08-07,8.0,0.023859739303588867,2,hmi.m_45s.2016.07.30_00_01_30_TAI.magnetogram_processed.npy;hmi.m_45s.2016.08.01_00_01_30_TAI.magnetogram_processed.npy;hmi.m_45s.2016.08.02_00_01_30_TAI.magnetogram_processed.npy;hmi.m_45s.2016.08.06_00_01_30_TAI.magnetogram_processed.npy;hmi.m_45s.2016.08.07_00_01_30_TAI.magnetogram_processed.npy
2016-08-17,2016-08-25,8.0,-0.020802021026611328,2,hmi.m_45s.2016.08.17_00_01_30_TAI.magnetogram_processed.npy;hmi.m_45s.2016.08.18_00_01_30_TAI.magnetogram_processed.npy;hmi.m_45s.2016.08.22_00_01_30_TAI.magnetogram_processed.npy;hmi.m_45s.2016.08.24_00_01_30_TAI.magnetogram_processed.npy;hmi.m_45s.2016.08.25_00_01_30_TAI.magnetogram_processed.npy
2016-08-18,2016-08-28,10.0,0.10001063346862815,1,hmi.m_45s.2016.08.18_00_01_30_TAI.magnetogram_processed.npy;hmi.m_45s.2016.08.22_00_01_30_TAI.magnetogram_processed.npy;hmi.m_45s.2016.08.24_00_01_30_TAI.magnetogram_processed.npy;hmi.m_45s.2016.08.25_00_01_30_TAI.magnetogram_processed.npy;hmi.m_45s.2016.08.28_00_01_30_TAI.magnetogram_processed.npy
2016-08-22,2016-08-30,8.0,0.1106441020965574,1,hmi.m_45s.2016.08.22_00_01_30_TAI.magnetogram_processed.npy;hmi.m_45s.2016.08.24_00_01_30_TAI.magnetogram_processed.npy;hmi.m_45s.2016.08.25_00_01_30_TAI.magnetogram_processed.npy;hmi.m_45s.2016.08.28_00_01_30_TAI.magnetogram_processed.npy;hmi.m_45s.2016.08.30_00_01_30_TAI.magnetogram_processed.npy
2016-08-24,2016-08-31,7.0,0.06303191184997536,2,hmi.m_45s.2016.08.24_00_01_30_TAI.magnetogram_processed.npy;hmi.m_45s.2016.08.25_00_01_30_TAI.magnetogram_processed.npy;hmi.m_45s.2016.08.28_00_01_30_TAI.magnetogram_processed.npy;hmi.m_45s.2016.08.30_00_01_30_TAI.magnetogram_processed.npy;hmi.m_45s.2016.08.31_00_01_30_TAI.magnetogram_processed.npy
2016-08-25,2016-09-01,7.0,0.060927867889404075,2,hmi.m_45s.2016.08.25_00_01_30_TAI.magnetogram_processed.npy;hmi.m_45s.2016.08.28_00_01_30_TAI.magnetogram_processed.npy;hmi.m_45s.2016.08.30_00_01_30_TAI.magnetogram_processed.npy;hmi.m_45s.2016.08.31_00_01_30_TAI.magnetogram_processed.npy;hmi.m_45s.2016.09.01_00_01_30_TAI.magnetogram_processed.npy
2016-09-10,2016-09-19,9.0,-0.11785626411437988,2,hmi.m_45s.2016.09.10_00_01_30_TAI.magnetogram_processed.npy;hmi.m_45s.2016.09.15_00_01_30_TAI.magnetogram_processed.npy;hmi.m_45s.2016.09.17_00_01_30_TAI.magnetogram_processed.npy;hmi.m_45s.2016.09.18_00_01_30_TAI.magnetogram_processed.npy;hmi.m_45s.2016.09.19_00_01_30_TAI.magnetogram_processed.npy
2016-09-15,2016-09-25,10.0,0.027555227279662864,2,hmi.m_45s.2016.09.15_00_01_30_TAI.magnetogram_processed.npy;hmi.m_45s.2016.09.17_00_01_30_TAI.magnetogram_processed.npy;hmi.m_45s.2016.09.18_00_01_30_TAI.magnetogram_processed.npy;hmi.m_45s.2016.09.19_00_01_30_TAI.magnetogram_processed.npy;hmi.m_45s.2016.09.25_00_01_30_TAI.magnetogram_processed.npy
2016-09-17,2016-09-26,9.0,0.02446770668029785,2,hmi.m_45s.2016.09.17_00_01_30_TAI.magnetogram_processed.npy;hmi.m_45s.2016.09.18_00_01_30_TAI.magnetogram_processed.npy;hmi.m_45s.2016.09.19_00_01_30_TAI.magnetogram_processed.npy;hmi.m_45s.2016.09.25_00_01_30_TAI.magnetogram_processed.npy;hmi.m_45s.2016.09.26_00_01_30_TAI.magnetogram_processed.npy
2016-09-18,2016-09-27,9.0,0.0019609928131103516,3,hmi.m_45s.2016.09.18_00_01_30_TAI.magnetogram_processed.npy;hmi.m_45s.2016.09.19_00_01_30_TAI.magnetogram_processed.npy;hmi.m_45s.2016.09.25_00_01_30_TAI.magnetogram_processed.npy;hmi.m_45s.2016.09.26_00_01_30_TAI.magnetogram_processed.npy;hmi.m_45s.2016.09.27_00_01_30_TAI.magnetogram_processed.npy
2016-09-19,2016-09-28,9.0,-0.03162026405334473,3,hmi.m_45s.2016.09.19_00_01_30_TAI.magnetogram_processed.npy;hmi.m_45s.2016.09.25_00_01_30_TAI.magnetogram_processed.npy;hmi.m_45s.2016.09.26_00_01_30_TAI.magnetogram_processed.npy;hmi.m_45s.2016.09.27_00_01_30_TAI.magnetogram_processed.npy;hmi.m_45s.2016.09.28_00_01_30_TAI.magnetogram_processed.npy
2016-09-25,2016-10-01,6.0,-0.05417466163635232,3,hmi.m_45s.2016.09.25_00_01_30_TAI.magnetogram_processed.npy;hmi.m_45s.2016.09.26_00_01_30_TAI.magnetogram_processed.npy;hmi.m_45s.2016.09.27_00_01_30_TAI.magnetogram_processed.npy;hmi.m_45s.2016.09.28_00_01_30_TAI.magnetogram_processed.npy;hmi.m_45s.2016.10.01_00_01_30_TAI.magnetogram_processed.npy
2016-09-26,2016-10-03,7.0,0.013506412506103516,2,hmi.m_45s.2016.09.26_00_01_30_TAI.magnetogram_processed.npy;hmi.m_45s.2016.09.27_00_01_30_TAI.magnetogram_processed.npy;hmi.m_45s.2016.09.28_00_01_30_TAI.magnetogram_processed.npy;hmi.m_45s.2016.10.01_00_01_30_TAI.magnetogram_processed.npy;hmi.m_45s.2016.10.03_00_01_30_TAI.magnetogram_processed.npy
2016-09-27,2016-10-04,7.0,0.06374120712280273,1,hmi.m_45s.2016.09.27_00_01_30_TAI.magnetogram_processed.npy;hmi.m_45s.2016.09.28_00_01_30_TAI.magnetogram_processed.npy;hmi.m_45s.2016.10.01_00_01_30_TAI.magnetogram_processed.npy;hmi.m_45s.2016.10.03_00_01_30_TAI.magnetogram_processed.npy;hmi.m_45s.2016.10.04_00_01_30_TAI.magnetogram_processed.npy
2016-09-28,2016-10-05,7.0,0.08332133293151855,1,hmi.m_45s.2016.09.28_00_01_30_TAI.magnetogram_processed.npy;hmi.m_45s.2016.10.01_00_01_30_TAI.magnetogram_processed.npy;hmi.m_45s.2016.10.03_00_01_30_TAI.magnetogram_processed.npy;hmi.m_45s.2016.10.04_00_01_30_TAI.magnetogram_processed.npy;hmi.m_45s.2016.10.05_00_01_30_TAI.magnetogram_processed.npy
2016-10-01,2016-10-09,8.0,0.21826624870300293,0,hmi.m_45s.2016.10.01_00_01_30_TAI.magnetogram_processed.npy;hmi.m_45s.2016.10.03_00_01_30_TAI.magnetogram_processed.npy;hmi.m_45s.2016.10.04_00_01_30_TAI.magnetogram_processed.npy;hmi.m_45s.2016.10.05_00_01_30_TAI.magnetogram_processed.npy;hmi.m_45s.2016.10.09_00_01_30_TAI.magnetogram_processed.npy
2016-10-03,2016-10-10,7.0,0.1395106315612793,1,hmi.m_45s.2016.10.03_00_01_30_TAI.magnetogram_processed.npy;hmi.m_45s.2016.10.04_00_01_30_TAI.magnetogram_processed.npy;hmi.m_45s.2016.10.05_00_01_30_TAI.magnetogram_processed.npy;hmi.m_45s.2016.10.09_00_01_30_TAI.magnetogram_processed.npy;hmi.m_45s.2016.10.10_00_01_30_TAI.magnetogram_processed.npy
2016-10-04,2016-10-12,8.0,-0.034248828887939675,2,hmi.m_45s.2016.10.04_00_01_30_TAI.magnetogram_processed.npy;hmi.m_45s.2016.10.05_00_01_30_TAI.magnetogram_processed.npy;hmi.m_45s.2016.10.09_00_01_30_TAI.magnetogram_processed.npy;hmi.m_45s.2016.10.10_00_01_30_TAI.magnetogram_processed.npy;hmi.m_45s.2016.10.12_00_01_30_TAI.magnetogram_processed.npy
2016-10-05,2016-10-13,8.0,-0.0894010066986084,3,hmi.m_45s.2016.10.05_00_01_30_TAI.magnetogram_processed.npy;hmi.m_45s.2016.10.09_00_01_30_TAI.magnetogram_processed.npy;hmi.m_45s.2016.10.10_00_01_30_TAI.magnetogram_processed.npy;hmi.m_45s.2016.10.12_00_01_30_TAI.magnetogram_processed.npy;hmi.m_45s.2016.10.13_00_01_30_TAI.magnetogram_processed.npy
2016-10-09,2016-10-14,5.0,-0.2083122730255127,4,hmi.m_45s.2016.10.09_00_01_30_TAI.magnetogram_processed.npy;hmi.m_45s.2016.10.10_00_01_30_TAI.magnetogram_processed.npy;hmi.m_45s.2016.10.12_00_01_30_TAI.magnetogram_processed.npy;hmi.m_45s.2016.10.13_00_01_30_TAI.magnetogram_processed.npy;hmi.m_45s.2016.10.14_00_01_30_TAI.magnetogram_processed.npy
2016-10-10,2016-10-15,5.0,-0.2038717269897461,4,hmi.m_45s.2016.10.10_00_01_30_TAI.magnetogram_processed.npy;hmi.m_45s.2016.10.12_00_01_30_TAI.magnetogram_processed.npy;hmi.m_45s.2016.10.13_00_01_30_TAI.magnetogram_processed.npy;hmi.m_45s.2016.10.14_00_01_30_TAI.magnetogram_processed.npy;hmi.m_45s.2016.10.15_00_01_30_TAI.magnetogram_processed.npy
2016-10-12,2016-10-17,5.0,-0.06902813911437944,3,hmi.m_45s.2016.10.12_00_01_30_TAI.magnetogram_processed.npy;hmi.m_45s.2016.10.13_00_01_30_TAI.magnetogram_processed.npy;hmi.m_45s.2016.10.14_00_01_30_TAI.magnetogram_processed.npy;hmi.m_45s.2016.10.15_00_01_30_TAI.magnetogram_processed.npy;hmi.m_45s.2016.10.17_00_01_30_TAI.magnetogram_processed.npy
2016-10-13,2016-10-18,5.0,-0.03876686096191384,3,hmi.m_45s.2016.10.13_00_01_30_TAI.magnetogram_processed.npy;hmi.m_45s.2016.10.14_00_01_30_TAI.magnetogram_processed.npy;hmi.m_45s.2016.10.15_00_01_30_TAI.magnetogram_processed.npy;hmi.m_45s.2016.10.17_00_01_30_TAI.magnetogram_processed.npy;hmi.m_45s.2016.10.18_00_01_30_TAI.magnetogram_processed.npy
2016-10-14,2016-10-23,9.0,-0.07217526435852051,3,hmi.m_45s.2016.10.14_00_01_30_TAI.magnetogram_processed.npy;hmi.m_45s.2016.10.15_00_01_30_TAI.magnetogram_processed.npy;hmi.m_45s.2016.10.17_00_01_30_TAI.magnetogram_processed.npy;hmi.m_45s.2016.10.18_00_01_30_TAI.magnetogram_processed.npy;hmi.m_45s.2016.10.23_00_01_30_TAI.magnetogram_processed.npy
2016-11-05,2016-11-13,8.0,-0.07700920104980491,3,hmi.m_45s.2016.11.05_00_01_30_TAI.magnetogram_processed.npy;hmi.m_45s.2016.11.07_00_01_30_TAI.magnetogram_processed.npy;hmi.m_45s.2016.11.08_00_01_30_TAI.magnetogram_processed.npy;hmi.m_45s.2016.11.12_00_01_30_TAI.magnetogram_processed.npy;hmi.m_45s.2016.11.13_00_01_30_TAI.magnetogram_processed.npy
2016-11-07,2016-11-14,7.0,0.06160140037536643,2,hmi.m_45s.2016.11.07_00_01_30_TAI.magnetogram_processed.npy;hmi.m_45s.2016.11.08_00_01_30_TAI.magnetogram_processed.npy;hmi.m_45s.2016.11.12_00_01_30_TAI.magnetogram_processed.npy;hmi.m_45s.2016.11.13_00_01_30_TAI.magnetogram_processed.npy;hmi.m_45s.2016.11.14_00_01_30_TAI.magnetogram_processed.npy
2016-11-08,2016-11-15,7.0,0.11529922485351585,1,hmi.m_45s.2016.11.08_00_01_30_TAI.magnetogram_processed.npy;hmi.m_45s.2016.11.12_00_01_30_TAI.magnetogram_processed.npy;hmi.m_45s.2016.11.13_00_01_30_TAI.magnetogram_processed.npy;hmi.m_45s.2016.11.14_00_01_30_TAI.magnetogram_processed.npy;hmi.m_45s.2016.11.15_00_01_30_TAI.magnetogram_processed.npy
2016-11-12,2016-11-18,6.0,0.13414025306701638,1,hmi.m_45s.2016.11.12_00_01_30_TAI.magnetogram_processed.npy;hmi.m_45s.2016.11.13_00_01_30_TAI.magnetogram_processed.npy;hmi.m_45s.2016.11.14_00_01_30_TAI.magnetogram_processed.npy;hmi.m_45s.2016.11.15_00_01_30_TAI.magnetogram_processed.npy;hmi.m_45s.2016.11.18_00_01_30_TAI.magnetogram_processed.npy
2016-11-13,2016-11-20,7.0,0.05754828453063965,2,hmi.m_45s.2016.11.13_00_01_30_TAI.magnetogram_processed.npy;hmi.m_45s.2016.11.14_00_01_30_TAI.magnetogram_processed.npy;hmi.m_45s.2016.11.15_00_01_30_TAI.magnetogram_processed.npy;hmi.m_45s.2016.11.18_00_01_30_TAI.magnetogram_processed.npy;hmi.m_45s.2016.11.20_00_01_30_TAI.magnetogram_processed.npy
2016-11-14,2016-11-23,9.0,-0.07492899894714378,3,hmi.m_45s.2016.11.14_00_01_30_TAI.magnetogram_processed.npy;hmi.m_45s.2016.11.15_00_01_30_TAI.magnetogram_processed.npy;hmi.m_45s.2016.11.18_00_01_30_TAI.magnetogram_processed.npy;hmi.m_45s.2016.11.20_00_01_30_TAI.magnetogram_processed.npy;hmi.m_45s.2016.11.23_00_01_30_TAI.magnetogram_processed.npy
2016-11-20,2016-11-30,10.0,0.36818385124206565,1,hmi.m_45s.2016.11.20_00_01_30_TAI.magnetogram_processed.npy;hmi.m_45s.2016.11.23_00_01_30_TAI.magnetogram_processed.npy;hmi.m_45s.2016.11.26_00_01_30_TAI.magnetogram_processed.npy;hmi.m_45s.2016.11.29_00_01_30_TAI.magnetogram_processed.npy;hmi.m_45s.2016.11.30_00_01_30_TAI.magnetogram_processed.npy
2016-11-23,2016-12-01,8.0,0.3890573978424072,1,hmi.m_45s.2016.11.23_00_01_30_TAI.magnetogram_processed.npy;hmi.m_45s.2016.11.26_00_01_30_TAI.magnetogram_processed.npy;hmi.m_45s.2016.11.29_00_01_30_TAI.magnetogram_processed.npy;hmi.m_45s.2016.11.30_00_01_30_TAI.magnetogram_processed.npy;hmi.m_45s.2016.12.01_00_01_30_TAI.magnetogram_processed.npy
2016-11-26,2016-12-04,8.0,-0.0821232795715332,2,hmi.m_45s.2016.11.26_00_01_30_TAI.magnetogram_processed.npy;hmi.m_45s.2016.11.29_00_01_30_TAI.magnetogram_processed.npy;hmi.m_45s.2016.11.30_00_01_30_TAI.magnetogram_processed.npy;hmi.m_45s.2016.12.01_00_01_30_TAI.magnetogram_processed.npy;hmi.m_45s.2016.12.04_00_01_30_TAI.magnetogram_processed.npy
2016-11-29,2016-12-07,8.0,-0.337749719619751,3,hmi.m_45s.2016.11.29_00_01_30_TAI.magnetogram_processed.npy;hmi.m_45s.2016.11.30_00_01_30_TAI.magnetogram_processed.npy;hmi.m_45s.2016.12.01_00_01_30_TAI.magnetogram_processed.npy;hmi.m_45s.2016.12.04_00_01_30_TAI.magnetogram_processed.npy;hmi.m_45s.2016.12.07_00_01_30_TAI.magnetogram_processed.npy
2016-12-25,2017-01-03,8.999988425925926,-0.24729967117309593,4,hmi.m_45s.2016.12.25_00_01_30_TAI.magnetogram_processed.npy;hmi.m_45s.2016.12.26_00_01_30_TAI.magnetogram_processed.npy;hmi.m_45s.2016.12.30_00_01_30_TAI.magnetogram_processed.npy;hmi.m_45s.2016.12.31_00_01_30_TAI.magnetogram_processed.npy;hmi.m_45s.2017.01.03_00_01_30_TAI.magnetogram_processed.npy
2016-12-26,2017-01-04,8.999988425925926,-0.16011595726013184,3,hmi.m_45s.2016.12.26_00_01_30_TAI.magnetogram_processed.npy;hmi.m_45s.2016.12.30_00_01_30_TAI.magnetogram_processed.npy;hmi.m_45s.2016.12.31_00_01_30_TAI.magnetogram_processed.npy;hmi.m_45s.2017.01.03_00_01_30_TAI.magnetogram_processed.npy;hmi.m_45s.2017.01.04_00_01_30_TAI.magnetogram_processed.npy
2016-12-30,2017-01-05,5.999988425925926,-0.15242695808410645,3,hmi.m_45s.2016.12.30_00_01_30_TAI.magnetogram_processed.npy;hmi.m_45s.2016.12.31_00_01_30_TAI.magnetogram_processed.npy;hmi.m_45s.2017.01.03_00_01_30_TAI.magnetogram_processed.npy;hmi.m_45s.2017.01.04_00_01_30_TAI.magnetogram_processed.npy;hmi.m_45s.2017.01.05_00_01_30_TAI.magnetogram_processed.npy
2016-12-31,2017-01-07,6.999988425925926,0.043964385986328125,2,hmi.m_45s.2016.12.31_00_01_30_TAI.magnetogram_processed.npy;hmi.m_45s.2017.01.03_00_01_30_TAI.magnetogram_processed.npy;hmi.m_45s.2017.01.04_00_01_30_TAI.magnetogram_processed.npy;hmi.m_45s.2017.01.05_00_01_30_TAI.magnetogram_processed.npy;hmi.m_45s.2017.01.07_00_01_30_TAI.magnetogram_processed.npy
2017-01-03,2017-01-09,6.0,0.24704933166503928,1,hmi.m_45s.2017.01.03_00_01_30_TAI.magnetogram_processed.npy;hmi.m_45s.2017.01.04_00_01_30_TAI.magnetogram_processed.npy;hmi.m_45s.2017.01.05_00_01_30_TAI.magnetogram_processed.npy;hmi.m_45s.2017.01.07_00_01_30_TAI.magnetogram_processed.npy;hmi.m_45s.2017.01.09_00_01_30_TAI.magnetogram_processed.npy
2017-01-04,2017-01-13,9.0,0.07225275039672852,2,hmi.m_45s.2017.01.04_00_01_30_TAI.magnetogram_processed.npy;hmi.m_45s.2017.01.05_00_01_30_TAI.magnetogram_processed.npy;hmi.m_45s.2017.01.07_00_01_30_TAI.magnetogram_processed.npy;hmi.m_45s.2017.01.09_00_01_30_TAI.magnetogram_processed.npy;hmi.m_45s.2017.01.13_00_01_30_TAI.magnetogram_processed.npy
2017-01-07,2017-01-17,10.0,-0.05645155906677246,1,hmi.m_45s.2017.01.07_00_01_30_TAI.magnetogram_processed.npy;hmi.m_45s.2017.01.09_00_01_30_TAI.magnetogram_processed.npy;hmi.m_45s.2017.01.13_00_01_30_TAI.magnetogram_processed.npy;hmi.m_45s.2017.01.16_00_01_30_TAI.magnetogram_processed.npy;hmi.m_45s.2017.01.17_00_01_30_TAI.magnetogram_processed.npy
2017-01-09,2017-01-19,10.0,-0.10593533515930176,1,hmi.m_45s.2017.01.09_00_01_30_TAI.magnetogram_processed.npy;hmi.m_45s.2017.01.13_00_01_30_TAI.magnetogram_processed.npy;hmi.m_45s.2017.01.16_00_01_30_TAI.magnetogram_processed.npy;hmi.m_45s.2017.01.17_00_01_30_TAI.magnetogram_processed.npy;hmi.m_45s.2017.01.19_00_01_30_TAI.magnetogram_processed.npy
2017-01-13,2017-01-20,7.0,0.07753372192382812,0,hmi.m_45s.2017.01.13_00_01_30_TAI.magnetogram_processed.npy;hmi.m_45s.2017.01.16_00_01_30_TAI.magnetogram_processed.npy;hmi.m_45s.2017.01.17_00_01_30_TAI.magnetogram_processed.npy;hmi.m_45s.2017.01.19_00_01_30_TAI.magnetogram_processed.npy;hmi.m_45s.2017.01.20_00_01_30_TAI.magnetogram_processed.npy
2017-01-16,2017-01-22,6.0,0.12074708938598633,0,hmi.m_45s.2017.01.16_00_01_30_TAI.magnetogram_processed.npy;hmi.m_45s.2017.01.17_00_01_30_TAI.magnetogram_processed.npy;hmi.m_45s.2017.01.19_00_01_30_TAI.magnetogram_processed.npy;hmi.m_45s.2017.01.20_00_01_30_TAI.magnetogram_processed.npy;hmi.m_45s.2017.01.22_00_01_30_TAI.magnetogram_processed.npy
2017-01-17,2017-01-23,6.0,0.11509060859680176,0,hmi.m_45s.2017.01.17_00_01_30_TAI.magnetogram_processed.npy;hmi.m_45s.2017.01.19_00_01_30_TAI.magnetogram_processed.npy;hmi.m_45s.2017.01.20_00_01_30_TAI.magnetogram_processed.npy;hmi.m_45s.2017.01.22_00_01_30_TAI.magnetogram_processed.npy;hmi.m_45s.2017.01.23_00_01_30_TAI.magnetogram_processed.npy
2017-01-19,2017-01-25,6.0,0.08889436721801758,0,hmi.m_45s.2017.01.19_00_01_30_TAI.magnetogram_processed.npy;hmi.m_45s.2017.01.20_00_01_30_TAI.magnetogram_processed.npy;hmi.m_45s.2017.01.22_00_01_30_TAI.magnetogram_processed.npy;hmi.m_45s.2017.01.23_00_01_30_TAI.magnetogram_processed.npy;hmi.m_45s.2017.01.25_00_01_30_TAI.magnetogram_processed.npy
2017-01-20,2017-01-28,8.0,0.036460161209106445,1,hmi.m_45s.2017.01.20_00_01_30_TAI.magnetogram_processed.npy;hmi.m_45s.2017.01.22_00_01_30_TAI.magnetogram_processed.npy;hmi.m_45s.2017.01.23_00_01_30_TAI.magnetogram_processed.npy;hmi.m_45s.2017.01.25_00_01_30_TAI.magnetogram_processed.npy;hmi.m_45s.2017.01.28_00_01_30_TAI.magnetogram_processed.npy
2017-01-22,2017-01-31,9.0,-0.040787458419799805,2,hmi.m_45s.2017.01.22_00_01_30_TAI.magnetogram_processed.npy;hmi.m_45s.2017.01.23_00_01_30_TAI.magnetogram_processed.npy;hmi.m_45s.2017.01.25_00_01_30_TAI.magnetogram_processed.npy;hmi.m_45s.2017.01.28_00_01_30_TAI.magnetogram_processed.npy;hmi.m_45s.2017.01.31_00_01_30_TAI.magnetogram_processed.npy
2017-01-23,2017-02-01,9.0,-0.07863044738769553,3,hmi.m_45s.2017.01.23_00_01_30_TAI.magnetogram_processed.npy;hmi.m_45s.2017.01.25_00_01_30_TAI.magnetogram_processed.npy;hmi.m_45s.2017.01.28_00_01_30_TAI.magnetogram_processed.npy;hmi.m_45s.2017.01.31_00_01_30_TAI.magnetogram_processed.npy;hmi.m_45s.2017.02.01_00_01_30_TAI.magnetogram_processed.npy
2017-01-25,2017-02-02,8.0,0.024032592773437278,3,hmi.m_45s.2017.01.25_00_01_30_TAI.magnetogram_processed.npy;hmi.m_45s.2017.01.28_00_01_30_TAI.magnetogram_processed.npy;hmi.m_45s.2017.01.31_00_01_30_TAI.magnetogram_processed.npy;hmi.m_45s.2017.02.01_00_01_30_TAI.magnetogram_processed.npy;hmi.m_45s.2017.02.02_00_01_30_TAI.magnetogram_processed.npy
2017-01-28,2017-02-04,7.0,-0.029468536376953347,3,hmi.m_45s.2017.01.28_00_01_30_TAI.magnetogram_processed.npy;hmi.m_45s.2017.01.31_00_01_30_TAI.magnetogram_processed.npy;hmi.m_45s.2017.02.01_00_01_30_TAI.magnetogram_processed.npy;hmi.m_45s.2017.02.02_00_01_30_TAI.magnetogram_processed.npy;hmi.m_45s.2017.02.04_00_01_30_TAI.magnetogram_processed.npy
2017-01-31,2017-02-05,5.0,-0.015044212341308594,3,hmi.m_45s.2017.01.31_00_01_30_TAI.magnetogram_processed.npy;hmi.m_45s.2017.02.01_00_01_30_TAI.magnetogram_processed.npy;hmi.m_45s.2017.02.02_00_01_30_TAI.magnetogram_processed.npy;hmi.m_45s.2017.02.04_00_01_30_TAI.magnetogram_processed.npy;hmi.m_45s.2017.02.05_00_01_30_TAI.magnetogram_processed.npy
2017-02-15,2017-02-22,7.0,0.08438229560852051,0,hmi.m_45s.2017.02.15_00_01_30_TAI.magnetogram_processed.npy;hmi.m_45s.2017.02.16_00_01_30_TAI.magnetogram_processed.npy;hmi.m_45s.2017.02.20_00_01_30_TAI.magnetogram_processed.npy;hmi.m_45s.2017.02.21_00_01_30_TAI.magnetogram_processed.npy;hmi.m_45s.2017.02.22_00_01_30_TAI.magnetogram_processed.npy
2017-02-16,2017-02-24,8.0,0.10330080986022949,0,hmi.m_45s.2017.02.16_00_01_30_TAI.magnetogram_processed.npy;hmi.m_45s.2017.02.20_00_01_30_TAI.magnetogram_processed.npy;hmi.m_45s.2017.02.21_00_01_30_TAI.magnetogram_processed.npy;hmi.m_45s.2017.02.22_00_01_30_TAI.magnetogram_processed.npy;hmi.m_45s.2017.02.24_00_01_30_TAI.magnetogram_processed.npy
2017-02-20,2017-03-02,10.0,0.04799962043762229,1,hmi.m_45s.2017.02.20_00_01_30_TAI.magnetogram_processed.npy;hmi.m_45s.2017.02.21_00_01_30_TAI.magnetogram_processed.npy;hmi.m_45s.2017.02.22_00_01_30_TAI.magnetogram_processed.npy;hmi.m_45s.2017.02.24_00_01_30_TAI.magnetogram_processed.npy;hmi.m_45s.2017.03.02_00_01_30_TAI.magnetogram_processed.npy
2017-02-21,2017-03-03,10.0,0.08355975151062034,1,hmi.m_45s.2017.02.21_00_01_30_TAI.magnetogram_processed.npy;hmi.m_45s.2017.02.22_00_01_30_TAI.magnetogram_processed.npy;hmi.m_45s.2017.02.24_00_01_30_TAI.magnetogram_processed.npy;hmi.m_45s.2017.03.02_00_01_30_TAI.magnetogram_processed.npy;hmi.m_45s.2017.03.03_00_01_30_TAI.magnetogram_processed.npy
2017-03-09,2017-03-17,8.0,-0.011777877807616965,2,hmi.m_45s.2017.03.09_00_01_30_TAI.magnetogram_processed.npy;hmi.m_45s.2017.03.13_00_01_30_TAI.magnetogram_processed.npy;hmi.m_45s.2017.03.15_00_01_30_TAI.magnetogram_processed.npy;hmi.m_45s.2017.03.16_00_01_30_TAI.magnetogram_processed.npy;hmi.m_45s.2017.03.17_00_01_30_TAI.magnetogram_processed.npy
2017-03-13,2017-03-18,5.0,-0.020748376846313477,3,hmi.m_45s.2017.03.13_00_01_30_TAI.magnetogram_processed.npy;hmi.m_45s.2017.03.15_00_01_30_TAI.magnetogram_processed.npy;hmi.m_45s.2017.03.16_00_01_30_TAI.magnetogram_processed.npy;hmi.m_45s.2017.03.17_00_01_30_TAI.magnetogram_processed.npy;hmi.m_45s.2017.03.18_00_01_30_TAI.magnetogram_processed.npy
2017-03-15,2017-03-19,4.0,-0.0012159347534181908,2,hmi.m_45s.2017.03.15_00_01_30_TAI.magnetogram_processed.npy;hmi.m_45s.2017.03.16_00_01_30_TAI.magnetogram_processed.npy;hmi.m_45s.2017.03.17_00_01_30_TAI.magnetogram_processed.npy;hmi.m_45s.2017.03.18_00_01_30_TAI.magnetogram_processed.npy;hmi.m_45s.2017.03.19_00_01_30_TAI.magnetogram_processed.npy
2017-03-16,2017-03-20,4.0,-0.029689073562622292,3,hmi.m_45s.2017.03.16_00_01_30_TAI.magnetogram_processed.npy;hmi.m_45s.2017.03.17_00_01_30_TAI.magnetogram_processed.npy;hmi.m_45s.2017.03.18_00_01_30_TAI.magnetogram_processed.npy;hmi.m_45s.2017.03.19_00_01_30_TAI.magnetogram_processed.npy;hmi.m_45s.2017.03.20_00_01_30_TAI.magnetogram_processed.npy
2017-03-17,2017-03-21,4.0,0.0011980533599853516,3,hmi.m_45s.2017.03.17_00_01_30_TAI.magnetogram_processed.npy;hmi.m_45s.2017.03.18_00_01_30_TAI.magnetogram_processed.npy;hmi.m_45s.2017.03.19_00_01_30_TAI.magnetogram_processed.npy;hmi.m_45s.2017.03.20_00_01_30_TAI.magnetogram_processed.npy;hmi.m_45s.2017.03.21_00_01_30_TAI.magnetogram_processed.npy
2017-03-18,2017-03-22,4.0,0.0020563602447507545,3,hmi.m_45s.2017.03.18_00_01_30_TAI.magnetogram_processed.npy;hmi.m_45s.2017.03.19_00_01_30_TAI.magnetogram_processed.npy;hmi.m_45s.2017.03.20_00_01_30_TAI.magnetogram_processed.npy;hmi.m_45s.2017.03.21_00_01_30_TAI.magnetogram_processed.npy;hmi.m_45s.2017.03.22_00_01_30_TAI.magnetogram_processed.npy
2017-03-19,2017-03-26,7.0,0.10337233543396018,3,hmi.m_45s.2017.03.19_00_01_30_TAI.magnetogram_processed.npy;hmi.m_45s.2017.03.20_00_01_30_TAI.magnetogram_processed.npy;hmi.m_45s.2017.03.21_00_01_30_TAI.magnetogram_processed.npy;hmi.m_45s.2017.03.22_00_01_30_TAI.magnetogram_processed.npy;hmi.m_45s.2017.03.26_00_01_30_TAI.magnetogram_processed.npy
2017-03-20,2017-03-27,7.0,0.09560585021972678,3,hmi.m_45s.2017.03.20_00_01_30_TAI.magnetogram_processed.npy;hmi.m_45s.2017.03.21_00_01_30_TAI.magnetogram_processed.npy;hmi.m_45s.2017.03.22_00_01_30_TAI.magnetogram_processed.npy;hmi.m_45s.2017.03.26_00_01_30_TAI.magnetogram_processed.npy;hmi.m_45s.2017.03.27_00_01_30_TAI.magnetogram_processed.npy
2017-03-21,2017-03-28,7.0,0.05170702934265137,3,hmi.m_45s.2017.03.21_00_01_30_TAI.magnetogram_processed.npy;hmi.m_45s.2017.03.22_00_01_30_TAI.magnetogram_processed.npy;hmi.m_45s.2017.03.26_00_01_30_TAI.magnetogram_processed.npy;hmi.m_45s.2017.03.27_00_01_30_TAI.magnetogram_processed.npy;hmi.m_45s.2017.03.28_00_01_30_TAI.magnetogram_processed.npy
2017-03-22,2017-03-29,7.0,0.13997554779052757,2,hmi.m_45s.2017.03.22_00_01_30_TAI.magnetogram_processed.npy;hmi.m_45s.2017.03.26_00_01_30_TAI.magnetogram_processed.npy;hmi.m_45s.2017.03.27_00_01_30_TAI.magnetogram_processed.npy;hmi.m_45s.2017.03.28_00_01_30_TAI.magnetogram_processed.npy;hmi.m_45s.2017.03.29_00_01_30_TAI.magnetogram_processed.npy
2017-03-26,2017-03-30,4.0,0.038427114486694114,2,hmi.m_45s.2017.03.26_00_01_30_TAI.magnetogram_processed.npy;hmi.m_45s.2017.03.27_00_01_30_TAI.magnetogram_processed.npy;hmi.m_45s.2017.03.28_00_01_30_TAI.magnetogram_processed.npy;hmi.m_45s.2017.03.29_00_01_30_TAI.magnetogram_processed.npy;hmi.m_45s.2017.03.30_00_01_30_TAI.magnetogram_processed.npy
2017-03-27,2017-04-02,6.0,0.2635657787322998,1,hmi.m_45s.2017.03.27_00_01_30_TAI.magnetogram_processed.npy;hmi.m_45s.2017.03.28_00_01_30_TAI.magnetogram_processed.npy;hmi.m_45s.2017.03.29_00_01_30_TAI.magnetogram_processed.npy;hmi.m_45s.2017.03.30_00_01_30_TAI.magnetogram_processed.npy;hmi.m_45s.2017.04.02_00_01_30_TAI.magnetogram_processed.npy
2017-03-28,2017-04-07,10.0,-0.07157325744628906,1,hmi.m_45s.2017.03.28_00_01_30_TAI.magnetogram_processed.npy;hmi.m_45s.2017.03.29_00_01_30_TAI.magnetogram_processed.npy;hmi.m_45s.2017.03.30_00_01_30_TAI.magnetogram_processed.npy;hmi.m_45s.2017.04.02_00_01_30_TAI.magnetogram_processed.npy;hmi.m_45s.2017.04.07_00_01_30_TAI.magnetogram_processed.npy
2017-04-10,2017-04-19,9.0,-0.0816643238067627,3,hmi.m_45s.2017.04.10_00_01_30_TAI.magnetogram_processed.npy;hmi.m_45s.2017.04.11_00_01_30_TAI.magnetogram_processed.npy;hmi.m_45s.2017.04.17_00_01_30_TAI.magnetogram_processed.npy;hmi.m_45s.2017.04.18_00_01_30_TAI.magnetogram_processed.npy;hmi.m_45s.2017.04.19_00_01_30_TAI.magnetogram_processed.npy
2017-04-17,2017-04-23,6.0,0.12918114662170432,2,hmi.m_45s.2017.04.17_00_01_30_TAI.magnetogram_processed.npy;hmi.m_45s.2017.04.18_00_01_30_TAI.magnetogram_processed.npy;hmi.m_45s.2017.04.19_00_01_30_TAI.magnetogram_processed.npy;hmi.m_45s.2017.04.22_00_01_30_TAI.magnetogram_processed.npy;hmi.m_45s.2017.04.23_00_01_30_TAI.magnetogram_processed.npy
2017-04-18,2017-04-27,9.0,0.7938742637634277,1,hmi.m_45s.2017.04.18_00_01_30_TAI.magnetogram_processed.npy;hmi.m_45s.2017.04.19_00_01_30_TAI.magnetogram_processed.npy;hmi.m_45s.2017.04.22_00_01_30_TAI.magnetogram_processed.npy;hmi.m_45s.2017.04.23_00_01_30_TAI.magnetogram_processed.npy;hmi.m_45s.2017.04.27_00_01_30_TAI.magnetogram_processed.npy
2017-04-19,2017-04-29,10.0,0.35730600357055664,1,hmi.m_45s.2017.04.19_00_01_30_TAI.magnetogram_processed.npy;hmi.m_45s.2017.04.22_00_01_30_TAI.magnetogram_processed.npy;hmi.m_45s.2017.04.23_00_01_30_TAI.magnetogram_processed.npy;hmi.m_45s.2017.04.27_00_01_30_TAI.magnetogram_processed.npy;hmi.m_45s.2017.04.29_00_01_30_TAI.magnetogram_processed.npy
2017-05-21,2017-05-28,7.0,-0.20255446434021018,3,hmi.m_45s.2017.05.21_00_01_30_TAI.magnetogram_processed.npy;hmi.m_45s.2017.05.25_00_01_30_TAI.magnetogram_processed.npy;hmi.m_45s.2017.05.26_00_01_30_TAI.magnetogram_processed.npy;hmi.m_45s.2017.05.27_00_01_30_TAI.magnetogram_processed.npy;hmi.m_45s.2017.05.28_00_01_30_TAI.magnetogram_processed.npy
2017-05-25,2017-05-29,4.0,-0.29785633087158203,3,hmi.m_45s.2017.05.25_00_01_30_TAI.magnetogram_processed.npy;hmi.m_45s.2017.05.26_00_01_30_TAI.magnetogram_processed.npy;hmi.m_45s.2017.05.27_00_01_30_TAI.magnetogram_processed.npy;hmi.m_45s.2017.05.28_00_01_30_TAI.magnetogram_processed.npy;hmi.m_45s.2017.05.29_00_01_30_TAI.magnetogram_processed.npy
2017-05-26,2017-06-01,6.0,-0.2446293830871582,3,hmi.m_45s.2017.05.26_00_01_30_TAI.magnetogram_processed.npy;hmi.m_45s.2017.05.27_00_01_30_TAI.magnetogram_processed.npy;hmi.m_45s.2017.05.28_00_01_30_TAI.magnetogram_processed.npy;hmi.m_45s.2017.05.29_00_01_30_TAI.magnetogram_processed.npy;hmi.m_45s.2017.06.01_00_01_30_TAI.magnetogram_processed.npy
2017-05-27,2017-06-02,6.0,-0.19910931587219216,2,hmi.m_45s.2017.05.27_00_01_30_TAI.magnetogram_processed.npy;hmi.m_45s.2017.05.28_00_01_30_TAI.magnetogram_processed.npy;hmi.m_45s.2017.05.29_00_01_30_TAI.magnetogram_processed.npy;hmi.m_45s.2017.06.01_00_01_30_TAI.magnetogram_processed.npy;hmi.m_45s.2017.06.02_00_01_30_TAI.magnetogram_processed.npy
2017-05-28,2017-06-03,6.0,0.0035047531127929688,1,hmi.m_45s.2017.05.28_00_01_30_TAI.magnetogram_processed.npy;hmi.m_45s.2017.05.29_00_01_30_TAI.magnetogram_processed.npy;hmi.m_45s.2017.06.01_00_01_30_TAI.magnetogram_processed.npy;hmi.m_45s.2017.06.02_00_01_30_TAI.magnetogram_processed.npy;hmi.m_45s.2017.06.03_00_01_30_TAI.magnetogram_processed.npy
2017-05-29,2017-06-04,6.0,0.019377470016479492,1,hmi.m_45s.2017.05.29_00_01_30_TAI.magnetogram_processed.npy;hmi.m_45s.2017.06.01_00_01_30_TAI.magnetogram_processed.npy;hmi.m_45s.2017.06.02_00_01_30_TAI.magnetogram_processed.npy;hmi.m_45s.2017.06.03_00_01_30_TAI.magnetogram_processed.npy;hmi.m_45s.2017.06.04_00_01_30_TAI.magnetogram_processed.npy
2017-06-01,2017-06-05,4.0,0.029742717742919922,0,hmi.m_45s.2017.06.01_00_01_30_TAI.magnetogram_processed.npy;hmi.m_45s.2017.06.02_00_01_30_TAI.magnetogram_processed.npy;hmi.m_45s.2017.06.03_00_01_30_TAI.magnetogram_processed.npy;hmi.m_45s.2017.06.04_00_01_30_TAI.magnetogram_processed.npy;hmi.m_45s.2017.06.05_00_01_30_TAI.magnetogram_processed.npy
2017-06-02,2017-06-06,4.0,0.01810193061828591,1,hmi.m_45s.2017.06.02_00_01_30_TAI.magnetogram_processed.npy;hmi.m_45s.2017.06.03_00_01_30_TAI.magnetogram_processed.npy;hmi.m_45s.2017.06.04_00_01_30_TAI.magnetogram_processed.npy;hmi.m_45s.2017.06.05_00_01_30_TAI.magnetogram_processed.npy;hmi.m_45s.2017.06.06_00_01_30_TAI.magnetogram_processed.npy
2017-06-03,2017-06-07,4.0,0.027298927307128906,1,hmi.m_45s.2017.06.03_00_01_30_TAI.magnetogram_processed.npy;hmi.m_45s.2017.06.04_00_01_30_TAI.magnetogram_processed.npy;hmi.m_45s.2017.06.05_00_01_30_TAI.magnetogram_processed.npy;hmi.m_45s.2017.06.06_00_01_30_TAI.magnetogram_processed.npy;hmi.m_45s.2017.06.07_00_01_30_TAI.magnetogram_processed.npy
2017-06-04,2017-06-09,5.0,-0.010824203491210938,2,hmi.m_45s.2017.06.04_00_01_30_TAI.magnetogram_processed.npy;hmi.m_45s.2017.06.05_00_01_30_TAI.magnetogram_processed.npy;hmi.m_45s.2017.06.06_00_01_30_TAI.magnetogram_processed.npy;hmi.m_45s.2017.06.07_00_01_30_TAI.magnetogram_processed.npy;hmi.m_45s.2017.06.09_00_01_30_TAI.magnetogram_processed.npy
2017-06-05,2017-06-10,5.0,-0.0418543815612793,3,hmi.m_45s.2017.06.05_00_01_30_TAI.magnetogram_processed.npy;hmi.m_45s.2017.06.06_00_01_30_TAI.magnetogram_processed.npy;hmi.m_45s.2017.06.07_00_01_30_TAI.magnetogram_processed.npy;hmi.m_45s.2017.06.09_00_01_30_TAI.magnetogram_processed.npy;hmi.m_45s.2017.06.10_00_01_30_TAI.magnetogram_processed.npy
2017-06-06,2017-06-11,5.0,-0.061202049255371094,3,hmi.m_45s.2017.06.06_00_01_30_TAI.magnetogram_processed.npy;hmi.m_45s.2017.06.07_00_01_30_TAI.magnetogram_processed.npy;hmi.m_45s.2017.06.09_00_01_30_TAI.magnetogram_processed.npy;hmi.m_45s.2017.06.10_00_01_30_TAI.magnetogram_processed.npy;hmi.m_45s.2017.06.11_00_01_30_TAI.magnetogram_processed.npy
2017-06-07,2017-06-13,6.0,-0.09168386459350586,4,hmi.m_45s.2017.06.07_00_01_30_TAI.magnetogram_processed.npy;hmi.m_45s.2017.06.09_00_01_30_TAI.magnetogram_processed.npy;hmi.m_45s.2017.06.10_00_01_30_TAI.magnetogram_processed.npy;hmi.m_45s.2017.06.11_00_01_30_TAI.magnetogram_processed.npy;hmi.m_45s.2017.06.13_00_01_30_TAI.magnetogram_processed.npy
2017-06-09,2017-06-15,6.0,-0.02835988998413086,3,hmi.m_45s.2017.06.09_00_01_30_TAI.magnetogram_processed.npy;hmi.m_45s.2017.06.10_00_01_30_TAI.magnetogram_processed.npy;hmi.m_45s.2017.06.11_00_01_30_TAI.magnetogram_processed.npy;hmi.m_45s.2017.06.13_00_01_30_TAI.magnetogram_processed.npy;hmi.m_45s.2017.06.15_00_01_30_TAI.magnetogram_processed.npy
2017-06-10,2017-06-17,7.0,0.0632941722869873,2,hmi.m_45s.2017.06.10_00_01_30_TAI.magnetogram_processed.npy;hmi.m_45s.2017.06.11_00_01_30_TAI.magnetogram_processed.npy;hmi.m_45s.2017.06.13_00_01_30_TAI.magnetogram_processed.npy;hmi.m_45s.2017.06.15_00_01_30_TAI.magnetogram_processed.npy;hmi.m_45s.2017.06.17_00_01_30_TAI.magnetogram_processed.npy
2017-06-11,2017-06-19,8.0,0.1016378402709961,1,hmi.m_45s.2017.06.11_00_01_30_TAI.magnetogram_processed.npy;hmi.m_45s.2017.06.13_00_01_30_TAI.magnetogram_processed.npy;hmi.m_45s.2017.06.15_00_01_30_TAI.magnetogram_processed.npy;hmi.m_45s.2017.06.17_00_01_30_TAI.magnetogram_processed.npy;hmi.m_45s.2017.06.19_00_01_30_TAI.magnetogram_processed.npy
2017-06-13,2017-06-20,7.0,0.09349584579467773,1,hmi.m_45s.2017.06.13_00_01_30_TAI.magnetogram_processed.npy;hmi.m_45s.2017.06.15_00_01_30_TAI.magnetogram_processed.npy;hmi.m_45s.2017.06.17_00_01_30_TAI.magnetogram_processed.npy;hmi.m_45s.2017.06.19_00_01_30_TAI.magnetogram_processed.npy;hmi.m_45s.2017.06.20_00_01_30_TAI.magnetogram_processed.npy
2017-06-15,2017-06-21,6.0,0.03662705421447754,2,hmi.m_45s.2017.06.15_00_01_30_TAI.magnetogram_processed.npy;hmi.m_45s.2017.06.17_00_01_30_TAI.magnetogram_processed.npy;hmi.m_45s.2017.06.19_00_01_30_TAI.magnetogram_processed.npy;hmi.m_45s.2017.06.20_00_01_30_TAI.magnetogram_processed.npy;hmi.m_45s.2017.06.21_00_01_30_TAI.magnetogram_processed.npy
2017-06-17,2017-06-25,8.0,-0.07545351982116699,3,hmi.m_45s.2017.06.17_00_01_30_TAI.magnetogram_processed.npy;hmi.m_45s.2017.06.19_00_01_30_TAI.magnetogram_processed.npy;hmi.m_45s.2017.06.20_00_01_30_TAI.magnetogram_processed.npy;hmi.m_45s.2017.06.21_00_01_30_TAI.magnetogram_processed.npy;hmi.m_45s.2017.06.25_00_01_30_TAI.magnetogram_processed.npy
2017-06-19,2017-06-26,7.0,-0.0718235969543457,3,hmi.m_45s.2017.06.19_00_01_30_TAI.magnetogram_processed.npy;hmi.m_45s.2017.06.20_00_01_30_TAI.magnetogram_processed.npy;hmi.m_45s.2017.06.21_00_01_30_TAI.magnetogram_processed.npy;hmi.m_45s.2017.06.25_00_01_30_TAI.magnetogram_processed.npy;hmi.m_45s.2017.06.26_00_01_30_TAI.magnetogram_processed.npy
2017-06-20,2017-06-27,7.0,-0.03948211669921897,2,hmi.m_45s.2017.06.20_00_01_30_TAI.magnetogram_processed.npy;hmi.m_45s.2017.06.21_00_01_30_TAI.magnetogram_processed.npy;hmi.m_45s.2017.06.25_00_01_30_TAI.magnetogram_processed.npy;hmi.m_45s.2017.06.26_00_01_30_TAI.magnetogram_processed.npy;hmi.m_45s.2017.06.27_00_01_30_TAI.magnetogram_processed.npy
2017-06-21,2017-06-28,7.0,-0.031113624572753906,2,hmi.m_45s.2017.06.21_00_01_30_TAI.magnetogram_processed.npy;hmi.m_45s.2017.06.25_00_01_30_TAI.magnetogram_processed.npy;hmi.m_45s.2017.06.26_00_01_30_TAI.magnetogram_processed.npy;hmi.m_45s.2017.06.27_00_01_30_TAI.magnetogram_processed.npy;hmi.m_45s.2017.06.28_00_01_30_TAI.magnetogram_processed.npy
2017-06-25,2017-07-03,8.0,-0.016766786575317383,2,hmi.m_45s.2017.06.25_00_01_30_TAI.magnetogram_processed.npy;hmi.m_45s.2017.06.26_00_01_30_TAI.magnetogram_processed.npy;hmi.m_45s.2017.06.27_00_01_30_TAI.magnetogram_processed.npy;hmi.m_45s.2017.06.28_00_01_30_TAI.magnetogram_processed.npy;hmi.m_45s.2017.07.03_00_01_30_TAI.magnetogram_processed.npy
2017-06-26,2017-07-04,8.0,-0.038564205169677734,3,hmi.m_45s.2017.06.26_00_01_30_TAI.magnetogram_processed.npy;hmi.m_45s.2017.06.27_00_01_30_TAI.magnetogram_processed.npy;hmi.m_45s.2017.06.28_00_01_30_TAI.magnetogram_processed.npy;hmi.m_45s.2017.07.03_00_01_30_TAI.magnetogram_processed.npy;hmi.m_45s.2017.07.04_00_01_30_TAI.magnetogram_processed.npy
2017-06-27,2017-07-06,9.0,-0.02238154411315918,3,hmi.m_45s.2017.06.27_00_01_30_TAI.magnetogram_processed.npy;hmi.m_45s.2017.06.28_00_01_30_TAI.magnetogram_processed.npy;hmi.m_45s.2017.07.03_00_01_30_TAI.magnetogram_processed.npy;hmi.m_45s.2017.07.04_00_01_30_TAI.magnetogram_processed.npy;hmi.m_45s.2017.07.06_00_01_30_TAI.magnetogram_processed.npy
2017-06-28,2017-07-07,9.0,0.007647275924682617,2,hmi.m_45s.2017.06.28_00_01_30_TAI.magnetogram_processed.npy;hmi.m_45s.2017.07.03_00_01_30_TAI.magnetogram_processed.npy;hmi.m_45s.2017.07.04_00_01_30_TAI.magnetogram_processed.npy;hmi.m_45s.2017.07.06_00_01_30_TAI.magnetogram_processed.npy;hmi.m_45s.2017.07.07_00_01_30_TAI.magnetogram_processed.npy
2017-07-03,2017-07-12,9.0,0.1857280731201172,1,hmi.m_45s.2017.07.03_00_01_30_TAI.magnetogram_processed.npy;hmi.m_45s.2017.07.04_00_01_30_TAI.magnetogram_processed.npy;hmi.m_45s.2017.07.06_00_01_30_TAI.magnetogram_processed.npy;hmi.m_45s.2017.07.07_00_01_30_TAI.magnetogram_processed.npy;hmi.m_45s.2017.07.12_00_01_30_TAI.magnetogram_processed.npy
2017-07-26,2017-08-04,9.0,0.02022385597229004,1,hmi.m_45s.2017.07.26_00_01_30_TAI.magnetogram_processed.npy;hmi.m_45s.2017.07.28_00_01_30_TAI.magnetogram_processed.npy;hmi.m_45s.2017.08.02_00_01_30_TAI.magnetogram_processed.npy;hmi.m_45s.2017.08.03_00_01_30_TAI.magnetogram_processed.npy;hmi.m_45s.2017.08.04_00_01_30_TAI.magnetogram_processed.npy
2017-08-02,2017-08-09,7.0,0.093841552734375,1,hmi.m_45s.2017.08.02_00_01_30_TAI.magnetogram_processed.npy;hmi.m_45s.2017.08.03_00_01_30_TAI.magnetogram_processed.npy;hmi.m_45s.2017.08.04_00_01_30_TAI.magnetogram_processed.npy;hmi.m_45s.2017.08.08_00_01_30_TAI.magnetogram_processed.npy;hmi.m_45s.2017.08.09_00_01_30_TAI.magnetogram_processed.npy
2017-08-03,2017-08-10,7.0,0.08653402328491211,1,hmi.m_45s.2017.08.03_00_01_30_TAI.magnetogram_processed.npy;hmi.m_45s.2017.08.04_00_01_30_TAI.magnetogram_processed.npy;hmi.m_45s.2017.08.08_00_01_30_TAI.magnetogram_processed.npy;hmi.m_45s.2017.08.09_00_01_30_TAI.magnetogram_processed.npy;hmi.m_45s.2017.08.10_00_01_30_TAI.magnetogram_processed.npy
2017-08-04,2017-08-14,10.0,0.011765956878661887,2,hmi.m_45s.2017.08.04_00_01_30_TAI.magnetogram_processed.npy;hmi.m_45s.2017.08.08_00_01_30_TAI.magnetogram_processed.npy;hmi.m_45s.2017.08.09_00_01_30_TAI.magnetogram_processed.npy;hmi.m_45s.2017.08.10_00_01_30_TAI.magnetogram_processed.npy;hmi.m_45s.2017.08.14_00_01_30_TAI.magnetogram_processed.npy
2017-08-08,2017-08-15,7.0,-0.06811022758483887,3,hmi.m_45s.2017.08.08_00_01_30_TAI.magnetogram_processed.npy;hmi.m_45s.2017.08.09_00_01_30_TAI.magnetogram_processed.npy;hmi.m_45s.2017.08.10_00_01_30_TAI.magnetogram_processed.npy;hmi.m_45s.2017.08.14_00_01_30_TAI.magnetogram_processed.npy;hmi.m_45s.2017.08.15_00_01_30_TAI.magnetogram_processed.npy
2017-08-09,2017-08-16,7.0,-0.0376582145690918,2,hmi.m_45s.2017.08.09_00_01_30_TAI.magnetogram_processed.npy;hmi.m_45s.2017.08.10_00_01_30_TAI.magnetogram_processed.npy;hmi.m_45s.2017.08.14_00_01_30_TAI.magnetogram_processed.npy;hmi.m_45s.2017.08.15_00_01_30_TAI.magnetogram_processed.npy;hmi.m_45s.2017.08.16_00_01_30_TAI.magnetogram_processed.npy
2017-08-10,2017-08-18,8.0,0.018805265426635742,2,hmi.m_45s.2017.08.10_00_01_30_TAI.magnetogram_processed.npy;hmi.m_45s.2017.08.14_00_01_30_TAI.magnetogram_processed.npy;hmi.m_45s.2017.08.15_00_01_30_TAI.magnetogram_processed.npy;hmi.m_45s.2017.08.16_00_01_30_TAI.magnetogram_processed.npy;hmi.m_45s.2017.08.18_00_01_30_TAI.magnetogram_processed.npy
2017-08-14,2017-08-19,5.0,0.10321736335754417,1,hmi.m_45s.2017.08.14_00_01_30_TAI.magnetogram_processed.npy;hmi.m_45s.2017.08.15_00_01_30_TAI.magnetogram_processed.npy;hmi.m_45s.2017.08.16_00_01_30_TAI.magnetogram_processed.npy;hmi.m_45s.2017.08.18_00_01_30_TAI.magnetogram_processed.npy;hmi.m_45s.2017.08.19_00_01_30_TAI.magnetogram_processed.npy
2017-08-15,2017-08-23,8.0,0.15192627906799316,0,hmi.m_45s.2017.08.15_00_01_30_TAI.magnetogram_processed.npy;hmi.m_45s.2017.08.16_00_01_30_TAI.magnetogram_processed.npy;hmi.m_45s.2017.08.18_00_01_30_TAI.magnetogram_processed.npy;hmi.m_45s.2017.08.19_00_01_30_TAI.magnetogram_processed.npy;hmi.m_45s.2017.08.23_00_01_30_TAI.magnetogram_processed.npy
2017-10-04,2017-10-14,10.0,-0.1953125,3,hmi.m_45s.2017.10.04_00_01_30_TAI.magnetogram_processed.npy;hmi.m_45s.2017.10.07_00_01_30_TAI.magnetogram_processed.npy;hmi.m_45s.2017.10.10_00_01_30_TAI.magnetogram_processed.npy;hmi.m_45s.2017.10.13_00_01_30_TAI.magnetogram_processed.npy;hmi.m_45s.2017.10.14_00_01_30_TAI.magnetogram_processed.npy
2017-10-07,2017-10-15,8.0,-0.05550980567932107,3,hmi.m_45s.2017.10.07_00_01_30_TAI.magnetogram_processed.npy;hmi.m_45s.2017.10.10_00_01_30_TAI.magnetogram_processed.npy;hmi.m_45s.2017.10.13_00_01_30_TAI.magnetogram_processed.npy;hmi.m_45s.2017.10.14_00_01_30_TAI.magnetogram_processed.npy;hmi.m_45s.2017.10.15_00_01_30_TAI.magnetogram_processed.npy
2017-10-10,2017-10-17,7.0,0.03685951232910156,2,hmi.m_45s.2017.10.10_00_01_30_TAI.magnetogram_processed.npy;hmi.m_45s.2017.10.13_00_01_30_TAI.magnetogram_processed.npy;hmi.m_45s.2017.10.14_00_01_30_TAI.magnetogram_processed.npy;hmi.m_45s.2017.10.15_00_01_30_TAI.magnetogram_processed.npy;hmi.m_45s.2017.10.17_00_01_30_TAI.magnetogram_processed.npy
2017-10-13,2017-10-20,7.0,-0.030058622360229492,2,hmi.m_45s.2017.10.13_00_01_30_TAI.magnetogram_processed.npy;hmi.m_45s.2017.10.14_00_01_30_TAI.magnetogram_processed.npy;hmi.m_45s.2017.10.15_00_01_30_TAI.magnetogram_processed.npy;hmi.m_45s.2017.10.17_00_01_30_TAI.magnetogram_processed.npy;hmi.m_45s.2017.10.20_00_01_30_TAI.magnetogram_processed.npy
2017-10-14,2017-10-23,9.0,-0.0063419342041015625,2,hmi.m_45s.2017.10.14_00_01_30_TAI.magnetogram_processed.npy;hmi.m_45s.2017.10.15_00_01_30_TAI.magnetogram_processed.npy;hmi.m_45s.2017.10.17_00_01_30_TAI.magnetogram_processed.npy;hmi.m_45s.2017.10.20_00_01_30_TAI.magnetogram_processed.npy;hmi.m_45s.2017.10.23_00_01_30_TAI.magnetogram_processed.npy
2017-10-20,2017-10-29,9.0,0.13214349746704102,1,hmi.m_45s.2017.10.20_00_01_30_TAI.magnetogram_processed.npy;hmi.m_45s.2017.10.23_00_01_30_TAI.magnetogram_processed.npy;hmi.m_45s.2017.10.26_00_01_30_TAI.magnetogram_processed.npy;hmi.m_45s.2017.10.28_00_01_30_TAI.magnetogram_processed.npy;hmi.m_45s.2017.10.29_00_01_30_TAI.magnetogram_processed.npy
2017-10-23,2017-10-30,7.0,0.10745525360107422,2,hmi.m_45s.2017.10.23_00_01_30_TAI.magnetogram_processed.npy;hmi.m_45s.2017.10.26_00_01_30_TAI.magnetogram_processed.npy;hmi.m_45s.2017.10.28_00_01_30_TAI.magnetogram_processed.npy;hmi.m_45s.2017.10.29_00_01_30_TAI.magnetogram_processed.npy;hmi.m_45s.2017.10.30_00_01_30_TAI.magnetogram_processed.npy
2017-10-26,2017-10-31,5.0,-0.010293722152709961,3,hmi.m_45s.2017.10.26_00_01_30_TAI.magnetogram_processed.npy;hmi.m_45s.2017.10.28_00_01_30_TAI.magnetogram_processed.npy;hmi.m_45s.2017.10.29_00_01_30_TAI.magnetogram_processed.npy;hmi.m_45s.2017.10.30_00_01_30_TAI.magnetogram_processed.npy;hmi.m_45s.2017.10.31_00_01_30_TAI.magnetogram_processed.npy
2017-10-28,2017-11-01,4.0,-0.08800029754638672,4,hmi.m_45s.2017.10.28_00_01_30_TAI.magnetogram_processed.npy;hmi.m_45s.2017.10.29_00_01_30_TAI.magnetogram_processed.npy;hmi.m_45s.2017.10.30_00_01_30_TAI.magnetogram_processed.npy;hmi.m_45s.2017.10.31_00_01_30_TAI.magnetogram_processed.npy;hmi.m_45s.2017.11.01_00_01_30_TAI.magnetogram_processed.npy
2017-10-29,2017-11-08,10.0,-0.14303922653198242,4,hmi.m_45s.2017.10.29_00_01_30_TAI.magnetogram_processed.npy;hmi.m_45s.2017.10.30_00_01_30_TAI.magnetogram_processed.npy;hmi.m_45s.2017.10.31_00_01_30_TAI.magnetogram_processed.npy;hmi.m_45s.2017.11.01_00_01_30_TAI.magnetogram_processed.npy;hmi.m_45s.2017.11.08_00_01_30_TAI.magnetogram_processed.npy
2017-11-24,2017-12-03,9.0,-0.1328587532043457,3,hmi.m_45s.2017.11.24_00_01_30_TAI.magnetogram_processed.npy;hmi.m_45s.2017.11.26_00_01_30_TAI.magnetogram_processed.npy;hmi.m_45s.2017.11.29_00_01_30_TAI.magnetogram_processed.npy;hmi.m_45s.2017.11.30_00_01_30_TAI.magnetogram_processed.npy;hmi.m_45s.2017.12.03_00_01_30_TAI.magnetogram_processed.npy
2017-11-26,2017-12-05,9.0,-0.09962320327758789,3,hmi.m_45s.2017.11.26_00_01_30_TAI.magnetogram_processed.npy;hmi.m_45s.2017.11.29_00_01_30_TAI.magnetogram_processed.npy;hmi.m_45s.2017.11.30_00_01_30_TAI.magnetogram_processed.npy;hmi.m_45s.2017.12.03_00_01_30_TAI.magnetogram_processed.npy;hmi.m_45s.2017.12.05_00_01_30_TAI.magnetogram_processed.npy
2017-11-29,2017-12-09,10.0,0.12011528015136719,2,hmi.m_45s.2017.11.29_00_01_30_TAI.magnetogram_processed.npy;hmi.m_45s.2017.11.30_00_01_30_TAI.magnetogram_processed.npy;hmi.m_45s.2017.12.03_00_01_30_TAI.magnetogram_processed.npy;hmi.m_45s.2017.12.05_00_01_30_TAI.magnetogram_processed.npy;hmi.m_45s.2017.12.09_00_01_30_TAI.magnetogram_processed.npy
2017-11-30,2017-12-10,10.0,0.14566183090209983,2,hmi.m_45s.2017.11.30_00_01_30_TAI.magnetogram_processed.npy;hmi.m_45s.2017.12.03_00_01_30_TAI.magnetogram_processed.npy;hmi.m_45s.2017.12.05_00_01_30_TAI.magnetogram_processed.npy;hmi.m_45s.2017.12.09_00_01_30_TAI.magnetogram_processed.npy;hmi.m_45s.2017.12.10_00_01_30_TAI.magnetogram_processed.npy
2017-12-20,2017-12-29,9.0,-0.05854368209838823,3,hmi.m_45s.2017.12.20_00_01_30_TAI.magnetogram_processed.npy;hmi.m_45s.2017.12.21_00_01_30_TAI.magnetogram_processed.npy;hmi.m_45s.2017.12.24_00_01_30_TAI.magnetogram_processed.npy;hmi.m_45s.2017.12.28_00_01_30_TAI.magnetogram_processed.npy;hmi.m_45s.2017.12.29_00_01_30_TAI.magnetogram_processed.npy
2017-12-28,2018-01-05,8.0,-0.007373094558715598,2,hmi.m_45s.2017.12.28_00_01_30_TAI.magnetogram_processed.npy;hmi.m_45s.2017.12.29_00_01_30_TAI.magnetogram_processed.npy;hmi.m_45s.2018.01.02_00_01_30_TAI.magnetogram_processed.npy;hmi.m_45s.2018.01.04_00_01_30_TAI.magnetogram_processed.npy;hmi.m_45s.2018.01.05_00_01_30_TAI.magnetogram_processed.npy
2017-12-29,2018-01-08,10.0,0.01206994056701638,2,hmi.m_45s.2017.12.29_00_01_30_TAI.magnetogram_processed.npy;hmi.m_45s.2018.01.02_00_01_30_TAI.magnetogram_processed.npy;hmi.m_45s.2018.01.04_00_01_30_TAI.magnetogram_processed.npy;hmi.m_45s.2018.01.05_00_01_30_TAI.magnetogram_processed.npy;hmi.m_45s.2018.01.08_00_01_30_TAI.magnetogram_processed.npy
2018-01-02,2018-01-10,8.0,0.04696249961853027,2,hmi.m_45s.2018.01.02_00_01_30_TAI.magnetogram_processed.npy;hmi.m_45s.2018.01.04_00_01_30_TAI.magnetogram_processed.npy;hmi.m_45s.2018.01.05_00_01_30_TAI.magnetogram_processed.npy;hmi.m_45s.2018.01.08_00_01_30_TAI.magnetogram_processed.npy;hmi.m_45s.2018.01.10_00_01_30_TAI.magnetogram_processed.npy
2018-01-04,2018-01-11,7.0,0.05094408988952637,2,hmi.m_45s.2018.01.04_00_01_30_TAI.magnetogram_processed.npy;hmi.m_45s.2018.01.05_00_01_30_TAI.magnetogram_processed.npy;hmi.m_45s.2018.01.08_00_01_30_TAI.magnetogram_processed.npy;hmi.m_45s.2018.01.10_00_01_30_TAI.magnetogram_processed.npy;hmi.m_45s.2018.01.11_00_01_30_TAI.magnetogram_processed.npy
2018-01-05,2018-01-12,7.0,0.03712177276611328,3,hmi.m_45s.2018.01.05_00_01_30_TAI.magnetogram_processed.npy;hmi.m_45s.2018.01.08_00_01_30_TAI.magnetogram_processed.npy;hmi.m_45s.2018.01.10_00_01_30_TAI.magnetogram_processed.npy;hmi.m_45s.2018.01.11_00_01_30_TAI.magnetogram_processed.npy;hmi.m_45s.2018.01.12_00_01_30_TAI.magnetogram_processed.npy
2018-01-08,2018-01-14,6.0,0.03917217254638672,3,hmi.m_45s.2018.01.08_00_01_30_TAI.magnetogram_processed.npy;hmi.m_45s.2018.01.10_00_01_30_TAI.magnetogram_processed.npy;hmi.m_45s.2018.01.11_00_01_30_TAI.magnetogram_processed.npy;hmi.m_45s.2018.01.12_00_01_30_TAI.magnetogram_processed.npy;hmi.m_45s.2018.01.14_00_01_30_TAI.magnetogram_processed.npy
2018-01-10,2018-01-20,10.0,0.0327110290527346,3,hmi.m_45s.2018.01.10_00_01_30_TAI.magnetogram_processed.npy;hmi.m_45s.2018.01.11_00_01_30_TAI.magnetogram_processed.npy;hmi.m_45s.2018.01.12_00_01_30_TAI.magnetogram_processed.npy;hmi.m_45s.2018.01.14_00_01_30_TAI.magnetogram_processed.npy;hmi.m_45s.2018.01.20_00_01_30_TAI.magnetogram_processed.npy
2018-01-11,2018-01-21,10.0,0.03971457481384277,2,hmi.m_45s.2018.01.11_00_01_30_TAI.magnetogram_processed.npy;hmi.m_45s.2018.01.12_00_01_30_TAI.magnetogram_processed.npy;hmi.m_45s.2018.01.14_00_01_30_TAI.magnetogram_processed.npy;hmi.m_45s.2018.01.20_00_01_30_TAI.magnetogram_processed.npy;hmi.m_45s.2018.01.21_00_01_30_TAI.magnetogram_processed.npy
2018-01-20,2018-01-29,9.0,0.03885030746459939,1,hmi.m_45s.2018.01.20_00_01_30_TAI.magnetogram_processed.npy;hmi.m_45s.2018.01.21_00_01_30_TAI.magnetogram_processed.npy;hmi.m_45s.2018.01.24_00_01_30_TAI.magnetogram_processed.npy;hmi.m_45s.2018.01.28_00_01_30_TAI.magnetogram_processed.npy;hmi.m_45s.2018.01.29_00_01_30_TAI.magnetogram_processed.npy
2018-01-21,2018-01-30,9.0,0.0246584415435791,2,hmi.m_45s.2018.01.21_00_01_30_TAI.magnetogram_processed.npy;hmi.m_45s.2018.01.24_00_01_30_TAI.magnetogram_processed.npy;hmi.m_45s.2018.01.28_00_01_30_TAI.magnetogram_processed.npy;hmi.m_45s.2018.01.29_00_01_30_TAI.magnetogram_processed.npy;hmi.m_45s.2018.01.30_00_01_30_TAI.magnetogram_processed.npy
2018-03-16,2018-03-25,9.0,-0.03260374069213845,3,hmi.m_45s.2018.03.16_00_01_30_TAI.magnetogram_processed.npy;hmi.m_45s.2018.03.17_00_01_30_TAI.magnetogram_processed.npy;hmi.m_45s.2018.03.21_00_01_30_TAI.magnetogram_processed.npy;hmi.m_45s.2018.03.23_00_01_30_TAI.magnetogram_processed.npy;hmi.m_45s.2018.03.25_00_01_30_TAI.magnetogram_processed.npy
2018-03-17,2018-03-27,10.0,0.05342364311218262,2,hmi.m_45s.2018.03.17_00_01_30_TAI.magnetogram_processed.npy;hmi.m_45s.2018.03.21_00_01_30_TAI.magnetogram_processed.npy;hmi.m_45s.2018.03.23_00_01_30_TAI.magnetogram_processed.npy;hmi.m_45s.2018.03.25_00_01_30_TAI.magnetogram_processed.npy;hmi.m_45s.2018.03.27_00_01_30_TAI.magnetogram_processed.npy
2018-03-21,2018-03-29,8.0,0.13077855110168457,2,hmi.m_45s.2018.03.21_00_01_30_TAI.magnetogram_processed.npy;hmi.m_45s.2018.03.23_00_01_30_TAI.magnetogram_processed.npy;hmi.m_45s.2018.03.25_00_01_30_TAI.magnetogram_processed.npy;hmi.m_45s.2018.03.27_00_01_30_TAI.magnetogram_processed.npy;hmi.m_45s.2018.03.29_00_01_30_TAI.magnetogram_processed.npy
2018-03-23,2018-03-30,7.0,0.09173154830932617,2,hmi.m_45s.2018.03.23_00_01_30_TAI.magnetogram_processed.npy;hmi.m_45s.2018.03.25_00_01_30_TAI.magnetogram_processed.npy;hmi.m_45s.2018.03.27_00_01_30_TAI.magnetogram_processed.npy;hmi.m_45s.2018.03.29_00_01_30_TAI.magnetogram_processed.npy;hmi.m_45s.2018.03.30_00_01_30_TAI.magnetogram_processed.npy
2018-03-25,2018-03-31,6.0,0.053495168685912864,2,hmi.m_45s.2018.03.25_00_01_30_TAI.magnetogram_processed.npy;hmi.m_45s.2018.03.27_00_01_30_TAI.magnetogram_processed.npy;hmi.m_45s.2018.03.29_00_01_30_TAI.magnetogram_processed.npy;hmi.m_45s.2018.03.30_00_01_30_TAI.magnetogram_processed.npy;hmi.m_45s.2018.03.31_00_01_30_TAI.magnetogram_processed.npy
2018-03-27,2018-04-02,6.0,-0.014692544937133789,2,hmi.m_45s.2018.03.27_00_01_30_TAI.magnetogram_processed.npy;hmi.m_45s.2018.03.29_00_01_30_TAI.magnetogram_processed.npy;hmi.m_45s.2018.03.30_00_01_30_TAI.magnetogram_processed.npy;hmi.m_45s.2018.03.31_00_01_30_TAI.magnetogram_processed.npy;hmi.m_45s.2018.04.02_00_01_30_TAI.magnetogram_processed.npy
2018-03-29,2018-04-03,5.0,-0.1574993133544922,3,hmi.m_45s.2018.03.29_00_01_30_TAI.magnetogram_processed.npy;hmi.m_45s.2018.03.30_00_01_30_TAI.magnetogram_processed.npy;hmi.m_45s.2018.03.31_00_01_30_TAI.magnetogram_processed.npy;hmi.m_45s.2018.04.02_00_01_30_TAI.magnetogram_processed.npy;hmi.m_45s.2018.04.03_00_01_30_TAI.magnetogram_processed.npy
2018-03-30,2018-04-04,5.0,-0.055527687072753684,3,hmi.m_45s.2018.03.30_00_01_30_TAI.magnetogram_processed.npy;hmi.m_45s.2018.03.31_00_01_30_TAI.magnetogram_processed.npy;hmi.m_45s.2018.04.02_00_01_30_TAI.magnetogram_processed.npy;hmi.m_45s.2018.04.03_00_01_30_TAI.magnetogram_processed.npy;hmi.m_45s.2018.04.04_00_01_30_TAI.magnetogram_processed.npy
2018-03-31,2018-04-05,5.0,-0.033915042877197044,3,hmi.m_45s.2018.03.31_00_01_30_TAI.magnetogram_processed.npy;hmi.m_45s.2018.04.02_00_01_30_TAI.magnetogram_processed.npy;hmi.m_45s.2018.04.03_00_01_30_TAI.magnetogram_processed.npy;hmi.m_45s.2018.04.04_00_01_30_TAI.magnetogram_processed.npy;hmi.m_45s.2018.04.05_00_01_30_TAI.magnetogram_processed.npy
2018-04-02,2018-04-07,5.0,-0.0738382339477539,4,hmi.m_45s.2018.04.02_00_01_30_TAI.magnetogram_processed.npy;hmi.m_45s.2018.04.03_00_01_30_TAI.magnetogram_processed.npy;hmi.m_45s.2018.04.04_00_01_30_TAI.magnetogram_processed.npy;hmi.m_45s.2018.04.05_00_01_30_TAI.magnetogram_processed.npy;hmi.m_45s.2018.04.07_00_01_30_TAI.magnetogram_processed.npy
2018-04-03,2018-04-08,5.0,-0.06462335586547852,4,hmi.m_45s.2018.04.03_00_01_30_TAI.magnetogram_processed.npy;hmi.m_45s.2018.04.04_00_01_30_TAI.magnetogram_processed.npy;hmi.m_45s.2018.04.05_00_01_30_TAI.magnetogram_processed.npy;hmi.m_45s.2018.04.07_00_01_30_TAI.magnetogram_processed.npy;hmi.m_45s.2018.04.08_00_01_30_TAI.magnetogram_processed.npy
2018-04-04,2018-04-12,8.0,0.05084872245788552,3,hmi.m_45s.2018.04.04_00_01_30_TAI.magnetogram_processed.npy;hmi.m_45s.2018.04.05_00_01_30_TAI.magnetogram_processed.npy;hmi.m_45s.2018.04.07_00_01_30_TAI.magnetogram_processed.npy;hmi.m_45s.2018.04.08_00_01_30_TAI.magnetogram_processed.npy;hmi.m_45s.2018.04.12_00_01_30_TAI.magnetogram_processed.npy
2018-04-05,2018-04-13,8.0,0.1304030418395996,2,hmi.m_45s.2018.04.05_00_01_30_TAI.magnetogram_processed.npy;hmi.m_45s.2018.04.07_00_01_30_TAI.magnetogram_processed.npy;hmi.m_45s.2018.04.08_00_01_30_TAI.magnetogram_processed.npy;hmi.m_45s.2018.04.12_00_01_30_TAI.magnetogram_processed.npy;hmi.m_45s.2018.04.13_00_01_30_TAI.magnetogram_processed.npy
2018-04-07,2018-04-14,7.0,0.045561790466308594,2,hmi.m_45s.2018.04.07_00_01_30_TAI.magnetogram_processed.npy;hmi.m_45s.2018.04.08_00_01_30_TAI.magnetogram_processed.npy;hmi.m_45s.2018.04.12_00_01_30_TAI.magnetogram_processed.npy;hmi.m_45s.2018.04.13_00_01_30_TAI.magnetogram_processed.npy;hmi.m_45s.2018.04.14_00_01_30_TAI.magnetogram_processed.npy
2018-04-08,2018-04-15,7.0,0.00438690185546875,2,hmi.m_45s.2018.04.08_00_01_30_TAI.magnetogram_processed.npy;hmi.m_45s.2018.04.12_00_01_30_TAI.magnetogram_processed.npy;hmi.m_45s.2018.04.13_00_01_30_TAI.magnetogram_processed.npy;hmi.m_45s.2018.04.14_00_01_30_TAI.magnetogram_processed.npy;hmi.m_45s.2018.04.15_00_01_30_TAI.magnetogram_processed.npy
2018-04-12,2018-04-17,5.0,-0.1059114933013916,2,hmi.m_45s.2018.04.12_00_01_30_TAI.magnetogram_processed.npy;hmi.m_45s.2018.04.13_00_01_30_TAI.magnetogram_processed.npy;hmi.m_45s.2018.04.14_00_01_30_TAI.magnetogram_processed.npy;hmi.m_45s.2018.04.15_00_01_30_TAI.magnetogram_processed.npy;hmi.m_45s.2018.04.17_00_01_30_TAI.magnetogram_processed.npy
2018-04-13,2018-04-19,6.0,-0.20897388458251975,3,hmi.m_45s.2018.04.13_00_01_30_TAI.magnetogram_processed.npy;hmi.m_45s.2018.04.14_00_01_30_TAI.magnetogram_processed.npy;hmi.m_45s.2018.04.15_00_01_30_TAI.magnetogram_processed.npy;hmi.m_45s.2018.04.17_00_01_30_TAI.magnetogram_processed.npy;hmi.m_45s.2018.04.19_00_01_30_TAI.magnetogram_processed.npy
2018-04-14,2018-04-20,6.0,-0.1196742057800293,3,hmi.m_45s.2018.04.14_00_01_30_TAI.magnetogram_processed.npy;hmi.m_45s.2018.04.15_00_01_30_TAI.magnetogram_processed.npy;hmi.m_45s.2018.04.17_00_01_30_TAI.magnetogram_processed.npy;hmi.m_45s.2018.04.19_00_01_30_TAI.magnetogram_processed.npy;hmi.m_45s.2018.04.20_00_01_30_TAI.magnetogram_processed.npy
2018-04-15,2018-04-22,7.0,0.22409558296203613,2,hmi.m_45s.2018.04.15_00_01_30_TAI.magnetogram_processed.npy;hmi.m_45s.2018.04.17_00_01_30_TAI.magnetogram_processed.npy;hmi.m_45s.2018.04.19_00_01_30_TAI.magnetogram_processed.npy;hmi.m_45s.2018.04.20_00_01_30_TAI.magnetogram_processed.npy;hmi.m_45s.2018.04.22_00_01_30_TAI.magnetogram_processed.npy
2018-04-17,2018-04-23,6.0,0.2088606357574463,3,hmi.m_45s.2018.04.17_00_01_30_TAI.magnetogram_processed.npy;hmi.m_45s.2018.04.19_00_01_30_TAI.magnetogram_processed.npy;hmi.m_45s.2018.04.20_00_01_30_TAI.magnetogram_processed.npy;hmi.m_45s.2018.04.22_00_01_30_TAI.magnetogram_processed.npy;hmi.m_45s.2018.04.23_00_01_30_TAI.magnetogram_processed.npy
2018-04-19,2018-04-24,5.0,0.21992921829223655,3,hmi.m_45s.2018.04.19_00_01_30_TAI.magnetogram_processed.npy;hmi.m_45s.2018.04.20_00_01_30_TAI.magnetogram_processed.npy;hmi.m_45s.2018.04.22_00_01_30_TAI.magnetogram_processed.npy;hmi.m_45s.2018.04.23_00_01_30_TAI.magnetogram_processed.npy;hmi.m_45s.2018.04.24_00_01_30_TAI.magnetogram_processed.npy
2018-04-20,2018-04-27,7.0,0.05303025245666504,3,hmi.m_45s.2018.04.20_00_01_30_TAI.magnetogram_processed.npy;hmi.m_45s.2018.04.22_00_01_30_TAI.magnetogram_processed.npy;hmi.m_45s.2018.04.23_00_01_30_TAI.magnetogram_processed.npy;hmi.m_45s.2018.04.24_00_01_30_TAI.magnetogram_processed.npy;hmi.m_45s.2018.04.27_00_01_30_TAI.magnetogram_processed.npy
2018-04-22,2018-04-28,6.0,-0.2875864505767822,4,hmi.m_45s.2018.04.22_00_01_30_TAI.magnetogram_processed.npy;hmi.m_45s.2018.04.23_00_01_30_TAI.magnetogram_processed.npy;hmi.m_45s.2018.04.24_00_01_30_TAI.magnetogram_processed.npy;hmi.m_45s.2018.04.27_00_01_30_TAI.magnetogram_processed.npy;hmi.m_45s.2018.04.28_00_01_30_TAI.magnetogram_processed.npy
2018-04-23,2018-05-01,8.0,-0.321197509765625,4,hmi.m_45s.2018.04.23_00_01_30_TAI.magnetogram_processed.npy;hmi.m_45s.2018.04.24_00_01_30_TAI.magnetogram_processed.npy;hmi.m_45s.2018.04.27_00_01_30_TAI.magnetogram_processed.npy;hmi.m_45s.2018.04.28_00_01_30_TAI.magnetogram_processed.npy;hmi.m_45s.2018.05.01_00_01_30_TAI.magnetogram_processed.npy
2018-04-24,2018-05-03,9.0,-0.3151178359985354,4,hmi.m_45s.2018.04.24_00_01_30_TAI.magnetogram_processed.npy;hmi.m_45s.2018.04.27_00_01_30_TAI.magnetogram_processed.npy;hmi.m_45s.2018.04.28_00_01_30_TAI.magnetogram_processed.npy;hmi.m_45s.2018.05.01_00_01_30_TAI.magnetogram_processed.npy;hmi.m_45s.2018.05.03_00_01_30_TAI.magnetogram_processed.npy
2018-04-27,2018-05-04,7.0,-0.13202428817749,4,hmi.m_45s.2018.04.27_00_01_30_TAI.magnetogram_processed.npy;hmi.m_45s.2018.04.28_00_01_30_TAI.magnetogram_processed.npy;hmi.m_45s.2018.05.01_00_01_30_TAI.magnetogram_processed.npy;hmi.m_45s.2018.05.03_00_01_30_TAI.magnetogram_processed.npy;hmi.m_45s.2018.05.04_00_01_30_TAI.magnetogram_processed.npy
2018-04-28,2018-05-07,9.0,0.00699162483215332,3,hmi.m_45s.2018.04.28_00_01_30_TAI.magnetogram_processed.npy;hmi.m_45s.2018.05.01_00_01_30_TAI.magnetogram_processed.npy;hmi.m_45s.2018.05.03_00_01_30_TAI.magnetogram_processed.npy;hmi.m_45s.2018.05.04_00_01_30_TAI.magnetogram_processed.npy;hmi.m_45s.2018.05.07_00_01_30_TAI.magnetogram_processed.npy
2018-05-01,2018-05-08,7.0,0.18234848976135254,2,hmi.m_45s.2018.05.01_00_01_30_TAI.magnetogram_processed.npy;hmi.m_45s.2018.05.03_00_01_30_TAI.magnetogram_processed.npy;hmi.m_45s.2018.05.04_00_01_30_TAI.magnetogram_processed.npy;hmi.m_45s.2018.05.07_00_01_30_TAI.magnetogram_processed.npy;hmi.m_45s.2018.05.08_00_01_30_TAI.magnetogram_processed.npy
2018-05-03,2018-05-09,6.0,0.17741322517395042,2,hmi.m_45s.2018.05.03_00_01_30_TAI.magnetogram_processed.npy;hmi.m_45s.2018.05.04_00_01_30_TAI.magnetogram_processed.npy;hmi.m_45s.2018.05.07_00_01_30_TAI.magnetogram_processed.npy;hmi.m_45s.2018.05.08_00_01_30_TAI.magnetogram_processed.npy;hmi.m_45s.2018.05.09_00_01_30_TAI.magnetogram_processed.npy
2018-05-04,2018-05-14,10.0,0.0818490982055664,2,hmi.m_45s.2018.05.04_00_01_30_TAI.magnetogram_processed.npy;hmi.m_45s.2018.05.07_00_01_30_TAI.magnetogram_processed.npy;hmi.m_45s.2018.05.08_00_01_30_TAI.magnetogram_processed.npy;hmi.m_45s.2018.05.09_00_01_30_TAI.magnetogram_processed.npy;hmi.m_45s.2018.05.14_00_01_30_TAI.magnetogram_processed.npy
2018-05-07,2018-05-16,9.0,-0.01671314239501953,3,hmi.m_45s.2018.05.07_00_01_30_TAI.magnetogram_processed.npy;hmi.m_45s.2018.05.08_00_01_30_TAI.magnetogram_processed.npy;hmi.m_45s.2018.05.09_00_01_30_TAI.magnetogram_processed.npy;hmi.m_45s.2018.05.14_00_01_30_TAI.magnetogram_processed.npy;hmi.m_45s.2018.05.16_00_01_30_TAI.magnetogram_processed.npy
2018-05-14,2018-05-23,9.0,-0.10428428649902366,2,hmi.m_45s.2018.05.14_00_01_30_TAI.magnetogram_processed.npy;hmi.m_45s.2018.05.16_00_01_30_TAI.magnetogram_processed.npy;hmi.m_45s.2018.05.21_00_01_30_TAI.magnetogram_processed.npy;hmi.m_45s.2018.05.22_00_01_30_TAI.magnetogram_processed.npy;hmi.m_45s.2018.05.23_00_01_30_TAI.magnetogram_processed.npy
2018-05-16,2018-05-24,8.0,-0.08062124252319336,1,hmi.m_45s.2018.05.16_00_01_30_TAI.magnetogram_processed.npy;hmi.m_45s.2018.05.21_00_01_30_TAI.magnetogram_processed.npy;hmi.m_45s.2018.05.22_00_01_30_TAI.magnetogram_processed.npy;hmi.m_45s.2018.05.23_00_01_30_TAI.magnetogram_processed.npy;hmi.m_45s.2018.05.24_00_01_30_TAI.magnetogram_processed.npy
2018-05-21,2018-05-25,4.0,0.027889013290405273,0,hmi.m_45s.2018.05.21_00_01_30_TAI.magnetogram_processed.npy;hmi.m_45s.2018.05.22_00_01_30_TAI.magnetogram_processed.npy;hmi.m_45s.2018.05.23_00_01_30_TAI.magnetogram_processed.npy;hmi.m_45s.2018.05.24_00_01_30_TAI.magnetogram_processed.npy;hmi.m_45s.2018.05.25_00_01_30_TAI.magnetogram_processed.npy
2018-05-22,2018-05-27,5.0,0.014156103134155273,1,hmi.m_45s.2018.05.22_00_01_30_TAI.magnetogram_processed.npy;hmi.m_45s.2018.05.23_00_01_30_TAI.magnetogram_processed.npy;hmi.m_45s.2018.05.24_00_01_30_TAI.magnetogram_processed.npy;hmi.m_45s.2018.05.25_00_01_30_TAI.magnetogram_processed.npy;hmi.m_45s.2018.05.27_00_01_30_TAI.magnetogram_processed.npy
2018-05-23,2018-05-28,5.0,0.03237724304199219,1,hmi.m_45s.2018.05.23_00_01_30_TAI.magnetogram_processed.npy;hmi.m_45s.2018.05.24_00_01_30_TAI.magnetogram_processed.npy;hmi.m_45s.2018.05.25_00_01_30_TAI.magnetogram_processed.npy;hmi.m_45s.2018.05.27_00_01_30_TAI.magnetogram_processed.npy;hmi.m_45s.2018.05.28_00_01_30_TAI.magnetogram_processed.npy
2018-05-24,2018-05-31,7.0,0.025510787963867188,1,hmi.m_45s.2018.05.24_00_01_30_TAI.magnetogram_processed.npy;hmi.m_45s.2018.05.25_00_01_30_TAI.magnetogram_processed.npy;hmi.m_45s.2018.05.27_00_01_30_TAI.magnetogram_processed.npy;hmi.m_45s.2018.05.28_00_01_30_TAI.magnetogram_processed.npy;hmi.m_45s.2018.05.31_00_01_30_TAI.magnetogram_processed.npy
2018-05-25,2018-06-01,7.0,0.024884939193725586,1,hmi.m_45s.2018.05.25_00_01_30_TAI.magnetogram_processed.npy;hmi.m_45s.2018.05.27_00_01_30_TAI.magnetogram_processed.npy;hmi.m_45s.2018.05.28_00_01_30_TAI.magnetogram_processed.npy;hmi.m_45s.2018.05.31_00_01_30_TAI.magnetogram_processed.npy;hmi.m_45s.2018.06.01_00_01_30_TAI.magnetogram_processed.npy
2018-05-27,2018-06-04,8.0,0.014960765838623047,1,hmi.m_45s.2018.05.27_00_01_30_TAI.magnetogram_processed.npy;hmi.m_45s.2018.05.28_00_01_30_TAI.magnetogram_processed.npy;hmi.m_45s.2018.05.31_00_01_30_TAI.magnetogram_processed.npy;hmi.m_45s.2018.06.01_00_01_30_TAI.magnetogram_processed.npy;hmi.m_45s.2018.06.04_00_01_30_TAI.magnetogram_processed.npy
2018-06-24,2018-07-03,9.0,-0.07954239845275879,2,hmi.m_45s.2018.06.24_00_01_30_TAI.magnetogram_processed.npy;hmi.m_45s.2018.06.27_00_01_30_TAI.magnetogram_processed.npy;hmi.m_45s.2018.07.01_00_01_30_TAI.magnetogram_processed.npy;hmi.m_45s.2018.07.02_00_01_30_TAI.magnetogram_processed.npy;hmi.m_45s.2018.07.03_00_01_30_TAI.magnetogram_processed.npy
2018-06-27,2018-07-05,8.0,-0.03317594528198242,1,hmi.m_45s.2018.06.27_00_01_30_TAI.magnetogram_processed.npy;hmi.m_45s.2018.07.01_00_01_30_TAI.magnetogram_processed.npy;hmi.m_45s.2018.07.02_00_01_30_TAI.magnetogram_processed.npy;hmi.m_45s.2018.07.03_00_01_30_TAI.magnetogram_processed.npy;hmi.m_45s.2018.07.05_00_01_30_TAI.magnetogram_processed.npy
2018-07-01,2018-07-08,7.0,0.010299682617187278,1,hmi.m_45s.2018.07.01_00_01_30_TAI.magnetogram_processed.npy;hmi.m_45s.2018.07.02_00_01_30_TAI.magnetogram_processed.npy;hmi.m_45s.2018.07.03_00_01_30_TAI.magnetogram_processed.npy;hmi.m_45s.2018.07.05_00_01_30_TAI.magnetogram_processed.npy;hmi.m_45s.2018.07.08_00_01_30_TAI.magnetogram_processed.npy
2018-07-02,2018-07-10,8.0,0.02001523971557595,1,hmi.m_45s.2018.07.02_00_01_30_TAI.magnetogram_processed.npy;hmi.m_45s.2018.07.03_00_01_30_TAI.magnetogram_processed.npy;hmi.m_45s.2018.07.05_00_01_30_TAI.magnetogram_processed.npy;hmi.m_45s.2018.07.08_00_01_30_TAI.magnetogram_processed.npy;hmi.m_45s.2018.07.10_00_01_30_TAI.magnetogram_processed.npy
2018-07-03,2018-07-11,8.0,0.04602074623107888,1,hmi.m_45s.2018.07.03_00_01_30_TAI.magnetogram_processed.npy;hmi.m_45s.2018.07.05_00_01_30_TAI.magnetogram_processed.npy;hmi.m_45s.2018.07.08_00_01_30_TAI.magnetogram_processed.npy;hmi.m_45s.2018.07.10_00_01_30_TAI.magnetogram_processed.npy;hmi.m_45s.2018.07.11_00_01_30_TAI.magnetogram_processed.npy
2018-07-05,2018-07-12,7.0,0.0680088996887207,1,hmi.m_45s.2018.07.05_00_01_30_TAI.magnetogram_processed.npy;hmi.m_45s.2018.07.08_00_01_30_TAI.magnetogram_processed.npy;hmi.m_45s.2018.07.10_00_01_30_TAI.magnetogram_processed.npy;hmi.m_45s.2018.07.11_00_01_30_TAI.magnetogram_processed.npy;hmi.m_45s.2018.07.12_00_01_30_TAI.magnetogram_processed.npy
2018-07-08,2018-07-14,6.0,0.10941624641418457,0,hmi.m_45s.2018.07.08_00_01_30_TAI.magnetogram_processed.npy;hmi.m_45s.2018.07.10_00_01_30_TAI.magnetogram_processed.npy;hmi.m_45s.2018.07.11_00_01_30_TAI.magnetogram_processed.npy;hmi.m_45s.2018.07.12_00_01_30_TAI.magnetogram_processed.npy;hmi.m_45s.2018.07.14_00_01_30_TAI.magnetogram_processed.npy
2018-07-10,2018-07-16,6.0,0.07335543632507346,1,hmi.m_45s.2018.07.10_00_01_30_TAI.magnetogram_processed.npy;hmi.m_45s.2018.07.11_00_01_30_TAI.magnetogram_processed.npy;hmi.m_45s.2018.07.12_00_01_30_TAI.magnetogram_processed.npy;hmi.m_45s.2018.07.14_00_01_30_TAI.magnetogram_processed.npy;hmi.m_45s.2018.07.16_00_01_30_TAI.magnetogram_processed.npy
2018-07-11,2018-07-17,6.0,0.0311434268951416,2,hmi.m_45s.2018.07.11_00_01_30_TAI.magnetogram_processed.npy;hmi.m_45s.2018.07.12_00_01_30_TAI.magnetogram_processed.npy;hmi.m_45s.2018.07.14_00_01_30_TAI.magnetogram_processed.npy;hmi.m_45s.2018.07.16_00_01_30_TAI.magnetogram_processed.npy;hmi.m_45s.2018.07.17_00_01_30_TAI.magnetogram_processed.npy
2018-07-12,2018-07-18,6.0,-0.006210803985595703,3,hmi.m_45s.2018.07.12_00_01_30_TAI.magnetogram_processed.npy;hmi.m_45s.2018.07.14_00_01_30_TAI.magnetogram_processed.npy;hmi.m_45s.2018.07.16_00_01_30_TAI.magnetogram_processed.npy;hmi.m_45s.2018.07.17_00_01_30_TAI.magnetogram_processed.npy;hmi.m_45s.2018.07.18_00_01_30_TAI.magnetogram_processed.npy
2018-07-14,2018-07-19,5.0,-0.06235241889953613,4,hmi.m_45s.2018.07.14_00_01_30_TAI.magnetogram_processed.npy;hmi.m_45s.2018.07.16_00_01_30_TAI.magnetogram_processed.npy;hmi.m_45s.2018.07.17_00_01_30_TAI.magnetogram_processed.npy;hmi.m_45s.2018.07.18_00_01_30_TAI.magnetogram_processed.npy;hmi.m_45s.2018.07.19_00_01_30_TAI.magnetogram_processed.npy
2018-07-16,2018-07-20,4.0,-0.0493049621582029,4,hmi.m_45s.2018.07.16_00_01_30_TAI.magnetogram_processed.npy;hmi.m_45s.2018.07.17_00_01_30_TAI.magnetogram_processed.npy;hmi.m_45s.2018.07.18_00_01_30_TAI.magnetogram_processed.npy;hmi.m_45s.2018.07.19_00_01_30_TAI.magnetogram_processed.npy;hmi.m_45s.2018.07.20_00_01_30_TAI.magnetogram_processed.npy
2018-07-17,2018-07-21,4.0,-0.028753280639648215,3,hmi.m_45s.2018.07.17_00_01_30_TAI.magnetogram_processed.npy;hmi.m_45s.2018.07.18_00_01_30_TAI.magnetogram_processed.npy;hmi.m_45s.2018.07.19_00_01_30_TAI.magnetogram_processed.npy;hmi.m_45s.2018.07.20_00_01_30_TAI.magnetogram_processed.npy;hmi.m_45s.2018.07.21_00_01_30_TAI.magnetogram_processed.npy
2018-07-18,2018-07-23,5.0,-0.01252889633178711,2,hmi.m_45s.2018.07.18_00_01_30_TAI.magnetogram_processed.npy;hmi.m_45s.2018.07.19_00_01_30_TAI.magnetogram_processed.npy;hmi.m_45s.2018.07.20_00_01_30_TAI.magnetogram_processed.npy;hmi.m_45s.2018.07.21_00_01_30_TAI.magnetogram_processed.npy;hmi.m_45s.2018.07.23_00_01_30_TAI.magnetogram_processed.npy
2018-07-19,2018-07-24,5.0,-0.002682209014892578,2,hmi.m_45s.2018.07.19_00_01_30_TAI.magnetogram_processed.npy;hmi.m_45s.2018.07.20_00_01_30_TAI.magnetogram_processed.npy;hmi.m_45s.2018.07.21_00_01_30_TAI.magnetogram_processed.npy;hmi.m_45s.2018.07.23_00_01_30_TAI.magnetogram_processed.npy;hmi.m_45s.2018.07.24_00_01_30_TAI.magnetogram_processed.npy
2018-07-20,2018-07-26,6.0,-0.00022649765014670642,2,hmi.m_45s.2018.07.20_00_01_30_TAI.magnetogram_processed.npy;hmi.m_45s.2018.07.21_00_01_30_TAI.magnetogram_processed.npy;hmi.m_45s.2018.07.23_00_01_30_TAI.magnetogram_processed.npy;hmi.m_45s.2018.07.24_00_01_30_TAI.magnetogram_processed.npy;hmi.m_45s.2018.07.26_00_01_30_TAI.magnetogram_processed.npy
2018-07-21,2018-07-30,9.0,-0.010520219802856445,3,hmi.m_45s.2018.07.21_00_01_30_TAI.magnetogram_processed.npy;hmi.m_45s.2018.07.23_00_01_30_TAI.magnetogram_processed.npy;hmi.m_45s.2018.07.24_00_01_30_TAI.magnetogram_processed.npy;hmi.m_45s.2018.07.26_00_01_30_TAI.magnetogram_processed.npy;hmi.m_45s.2018.07.30_00_01_30_TAI.magnetogram_processed.npy
2018-07-30,2018-08-09,10.0,0.06983280181884766,0,hmi.m_45s.2018.07.30_00_01_30_TAI.magnetogram_processed.npy;hmi.m_45s.2018.08.03_00_01_30_TAI.magnetogram_processed.npy;hmi.m_45s.2018.08.06_00_01_30_TAI.magnetogram_processed.npy;hmi.m_45s.2018.08.07_00_01_30_TAI.magnetogram_processed.npy;hmi.m_45s.2018.08.09_00_01_30_TAI.magnetogram_processed.npy
2018-08-06,2018-08-16,10.0,-0.011622905731201172,2,hmi.m_45s.2018.08.06_00_01_30_TAI.magnetogram_processed.npy;hmi.m_45s.2018.08.07_00_01_30_TAI.magnetogram_processed.npy;hmi.m_45s.2018.08.09_00_01_30_TAI.magnetogram_processed.npy;hmi.m_45s.2018.08.15_00_01_30_TAI.magnetogram_processed.npy;hmi.m_45s.2018.08.16_00_01_30_TAI.magnetogram_processed.npy
2018-08-07,2018-08-17,10.0,-0.01901984214782715,2,hmi.m_45s.2018.08.07_00_01_30_TAI.magnetogram_processed.npy;hmi.m_45s.2018.08.09_00_01_30_TAI.magnetogram_processed.npy;hmi.m_45s.2018.08.15_00_01_30_TAI.magnetogram_processed.npy;hmi.m_45s.2018.08.16_00_01_30_TAI.magnetogram_processed.npy;hmi.m_45s.2018.08.17_00_01_30_TAI.magnetogram_processed.npy
2018-08-09,2018-08-19,10.0,-0.23332834243774414,3,hmi.m_45s.2018.08.09_00_01_30_TAI.magnetogram_processed.npy;hmi.m_45s.2018.08.15_00_01_30_TAI.magnetogram_processed.npy;hmi.m_45s.2018.08.16_00_01_30_TAI.magnetogram_processed.npy;hmi.m_45s.2018.08.17_00_01_30_TAI.magnetogram_processed.npy;hmi.m_45s.2018.08.19_00_01_30_TAI.magnetogram_processed.npy
2018-08-15,2018-08-20,5.0,-0.11810660362243652,2,hmi.m_45s.2018.08.15_00_01_30_TAI.magnetogram_processed.npy;hmi.m_45s.2018.08.16_00_01_30_TAI.magnetogram_processed.npy;hmi.m_45s.2018.08.17_00_01_30_TAI.magnetogram_processed.npy;hmi.m_45s.2018.08.19_00_01_30_TAI.magnetogram_processed.npy;hmi.m_45s.2018.08.20_00_01_30_TAI.magnetogram_processed.npy
2018-08-16,2018-08-23,7.0,-0.09220242500305176,1,hmi.m_45s.2018.08.16_00_01_30_TAI.magnetogram_processed.npy;hmi.m_45s.2018.08.17_00_01_30_TAI.magnetogram_processed.npy;hmi.m_45s.2018.08.19_00_01_30_TAI.magnetogram_processed.npy;hmi.m_45s.2018.08.20_00_01_30_TAI.magnetogram_processed.npy;hmi.m_45s.2018.08.23_00_01_30_TAI.magnetogram_processed.npy
2018-08-17,2018-08-24,7.0,-0.0910639762878418,1,hmi.m_45s.2018.08.17_00_01_30_TAI.magnetogram_processed.npy;hmi.m_45s.2018.08.19_00_01_30_TAI.magnetogram_processed.npy;hmi.m_45s.2018.08.20_00_01_30_TAI.magnetogram_processed.npy;hmi.m_45s.2018.08.23_00_01_30_TAI.magnetogram_processed.npy;hmi.m_45s.2018.08.24_00_01_30_TAI.magnetogram_processed.npy
2018-08-19,2018-08-25,6.0,0.1404881477355957,0,hmi.m_45s.2018.08.19_00_01_30_TAI.magnetogram_processed.npy;hmi.m_45s.2018.08.20_00_01_30_TAI.magnetogram_processed.npy;hmi.m_45s.2018.08.23_00_01_30_TAI.magnetogram_processed.npy;hmi.m_45s.2018.08.24_00_01_30_TAI.magnetogram_processed.npy;hmi.m_45s.2018.08.25_00_01_30_TAI.magnetogram_processed.npy
2018-08-20,2018-08-26,6.0,0.06014108657836936,1,hmi.m_45s.2018.08.20_00_01_30_TAI.magnetogram_processed.npy;hmi.m_45s.2018.08.23_00_01_30_TAI.magnetogram_processed.npy;hmi.m_45s.2018.08.24_00_01_30_TAI.magnetogram_processed.npy;hmi.m_45s.2018.08.25_00_01_30_TAI.magnetogram_processed.npy;hmi.m_45s.2018.08.26_00_01_30_TAI.magnetogram_processed.npy
2018-08-23,2018-08-29,6.0,0.016289949417114258,2,hmi.m_45s.2018.08.23_00_01_30_TAI.magnetogram_processed.npy;hmi.m_45s.2018.08.24_00_01_30_TAI.magnetogram_processed.npy;hmi.m_45s.2018.08.25_00_01_30_TAI.magnetogram_processed.npy;hmi.m_45s.2018.08.26_00_01_30_TAI.magnetogram_processed.npy;hmi.m_45s.2018.08.29_00_01_30_TAI.magnetogram_processed.npy
2018-08-24,2018-08-30,6.0,0.03529787063598633,2,hmi.m_45s.2018.08.24_00_01_30_TAI.magnetogram_processed.npy;hmi.m_45s.2018.08.25_00_01_30_TAI.magnetogram_processed.npy;hmi.m_45s.2018.08.26_00_01_30_TAI.magnetogram_processed.npy;hmi.m_45s.2018.08.29_00_01_30_TAI.magnetogram_processed.npy;hmi.m_45s.2018.08.30_00_01_30_TAI.magnetogram_processed.npy
2018-08-25,2018-09-01,7.0,-0.02034902572631858,3,hmi.m_45s.2018.08.25_00_01_30_TAI.magnetogram_processed.npy;hmi.m_45s.2018.08.26_00_01_30_TAI.magnetogram_processed.npy;hmi.m_45s.2018.08.29_00_01_30_TAI.magnetogram_processed.npy;hmi.m_45s.2018.08.30_00_01_30_TAI.magnetogram_processed.npy;hmi.m_45s.2018.09.01_00_01_30_TAI.magnetogram_processed.npy
2018-08-26,2018-09-03,8.0,-0.004792213439941628,2,hmi.m_45s.2018.08.26_00_01_30_TAI.magnetogram_processed.npy;hmi.m_45s.2018.08.29_00_01_30_TAI.magnetogram_processed.npy;hmi.m_45s.2018.08.30_00_01_30_TAI.magnetogram_processed.npy;hmi.m_45s.2018.09.01_00_01_30_TAI.magnetogram_processed.npy;hmi.m_45s.2018.09.03_00_01_30_TAI.magnetogram_processed.npy
2018-08-29,2018-09-04,6.0,0.017118453979492188,1,hmi.m_45s.2018.08.29_00_01_30_TAI.magnetogram_processed.npy;hmi.m_45s.2018.08.30_00_01_30_TAI.magnetogram_processed.npy;hmi.m_45s.2018.09.01_00_01_30_TAI.magnetogram_processed.npy;hmi.m_45s.2018.09.03_00_01_30_TAI.magnetogram_processed.npy;hmi.m_45s.2018.09.04_00_01_30_TAI.magnetogram_processed.npy
2018-08-30,2018-09-06,7.0,0.00814199447631836,1,hmi.m_45s.2018.08.30_00_01_30_TAI.magnetogram_processed.npy;hmi.m_45s.2018.09.01_00_01_30_TAI.magnetogram_processed.npy;hmi.m_45s.2018.09.03_00_01_30_TAI.magnetogram_processed.npy;hmi.m_45s.2018.09.04_00_01_30_TAI.magnetogram_processed.npy;hmi.m_45s.2018.09.06_00_01_30_TAI.magnetogram_processed.npy
2018-09-01,2018-09-10,9.0,0.010204315185547097,1,hmi.m_45s.2018.09.01_00_01_30_TAI.magnetogram_processed.npy;hmi.m_45s.2018.09.03_00_01_30_TAI.magnetogram_processed.npy;hmi.m_45s.2018.09.04_00_01_30_TAI.magnetogram_processed.npy;hmi.m_45s.2018.09.06_00_01_30_TAI.magnetogram_processed.npy;hmi.m_45s.2018.09.10_00_01_30_TAI.magnetogram_processed.npy
2018-09-16,2018-09-24,8.0,-0.03769993782043457,3,hmi.m_45s.2018.09.16_00_01_30_TAI.magnetogram_processed.npy;hmi.m_45s.2018.09.17_00_01_30_TAI.magnetogram_processed.npy;hmi.m_45s.2018.09.22_00_01_30_TAI.magnetogram_processed.npy;hmi.m_45s.2018.09.23_00_01_30_TAI.magnetogram_processed.npy;hmi.m_45s.2018.09.24_00_01_30_TAI.magnetogram_processed.npy
2018-09-17,2018-09-25,8.0,-0.05058646202087402,4,hmi.m_45s.2018.09.17_00_01_30_TAI.magnetogram_processed.npy;hmi.m_45s.2018.09.22_00_01_30_TAI.magnetogram_processed.npy;hmi.m_45s.2018.09.23_00_01_30_TAI.magnetogram_processed.npy;hmi.m_45s.2018.09.24_00_01_30_TAI.magnetogram_processed.npy;hmi.m_45s.2018.09.25_00_01_30_TAI.magnetogram_processed.npy
2018-09-22,2018-09-27,5.0,-0.023168325424194558,4,hmi.m_45s.2018.09.22_00_01_30_TAI.magnetogram_processed.npy;hmi.m_45s.2018.09.23_00_01_30_TAI.magnetogram_processed.npy;hmi.m_45s.2018.09.24_00_01_30_TAI.magnetogram_processed.npy;hmi.m_45s.2018.09.25_00_01_30_TAI.magnetogram_processed.npy;hmi.m_45s.2018.09.27_00_01_30_TAI.magnetogram_processed.npy
2018-09-23,2018-09-30,7.0,-0.002080202102661133,3,hmi.m_45s.2018.09.23_00_01_30_TAI.magnetogram_processed.npy;hmi.m_45s.2018.09.24_00_01_30_TAI.magnetogram_processed.npy;hmi.m_45s.2018.09.25_00_01_30_TAI.magnetogram_processed.npy;hmi.m_45s.2018.09.27_00_01_30_TAI.magnetogram_processed.npy;hmi.m_45s.2018.09.30_00_01_30_TAI.magnetogram_processed.npy
2018-09-24,2018-10-01,7.0,0.012278556823730469,2,hmi.m_45s.2018.09.24_00_01_30_TAI.magnetogram_processed.npy;hmi.m_45s.2018.09.25_00_01_30_TAI.magnetogram_processed.npy;hmi.m_45s.2018.09.27_00_01_30_TAI.magnetogram_processed.npy;hmi.m_45s.2018.09.30_00_01_30_TAI.magnetogram_processed.npy;hmi.m_45s.2018.10.01_00_01_30_TAI.magnetogram_processed.npy
2018-09-25,2018-10-03,8.0,0.005155801773071289,2,hmi.m_45s.2018.09.25_00_01_30_TAI.magnetogram_processed.npy;hmi.m_45s.2018.09.27_00_01_30_TAI.magnetogram_processed.npy;hmi.m_45s.2018.09.30_00_01_30_TAI.magnetogram_processed.npy;hmi.m_45s.2018.10.01_00_01_30_TAI.magnetogram_processed.npy;hmi.m_45s.2018.10.03_00_01_30_TAI.magnetogram_processed.npy
2018-09-27,2018-10-04,7.0,0.0012814998626708984,2,hmi.m_45s.2018.09.27_00_01_30_TAI.magnetogram_processed.npy;hmi.m_45s.2018.09.30_00_01_30_TAI.magnetogram_processed.npy;hmi.m_45s.2018.10.01_00_01_30_TAI.magnetogram_processed.npy;hmi.m_45s.2018.10.03_00_01_30_TAI.magnetogram_processed.npy;hmi.m_45s.2018.10.04_00_01_30_TAI.magnetogram_processed.npy
2018-09-30,2018-10-06,6.0,-0.018614530563354492,3,hmi.m_45s.2018.09.30_00_01_30_TAI.magnetogram_processed.npy;hmi.m_45s.2018.10.01_00_01_30_TAI.magnetogram_processed.npy;hmi.m_45s.2018.10.03_00_01_30_TAI.magnetogram_processed.npy;hmi.m_45s.2018.10.04_00_01_30_TAI.magnetogram_processed.npy;hmi.m_45s.2018.10.06_00_01_30_TAI.magnetogram_processed.npy
2018-10-01,2018-10-08,7.0,-0.0558018684387207,4,hmi.m_45s.2018.10.01_00_01_30_TAI.magnetogram_processed.npy;hmi.m_45s.2018.10.03_00_01_30_TAI.magnetogram_processed.npy;hmi.m_45s.2018.10.04_00_01_30_TAI.magnetogram_processed.npy;hmi.m_45s.2018.10.06_00_01_30_TAI.magnetogram_processed.npy;hmi.m_45s.2018.10.08_00_01_30_TAI.magnetogram_processed.npy
2018-10-03,2018-10-10,7.0,-0.03542900085449219,3,hmi.m_45s.2018.10.03_00_01_30_TAI.magnetogram_processed.npy;hmi.m_45s.2018.10.04_00_01_30_TAI.magnetogram_processed.npy;hmi.m_45s.2018.10.06_00_01_30_TAI.magnetogram_processed.npy;hmi.m_45s.2018.10.08_00_01_30_TAI.magnetogram_processed.npy;hmi.m_45s.2018.10.10_00_01_30_TAI.magnetogram_processed.npy
2018-10-04,2018-10-12,8.0,-0.021505355834960715,2,hmi.m_45s.2018.10.04_00_01_30_TAI.magnetogram_processed.npy;hmi.m_45s.2018.10.06_00_01_30_TAI.magnetogram_processed.npy;hmi.m_45s.2018.10.08_00_01_30_TAI.magnetogram_processed.npy;hmi.m_45s.2018.10.10_00_01_30_TAI.magnetogram_processed.npy;hmi.m_45s.2018.10.12_00_01_30_TAI.magnetogram_processed.npy
2018-10-06,2018-10-13,7.000520833333334,0.44345259666442893,1,hmi.m_45s.2018.10.06_00_01_30_TAI.magnetogram_processed.npy;hmi.m_45s.2018.10.08_00_01_30_TAI.magnetogram_processed.npy;hmi.m_45s.2018.10.10_00_01_30_TAI.magnetogram_processed.npy;hmi.m_45s.2018.10.12_00_01_30_TAI.magnetogram_processed.npy;hmi.m_45s.2018.10.13_00_02_15_TAI.magnetogram_processed.npy
2018-10-08,2018-10-17,9.0,0.02580285072326638,1,hmi.m_45s.2018.10.08_00_01_30_TAI.magnetogram_processed.npy;hmi.m_45s.2018.10.10_00_01_30_TAI.magnetogram_processed.npy;hmi.m_45s.2018.10.12_00_01_30_TAI.magnetogram_processed.npy;hmi.m_45s.2018.10.13_00_02_15_TAI.magnetogram_processed.npy;hmi.m_45s.2018.10.17_00_01_30_TAI.magnetogram_processed.npy
2018-10-10,2018-10-18,8.0,0.011825561523437722,2,hmi.m_45s.2018.10.10_00_01_30_TAI.magnetogram_processed.npy;hmi.m_45s.2018.10.12_00_01_30_TAI.magnetogram_processed.npy;hmi.m_45s.2018.10.13_00_02_15_TAI.magnetogram_processed.npy;hmi.m_45s.2018.10.17_00_01_30_TAI.magnetogram_processed.npy;hmi.m_45s.2018.10.18_00_01_30_TAI.magnetogram_processed.npy
2018-10-12,2018-10-20,8.0,-0.012832880020141602,3,hmi.m_45s.2018.10.12_00_01_30_TAI.magnetogram_processed.npy;hmi.m_45s.2018.10.13_00_02_15_TAI.magnetogram_processed.npy;hmi.m_45s.2018.10.17_00_01_30_TAI.magnetogram_processed.npy;hmi.m_45s.2018.10.18_00_01_30_TAI.magnetogram_processed.npy;hmi.m_45s.2018.10.20_00_01_30_TAI.magnetogram_processed.npy
2018-10-13,2018-10-21,7.999479166666666,-0.48776865005493186,4,hmi.m_45s.2018.10.13_00_02_15_TAI.magnetogram_processed.npy;hmi.m_45s.2018.10.17_00_01_30_TAI.magnetogram_processed.npy;hmi.m_45s.2018.10.18_00_01_30_TAI.magnetogram_processed.npy;hmi.m_45s.2018.10.20_00_01_30_TAI.magnetogram_processed.npy;hmi.m_45s.2018.10.21_00_01_30_TAI.magnetogram_processed.npy
2018-10-17,2018-10-23,6.0,-0.06437897682189919,4,hmi.m_45s.2018.10.17_00_01_30_TAI.magnetogram_processed.npy;hmi.m_45s.2018.10.18_00_01_30_TAI.magnetogram_processed.npy;hmi.m_45s.2018.10.20_00_01_30_TAI.magnetogram_processed.npy;hmi.m_45s.2018.10.21_00_01_30_TAI.magnetogram_processed.npy;hmi.m_45s.2018.10.23_00_01_30_TAI.magnetogram_processed.npy
2018-10-18,2018-10-24,6.0,-0.04951953887939475,3,hmi.m_45s.2018.10.18_00_01_30_TAI.magnetogram_processed.npy;hmi.m_45s.2018.10.20_00_01_30_TAI.magnetogram_processed.npy;hmi.m_45s.2018.10.21_00_01_30_TAI.magnetogram_processed.npy;hmi.m_45s.2018.10.23_00_01_30_TAI.magnetogram_processed.npy;hmi.m_45s.2018.10.24_00_01_30_TAI.magnetogram_processed.npy
2018-10-20,2018-10-26,6.0,-0.022029876708984597,2,hmi.m_45s.2018.10.20_00_01_30_TAI.magnetogram_processed.npy;hmi.m_45s.2018.10.21_00_01_30_TAI.magnetogram_processed.npy;hmi.m_45s.2018.10.23_00_01_30_TAI.magnetogram_processed.npy;hmi.m_45s.2018.10.24_00_01_30_TAI.magnetogram_processed.npy;hmi.m_45s.2018.10.26_00_01_30_TAI.magnetogram_processed.npy
2018-10-21,2018-10-29,8.0,0.0016510486602780983,1,hmi.m_45s.2018.10.21_00_01_30_TAI.magnetogram_processed.npy;hmi.m_45s.2018.10.23_00_01_30_TAI.magnetogram_processed.npy;hmi.m_45s.2018.10.24_00_01_30_TAI.magnetogram_processed.npy;hmi.m_45s.2018.10.26_00_01_30_TAI.magnetogram_processed.npy;hmi.m_45s.2018.10.29_00_01_30_TAI.magnetogram_processed.npy
2018-10-23,2018-10-31,8.0,0.01392364501953125,1,hmi.m_45s.2018.10.23_00_01_30_TAI.magnetogram_processed.npy;hmi.m_45s.2018.10.24_00_01_30_TAI.magnetogram_processed.npy;hmi.m_45s.2018.10.26_00_01_30_TAI.magnetogram_processed.npy;hmi.m_45s.2018.10.29_00_01_30_TAI.magnetogram_processed.npy;hmi.m_45s.2018.10.31_00_01_30_TAI.magnetogram_processed.npy
2018-10-24,2018-11-03,10.0,-0.0064313411712646484,2,hmi.m_45s.2018.10.24_00_01_30_TAI.magnetogram_processed.npy;hmi.m_45s.2018.10.26_00_01_30_TAI.magnetogram_processed.npy;hmi.m_45s.2018.10.29_00_01_30_TAI.magnetogram_processed.npy;hmi.m_45s.2018.10.31_00_01_30_TAI.magnetogram_processed.npy;hmi.m_45s.2018.11.03_00_01_30_TAI.magnetogram_processed.npy
2018-10-26,2018-11-05,10.0,-0.022041797637939453,3,hmi.m_45s.2018.10.26_00_01_30_TAI.magnetogram_processed.npy;hmi.m_45s.2018.10.29_00_01_30_TAI.magnetogram_processed.npy;hmi.m_45s.2018.10.31_00_01_30_TAI.magnetogram_processed.npy;hmi.m_45s.2018.11.03_00_01_30_TAI.magnetogram_processed.npy;hmi.m_45s.2018.11.05_00_01_30_TAI.magnetogram_processed.npy
2018-10-29,2018-11-06,8.0,0.04494786262512229,3,hmi.m_45s.2018.10.29_00_01_30_TAI.magnetogram_processed.npy;hmi.m_45s.2018.10.31_00_01_30_TAI.magnetogram_processed.npy;hmi.m_45s.2018.11.03_00_01_30_TAI.magnetogram_processed.npy;hmi.m_45s.2018.11.05_00_01_30_TAI.magnetogram_processed.npy;hmi.m_45s.2018.11.06_00_01_30_TAI.magnetogram_processed.npy
2018-10-31,2018-11-08,8.0,0.03248453140258811,3,hmi.m_45s.2018.10.31_00_01_30_TAI.magnetogram_processed.npy;hmi.m_45s.2018.11.03_00_01_30_TAI.magnetogram_processed.npy;hmi.m_45s.2018.11.05_00_01_30_TAI.magnetogram_processed.npy;hmi.m_45s.2018.11.06_00_01_30_TAI.magnetogram_processed.npy;hmi.m_45s.2018.11.08_00_01_30_TAI.magnetogram_processed.npy
2018-11-03,2018-11-12,9.0,0.09044408798217773,2,hmi.m_45s.2018.11.03_00_01_30_TAI.magnetogram_processed.npy;hmi.m_45s.2018.11.05_00_01_30_TAI.magnetogram_processed.npy;hmi.m_45s.2018.11.06_00_01_30_TAI.magnetogram_processed.npy;hmi.m_45s.2018.11.08_00_01_30_TAI.magnetogram_processed.npy;hmi.m_45s.2018.11.12_00_01_30_TAI.magnetogram_processed.npy
2018-11-05,2018-11-14,9.0,0.10238289833068825,1,hmi.m_45s.2018.11.05_00_01_30_TAI.magnetogram_processed.npy;hmi.m_45s.2018.11.06_00_01_30_TAI.magnetogram_processed.npy;hmi.m_45s.2018.11.08_00_01_30_TAI.magnetogram_processed.npy;hmi.m_45s.2018.11.12_00_01_30_TAI.magnetogram_processed.npy;hmi.m_45s.2018.11.14_00_01_30_TAI.magnetogram_processed.npy
2018-11-06,2018-11-16,10.0,-0.0026226043701171875,2,hmi.m_45s.2018.11.06_00_01_30_TAI.magnetogram_processed.npy;hmi.m_45s.2018.11.08_00_01_30_TAI.magnetogram_processed.npy;hmi.m_45s.2018.11.12_00_01_30_TAI.magnetogram_processed.npy;hmi.m_45s.2018.11.14_00_01_30_TAI.magnetogram_processed.npy;hmi.m_45s.2018.11.16_00_01_30_TAI.magnetogram_processed.npy
2018-11-08,2018-11-17,9.0,0.00564455986022927,2,hmi.m_45s.2018.11.08_00_01_30_TAI.magnetogram_processed.npy;hmi.m_45s.2018.11.12_00_01_30_TAI.magnetogram_processed.npy;hmi.m_45s.2018.11.14_00_01_30_TAI.magnetogram_processed.npy;hmi.m_45s.2018.11.16_00_01_30_TAI.magnetogram_processed.npy;hmi.m_45s.2018.11.17_00_01_30_TAI.magnetogram_processed.npy
2018-11-12,2018-11-18,6.0,-0.043958425521850364,3,hmi.m_45s.2018.11.12_00_01_30_TAI.magnetogram_processed.npy;hmi.m_45s.2018.11.14_00_01_30_TAI.magnetogram_processed.npy;hmi.m_45s.2018.11.16_00_01_30_TAI.magnetogram_processed.npy;hmi.m_45s.2018.11.17_00_01_30_TAI.magnetogram_processed.npy;hmi.m_45s.2018.11.18_00_01_30_TAI.magnetogram_processed.npy
2018-11-14,2018-11-20,6.0,-0.10849833488464333,4,hmi.m_45s.2018.11.14_00_01_30_TAI.magnetogram_processed.npy;hmi.m_45s.2018.11.16_00_01_30_TAI.magnetogram_processed.npy;hmi.m_45s.2018.11.17_00_01_30_TAI.magnetogram_processed.npy;hmi.m_45s.2018.11.18_00_01_30_TAI.magnetogram_processed.npy;hmi.m_45s.2018.11.20_00_01_30_TAI.magnetogram_processed.npy
2018-11-16,2018-11-22,6.0,-0.07351040840148926,3,hmi.m_45s.2018.11.16_00_01_30_TAI.magnetogram_processed.npy;hmi.m_45s.2018.11.17_00_01_30_TAI.magnetogram_processed.npy;hmi.m_45s.2018.11.18_00_01_30_TAI.magnetogram_processed.npy;hmi.m_45s.2018.11.20_00_01_30_TAI.magnetogram_processed.npy;hmi.m_45s.2018.11.22_00_01_30_TAI.magnetogram_processed.npy
2018-11-28,2018-12-05,7.0,0.02956986427307129,3,hmi.m_45s.2018.11.28_00_01_30_TAI.magnetogram_processed.npy;hmi.m_45s.2018.11.29_00_01_30_TAI.magnetogram_processed.npy;hmi.m_45s.2018.12.01_00_01_30_TAI.magnetogram_processed.npy;hmi.m_45s.2018.12.03_00_01_30_TAI.magnetogram_processed.npy;hmi.m_45s.2018.12.05_00_01_30_TAI.magnetogram_processed.npy
2018-11-29,2018-12-06,7.0,0.0424742698669438,2,hmi.m_45s.2018.11.29_00_01_30_TAI.magnetogram_processed.npy;hmi.m_45s.2018.12.01_00_01_30_TAI.magnetogram_processed.npy;hmi.m_45s.2018.12.03_00_01_30_TAI.magnetogram_processed.npy;hmi.m_45s.2018.12.05_00_01_30_TAI.magnetogram_processed.npy;hmi.m_45s.2018.12.06_00_01_30_TAI.magnetogram_processed.npy
2018-12-01,2018-12-08,7.0,0.05341172218322754,1,hmi.m_45s.2018.12.01_00_01_30_TAI.magnetogram_processed.npy;hmi.m_45s.2018.12.03_00_01_30_TAI.magnetogram_processed.npy;hmi.m_45s.2018.12.05_00_01_30_TAI.magnetogram_processed.npy;hmi.m_45s.2018.12.06_00_01_30_TAI.magnetogram_processed.npy;hmi.m_45s.2018.12.08_00_01_30_TAI.magnetogram_processed.npy
2018-12-03,2018-12-11,8.0,0.08288621902465798,1,hmi.m_45s.2018.12.03_00_01_30_TAI.magnetogram_processed.npy;hmi.m_45s.2018.12.05_00_01_30_TAI.magnetogram_processed.npy;hmi.m_45s.2018.12.06_00_01_30_TAI.magnetogram_processed.npy;hmi.m_45s.2018.12.08_00_01_30_TAI.magnetogram_processed.npy;hmi.m_45s.2018.12.11_00_01_30_TAI.magnetogram_processed.npy
2018-12-17,2018-12-26,9.0,-0.011783838272094505,3,hmi.m_45s.2018.12.17_00_01_30_TAI.magnetogram_processed.npy;hmi.m_45s.2018.12.19_00_01_30_TAI.magnetogram_processed.npy;hmi.m_45s.2018.12.21_00_01_30_TAI.magnetogram_processed.npy;hmi.m_45s.2018.12.24_00_01_30_TAI.magnetogram_processed.npy;hmi.m_45s.2018.12.26_00_01_30_TAI.magnetogram_processed.npy
2018-12-19,2018-12-28,9.0,0.03241300582885742,2,hmi.m_45s.2018.12.19_00_01_30_TAI.magnetogram_processed.npy;hmi.m_45s.2018.12.21_00_01_30_TAI.magnetogram_processed.npy;hmi.m_45s.2018.12.24_00_01_30_TAI.magnetogram_processed.npy;hmi.m_45s.2018.12.26_00_01_30_TAI.magnetogram_processed.npy;hmi.m_45s.2018.12.28_00_01_30_TAI.magnetogram_processed.npy
2018-12-21,2018-12-29,8.0,0.03295540809631348,2,hmi.m_45s.2018.12.21_00_01_30_TAI.magnetogram_processed.npy;hmi.m_45s.2018.12.24_00_01_30_TAI.magnetogram_processed.npy;hmi.m_45s.2018.12.26_00_01_30_TAI.magnetogram_processed.npy;hmi.m_45s.2018.12.28_00_01_30_TAI.magnetogram_processed.npy;hmi.m_45s.2018.12.29_00_01_30_TAI.magnetogram_processed.npy
2018-12-24,2018-12-31,7.0,0.06762146949768066,1,hmi.m_45s.2018.12.24_00_01_30_TAI.magnetogram_processed.npy;hmi.m_45s.2018.12.26_00_01_30_TAI.magnetogram_processed.npy;hmi.m_45s.2018.12.28_00_01_30_TAI.magnetogram_processed.npy;hmi.m_45s.2018.12.29_00_01_30_TAI.magnetogram_processed.npy;hmi.m_45s.2018.12.31_00_01_30_TAI.magnetogram_processed.npy
2021-01-07,2021-01-17,10.0,0.04698038101196289,1,hmi.m_45s.2021.01.07_00_01_30_TAI.magnetogram_processed.npy;hmi.m_45s.2021.01.12_00_01_30_TAI.magnetogram_processed.npy;hmi.m_45s.2021.01.15_00_01_30_TAI.magnetogram_processed.npy;hmi.m_45s.2021.01.16_00_01_30_TAI.magnetogram_processed.npy;hmi.m_45s.2021.01.17_00_01_30_TAI.magnetogram_processed.npy
2021-01-12,2021-01-21,9.0,0.11547207832336426,0,hmi.m_45s.2021.01.12_00_01_30_TAI.magnetogram_processed.npy;hmi.m_45s.2021.01.15_00_01_30_TAI.magnetogram_processed.npy;hmi.m_45s.2021.01.16_00_01_30_TAI.magnetogram_processed.npy;hmi.m_45s.2021.01.17_00_01_30_TAI.magnetogram_processed.npy;hmi.m_45s.2021.01.21_00_01_30_TAI.magnetogram_processed.npy
2021-01-15,2021-01-25,10.0,0.15337467193603493,0,hmi.m_45s.2021.01.15_00_01_30_TAI.magnetogram_processed.npy;hmi.m_45s.2021.01.16_00_01_30_TAI.magnetogram_processed.npy;hmi.m_45s.2021.01.17_00_01_30_TAI.magnetogram_processed.npy;hmi.m_45s.2021.01.21_00_01_30_TAI.magnetogram_processed.npy;hmi.m_45s.2021.01.25_00_01_30_TAI.magnetogram_processed.npy
2021-02-10,2021-02-18,8.0,0.031626224517822266,1,hmi.m_45s.2021.02.10_00_01_30_TAI.magnetogram_processed.npy;hmi.m_45s.2021.02.11_00_01_30_TAI.magnetogram_processed.npy;hmi.m_45s.2021.02.14_00_01_30_TAI.magnetogram_processed.npy;hmi.m_45s.2021.02.17_00_01_30_TAI.magnetogram_processed.npy;hmi.m_45s.2021.02.18_00_01_30_TAI.magnetogram_processed.npy
2021-02-11,2021-02-21,10.0,0.029551982879638672,1,hmi.m_45s.2021.02.11_00_01_30_TAI.magnetogram_processed.npy;hmi.m_45s.2021.02.14_00_01_30_TAI.magnetogram_processed.npy;hmi.m_45s.2021.02.17_00_01_30_TAI.magnetogram_processed.npy;hmi.m_45s.2021.02.18_00_01_30_TAI.magnetogram_processed.npy;hmi.m_45s.2021.02.21_00_01_30_TAI.magnetogram_processed.npy
2021-02-14,2021-02-22,8.0,0.016039609909057617,1,hmi.m_45s.2021.02.14_00_01_30_TAI.magnetogram_processed.npy;hmi.m_45s.2021.02.17_00_01_30_TAI.magnetogram_processed.npy;hmi.m_45s.2021.02.18_00_01_30_TAI.magnetogram_processed.npy;hmi.m_45s.2021.02.21_00_01_30_TAI.magnetogram_processed.npy;hmi.m_45s.2021.02.22_00_01_30_TAI.magnetogram_processed.npy
2021-02-17,2021-02-23,6.0,0.1032531261444094,0,hmi.m_45s.2021.02.17_00_01_30_TAI.magnetogram_processed.npy;hmi.m_45s.2021.02.18_00_01_30_TAI.magnetogram_processed.npy;hmi.m_45s.2021.02.21_00_01_30_TAI.magnetogram_processed.npy;hmi.m_45s.2021.02.22_00_01_30_TAI.magnetogram_processed.npy;hmi.m_45s.2021.02.23_00_01_30_TAI.magnetogram_processed.npy
2021-02-18,2021-02-27,9.0,0.06001591682434082,1,hmi.m_45s.2021.02.18_00_01_30_TAI.magnetogram_processed.npy;hmi.m_45s.2021.02.21_00_01_30_TAI.magnetogram_processed.npy;hmi.m_45s.2021.02.22_00_01_30_TAI.magnetogram_processed.npy;hmi.m_45s.2021.02.23_00_01_30_TAI.magnetogram_processed.npy;hmi.m_45s.2021.02.27_00_01_30_TAI.magnetogram_processed.npy
2021-02-21,2021-02-28,7.0,0.031006336212158203,2,hmi.m_45s.2021.02.21_00_01_30_TAI.magnetogram_processed.npy;hmi.m_45s.2021.02.22_00_01_30_TAI.magnetogram_processed.npy;hmi.m_45s.2021.02.23_00_01_30_TAI.magnetogram_processed.npy;hmi.m_45s.2021.02.27_00_01_30_TAI.magnetogram_processed.npy;hmi.m_45s.2021.02.28_00_01_30_TAI.magnetogram_processed.npy
2021-02-27,2021-03-09,10.0,-0.05260109901428223,3,hmi.m_45s.2021.02.27_00_01_30_TAI.magnetogram_processed.npy;hmi.m_45s.2021.02.28_00_01_30_TAI.magnetogram_processed.npy;hmi.m_45s.2021.03.06_00_01_30_TAI.magnetogram_processed.npy;hmi.m_45s.2021.03.07_00_01_30_TAI.magnetogram_processed.npy;hmi.m_45s.2021.03.09_00_01_30_TAI.magnetogram_processed.npy
2021-03-06,2021-03-15,9.0,0.021463632583618164,2,hmi.m_45s.2021.03.06_00_01_30_TAI.magnetogram_processed.npy;hmi.m_45s.2021.03.07_00_01_30_TAI.magnetogram_processed.npy;hmi.m_45s.2021.03.09_00_01_30_TAI.magnetogram_processed.npy;hmi.m_45s.2021.03.11_00_01_30_TAI.magnetogram_processed.npy;hmi.m_45s.2021.03.15_00_01_30_TAI.magnetogram_processed.npy
2021-03-07,2021-03-17,10.0,0.08626580238342307,1,hmi.m_45s.2021.03.07_00_01_30_TAI.magnetogram_processed.npy;hmi.m_45s.2021.03.09_00_01_30_TAI.magnetogram_processed.npy;hmi.m_45s.2021.03.11_00_01_30_TAI.magnetogram_processed.npy;hmi.m_45s.2021.03.15_00_01_30_TAI.magnetogram_processed.npy;hmi.m_45s.2021.03.17_00_01_30_TAI.magnetogram_processed.npy
2021-03-11,2021-03-21,10.0,-0.013130903244018555,1,hmi.m_45s.2021.03.11_00_01_30_TAI.magnetogram_processed.npy;hmi.m_45s.2021.03.15_00_01_30_TAI.magnetogram_processed.npy;hmi.m_45s.2021.03.17_00_01_30_TAI.magnetogram_processed.npy;hmi.m_45s.2021.03.20_00_01_30_TAI.magnetogram_processed.npy;hmi.m_45s.2021.03.21_00_01_30_TAI.magnetogram_processed.npy
2021-03-15,2021-03-22,7.0,0.02839565277099587,1,hmi.m_45s.2021.03.15_00_01_30_TAI.magnetogram_processed.npy;hmi.m_45s.2021.03.17_00_01_30_TAI.magnetogram_processed.npy;hmi.m_45s.2021.03.20_00_01_30_TAI.magnetogram_processed.npy;hmi.m_45s.2021.03.21_00_01_30_TAI.magnetogram_processed.npy;hmi.m_45s.2021.03.22_00_01_30_TAI.magnetogram_processed.npy
2021-03-17,2021-03-25,8.0,-0.10707378387451194,2,hmi.m_45s.2021.03.17_00_01_30_TAI.magnetogram_processed.npy;hmi.m_45s.2021.03.20_00_01_30_TAI.magnetogram_processed.npy;hmi.m_45s.2021.03.21_00_01_30_TAI.magnetogram_processed.npy;hmi.m_45s.2021.03.22_00_01_30_TAI.magnetogram_processed.npy;hmi.m_45s.2021.03.25_00_01_30_TAI.magnetogram_processed.npy
2021-03-20,2021-03-28,8.0,-0.020241737365722656,2,hmi.m_45s.2021.03.20_00_01_30_TAI.magnetogram_processed.npy;hmi.m_45s.2021.03.21_00_01_30_TAI.magnetogram_processed.npy;hmi.m_45s.2021.03.22_00_01_30_TAI.magnetogram_processed.npy;hmi.m_45s.2021.03.25_00_01_30_TAI.magnetogram_processed.npy;hmi.m_45s.2021.03.28_00_01_30_TAI.magnetogram_processed.npy
2021-03-21,2021-03-29,8.0,-0.03479719161987327,3,hmi.m_45s.2021.03.21_00_01_30_TAI.magnetogram_processed.npy;hmi.m_45s.2021.03.22_00_01_30_TAI.magnetogram_processed.npy;hmi.m_45s.2021.03.25_00_01_30_TAI.magnetogram_processed.npy;hmi.m_45s.2021.03.28_00_01_30_TAI.magnetogram_processed.npy;hmi.m_45s.2021.03.29_00_01_30_TAI.magnetogram_processed.npy
2021-03-22,2021-03-30,8.0,-0.1551866531372068,4,hmi.m_45s.2021.03.22_00_01_30_TAI.magnetogram_processed.npy;hmi.m_45s.2021.03.25_00_01_30_TAI.magnetogram_processed.npy;hmi.m_45s.2021.03.28_00_01_30_TAI.magnetogram_processed.npy;hmi.m_45s.2021.03.29_00_01_30_TAI.magnetogram_processed.npy;hmi.m_45s.2021.03.30_00_01_30_TAI.magnetogram_processed.npy
2021-03-25,2021-04-01,7.0,-0.07887482643127464,4,hmi.m_45s.2021.03.25_00_01_30_TAI.magnetogram_processed.npy;hmi.m_45s.2021.03.28_00_01_30_TAI.magnetogram_processed.npy;hmi.m_45s.2021.03.29_00_01_30_TAI.magnetogram_processed.npy;hmi.m_45s.2021.03.30_00_01_30_TAI.magnetogram_processed.npy;hmi.m_45s.2021.04.01_00_01_30_TAI.magnetogram_processed.npy
2021-03-28,2021-04-02,5.0,-0.05599260330200195,4,hmi.m_45s.2021.03.28_00_01_30_TAI.magnetogram_processed.npy;hmi.m_45s.2021.03.29_00_01_30_TAI.magnetogram_processed.npy;hmi.m_45s.2021.03.30_00_01_30_TAI.magnetogram_processed.npy;hmi.m_45s.2021.04.01_00_01_30_TAI.magnetogram_processed.npy;hmi.m_45s.2021.04.02_00_01_30_TAI.magnetogram_processed.npy
2021-03-29,2021-04-03,5.0,-0.09042024612426758,4,hmi.m_45s.2021.03.29_00_01_30_TAI.magnetogram_processed.npy;hmi.m_45s.2021.03.30_00_01_30_TAI.magnetogram_processed.npy;hmi.m_45s.2021.04.01_00_01_30_TAI.magnetogram_processed.npy;hmi.m_45s.2021.04.02_00_01_30_TAI.magnetogram_processed.npy;hmi.m_45s.2021.04.03_00_01_30_TAI.magnetogram_processed.npy
2021-03-30,2021-04-04,5.0,-0.06913542747497559,3,hmi.m_45s.2021.03.30_00_01_30_TAI.magnetogram_processed.npy;hmi.m_45s.2021.04.01_00_01_30_TAI.magnetogram_processed.npy;hmi.m_45s.2021.04.02_00_01_30_TAI.magnetogram_processed.npy;hmi.m_45s.2021.04.03_00_01_30_TAI.magnetogram_processed.npy;hmi.m_45s.2021.04.04_00_01_30_TAI.magnetogram_processed.npy
2021-04-01,2021-04-06,5.0,-0.06370544433593728,3,hmi.m_45s.2021.04.01_00_01_30_TAI.magnetogram_processed.npy;hmi.m_45s.2021.04.02_00_01_30_TAI.magnetogram_processed.npy;hmi.m_45s.2021.04.03_00_01_30_TAI.magnetogram_processed.npy;hmi.m_45s.2021.04.04_00_01_30_TAI.magnetogram_processed.npy;hmi.m_45s.2021.04.06_00_01_30_TAI.magnetogram_processed.npy
2021-04-02,2021-04-09,7.0,-0.039315223693847656,2,hmi.m_45s.2021.04.02_00_01_30_TAI.magnetogram_processed.npy;hmi.m_45s.2021.04.03_00_01_30_TAI.magnetogram_processed.npy;hmi.m_45s.2021.04.04_00_01_30_TAI.magnetogram_processed.npy;hmi.m_45s.2021.04.06_00_01_30_TAI.magnetogram_processed.npy;hmi.m_45s.2021.04.09_00_01_30_TAI.magnetogram_processed.npy
2021-04-06,2021-04-16,10.0,0.008952617645263672,2,hmi.m_45s.2021.04.06_00_01_30_TAI.magnetogram_processed.npy;hmi.m_45s.2021.04.09_00_01_30_TAI.magnetogram_processed.npy;hmi.m_45s.2021.04.14_00_01_30_TAI.magnetogram_processed.npy;hmi.m_45s.2021.04.15_00_01_30_TAI.magnetogram_processed.npy;hmi.m_45s.2021.04.16_00_01_30_TAI.magnetogram_processed.npy
2021-04-09,2021-04-18,9.0,0.14668703079223633,2,hmi.m_45s.2021.04.09_00_01_30_TAI.magnetogram_processed.npy;hmi.m_45s.2021.04.14_00_01_30_TAI.magnetogram_processed.npy;hmi.m_45s.2021.04.15_00_01_30_TAI.magnetogram_processed.npy;hmi.m_45s.2021.04.16_00_01_30_TAI.magnetogram_processed.npy;hmi.m_45s.2021.04.18_00_01_30_TAI.magnetogram_processed.npy
2021-04-14,2021-04-20,6.0,0.19289851188659668,1,hmi.m_45s.2021.04.14_00_01_30_TAI.magnetogram_processed.npy;hmi.m_45s.2021.04.15_00_01_30_TAI.magnetogram_processed.npy;hmi.m_45s.2021.04.16_00_01_30_TAI.magnetogram_processed.npy;hmi.m_45s.2021.04.18_00_01_30_TAI.magnetogram_processed.npy;hmi.m_45s.2021.04.20_00_01_30_TAI.magnetogram_processed.npy
2021-05-06,2021-05-16,10.0,0.014030933380126731,2,hmi.m_45s.2021.05.06_00_01_30_TAI.magnetogram_processed.npy;hmi.m_45s.2021.05.08_00_01_30_TAI.magnetogram_processed.npy;hmi.m_45s.2021.05.09_00_01_30_TAI.magnetogram_processed.npy;hmi.m_45s.2021.05.14_00_01_30_TAI.magnetogram_processed.npy;hmi.m_45s.2021.05.16_00_01_30_TAI.magnetogram_processed.npy
2021-05-28,2021-06-07,10.0,0.021326541900634766,1,hmi.m_45s.2021.05.28_00_01_30_TAI.magnetogram_processed.npy;hmi.m_45s.2021.05.31_00_01_30_TAI.magnetogram_processed.npy;hmi.m_45s.2021.06.03_00_01_30_TAI.magnetogram_processed.npy;hmi.m_45s.2021.06.06_00_01_30_TAI.magnetogram_processed.npy;hmi.m_45s.2021.06.07_00_01_30_TAI.magnetogram_processed.npy
2021-05-31,2021-06-09,9.0,0.05115866661071777,1,hmi.m_45s.2021.05.31_00_01_30_TAI.magnetogram_processed.npy;hmi.m_45s.2021.06.03_00_01_30_TAI.magnetogram_processed.npy;hmi.m_45s.2021.06.06_00_01_30_TAI.magnetogram_processed.npy;hmi.m_45s.2021.06.07_00_01_30_TAI.magnetogram_processed.npy;hmi.m_45s.2021.06.09_00_01_30_TAI.magnetogram_processed.npy
2021-06-03,2021-06-11,8.0,-0.007903575897216797,2,hmi.m_45s.2021.06.03_00_01_30_TAI.magnetogram_processed.npy;hmi.m_45s.2021.06.06_00_01_30_TAI.magnetogram_processed.npy;hmi.m_45s.2021.06.07_00_01_30_TAI.magnetogram_processed.npy;hmi.m_45s.2021.06.09_00_01_30_TAI.magnetogram_processed.npy;hmi.m_45s.2021.06.11_00_01_30_TAI.magnetogram_processed.npy
2021-06-06,2021-06-12,6.0,-0.020420551300048828,3,hmi.m_45s.2021.06.06_00_01_30_TAI.magnetogram_processed.npy;hmi.m_45s.2021.06.07_00_01_30_TAI.magnetogram_processed.npy;hmi.m_45s.2021.06.09_00_01_30_TAI.magnetogram_processed.npy;hmi.m_45s.2021.06.11_00_01_30_TAI.magnetogram_processed.npy;hmi.m_45s.2021.06.12_00_01_30_TAI.magnetogram_processed.npy
2021-06-07,2021-06-14,7.0,-0.04007816314697288,3,hmi.m_45s.2021.06.07_00_01_30_TAI.magnetogram_processed.npy;hmi.m_45s.2021.06.09_00_01_30_TAI.magnetogram_processed.npy;hmi.m_45s.2021.06.11_00_01_30_TAI.magnetogram_processed.npy;hmi.m_45s.2021.06.12_00_01_30_TAI.magnetogram_processed.npy;hmi.m_45s.2021.06.14_00_01_30_TAI.magnetogram_processed.npy
2021-06-09,2021-06-16,7.0,0.014865398406982644,2,hmi.m_45s.2021.06.09_00_01_30_TAI.magnetogram_processed.npy;hmi.m_45s.2021.06.11_00_01_30_TAI.magnetogram_processed.npy;hmi.m_45s.2021.06.12_00_01_30_TAI.magnetogram_processed.npy;hmi.m_45s.2021.06.14_00_01_30_TAI.magnetogram_processed.npy;hmi.m_45s.2021.06.16_00_01_30_TAI.magnetogram_processed.npy
2021-06-11,2021-06-17,6.0,0.03891587257385254,1,hmi.m_45s.2021.06.11_00_01_30_TAI.magnetogram_processed.npy;hmi.m_45s.2021.06.12_00_01_30_TAI.magnetogram_processed.npy;hmi.m_45s.2021.06.14_00_01_30_TAI.magnetogram_processed.npy;hmi.m_45s.2021.06.16_00_01_30_TAI.magnetogram_processed.npy;hmi.m_45s.2021.06.17_00_01_30_TAI.magnetogram_processed.npy
2021-06-12,2021-06-21,9.0,0.03853440284729004,1,hmi.m_45s.2021.06.12_00_01_30_TAI.magnetogram_processed.npy;hmi.m_45s.2021.06.14_00_01_30_TAI.magnetogram_processed.npy;hmi.m_45s.2021.06.16_00_01_30_TAI.magnetogram_processed.npy;hmi.m_45s.2021.06.17_00_01_30_TAI.magnetogram_processed.npy;hmi.m_45s.2021.06.21_00_01_30_TAI.magnetogram_processed.npy
2021-07-02,2021-07-12,10.0,-0.19857287406921387,3,hmi.m_45s.2021.07.02_00_01_30_TAI.magnetogram_processed.npy;hmi.m_45s.2021.07.05_00_01_30_TAI.magnetogram_processed.npy;hmi.m_45s.2021.07.08_00_01_30_TAI.magnetogram_processed.npy;hmi.m_45s.2021.07.09_00_01_30_TAI.magnetogram_processed.npy;hmi.m_45s.2021.07.12_00_01_30_TAI.magnetogram_processed.npy
2021-07-05,2021-07-14,9.0,-0.08678436279296875,2,hmi.m_45s.2021.07.05_00_01_30_TAI.magnetogram_processed.npy;hmi.m_45s.2021.07.08_00_01_30_TAI.magnetogram_processed.npy;hmi.m_45s.2021.07.09_00_01_30_TAI.magnetogram_processed.npy;hmi.m_45s.2021.07.12_00_01_30_TAI.magnetogram_processed.npy;hmi.m_45s.2021.07.14_00_01_30_TAI.magnetogram_processed.npy
2021-07-08,2021-07-17,9.0,0.0042378902435304955,2,hmi.m_45s.2021.07.08_00_01_30_TAI.magnetogram_processed.npy;hmi.m_45s.2021.07.09_00_01_30_TAI.magnetogram_processed.npy;hmi.m_45s.2021.07.12_00_01_30_TAI.magnetogram_processed.npy;hmi.m_45s.2021.07.14_00_01_30_TAI.magnetogram_processed.npy;hmi.m_45s.2021.07.17_00_01_30_TAI.magnetogram_processed.npy
2021-07-09,2021-07-18,9.0,0.04649162292480469,1,hmi.m_45s.2021.07.09_00_01_30_TAI.magnetogram_processed.npy;hmi.m_45s.2021.07.12_00_01_30_TAI.magnetogram_processed.npy;hmi.m_45s.2021.07.14_00_01_30_TAI.magnetogram_processed.npy;hmi.m_45s.2021.07.17_00_01_30_TAI.magnetogram_processed.npy;hmi.m_45s.2021.07.18_00_01_30_TAI.magnetogram_processed.npy
2021-07-12,2021-07-20,8.0,0.024509429931640625,2,hmi.m_45s.2021.07.12_00_01_30_TAI.magnetogram_processed.npy;hmi.m_45s.2021.07.14_00_01_30_TAI.magnetogram_processed.npy;hmi.m_45s.2021.07.17_00_01_30_TAI.magnetogram_processed.npy;hmi.m_45s.2021.07.18_00_01_30_TAI.magnetogram_processed.npy;hmi.m_45s.2021.07.20_00_01_30_TAI.magnetogram_processed.npy
2021-07-14,2021-07-23,9.0,0.0359654426574707,2,hmi.m_45s.2021.07.14_00_01_30_TAI.magnetogram_processed.npy;hmi.m_45s.2021.07.17_00_01_30_TAI.magnetogram_processed.npy;hmi.m_45s.2021.07.18_00_01_30_TAI.magnetogram_processed.npy;hmi.m_45s.2021.07.20_00_01_30_TAI.magnetogram_processed.npy;hmi.m_45s.2021.07.23_00_01_30_TAI.magnetogram_processed.npy
2021-07-17,2021-07-26,9.0,0.13077855110168435,1,hmi.m_45s.2021.07.17_00_01_30_TAI.magnetogram_processed.npy;hmi.m_45s.2021.07.18_00_01_30_TAI.magnetogram_processed.npy;hmi.m_45s.2021.07.20_00_01_30_TAI.magnetogram_processed.npy;hmi.m_45s.2021.07.23_00_01_30_TAI.magnetogram_processed.npy;hmi.m_45s.2021.07.26_00_01_30_TAI.magnetogram_processed.npy
2021-08-03,2021-08-13,10.0,0.03288388252258301,2,hmi.m_45s.2021.08.03_00_01_30_TAI.magnetogram_processed.npy;hmi.m_45s.2021.08.04_00_01_30_TAI.magnetogram_processed.npy;hmi.m_45s.2021.08.05_00_01_30_TAI.magnetogram_processed.npy;hmi.m_45s.2021.08.10_00_01_30_TAI.magnetogram_processed.npy;hmi.m_45s.2021.08.13_00_01_30_TAI.magnetogram_processed.npy
2021-09-06,2021-09-14,8.0,-0.16553997993469238,3,hmi.m_45s.2021.09.06_00_01_30_TAI.magnetogram_processed.npy;hmi.m_45s.2021.09.09_00_01_30_TAI.magnetogram_processed.npy;hmi.m_45s.2021.09.10_00_01_30_TAI.magnetogram_processed.npy;hmi.m_45s.2021.09.13_00_01_30_TAI.magnetogram_processed.npy;hmi.m_45s.2021.09.14_00_01_30_TAI.magnetogram_processed.npy
2021-09-09,2021-09-18,9.0,-0.29202699661254883,4,hmi.m_45s.2021.09.09_00_01_30_TAI.magnetogram_processed.npy;hmi.m_45s.2021.09.10_00_01_30_TAI.magnetogram_processed.npy;hmi.m_45s.2021.09.13_00_01_30_TAI.magnetogram_processed.npy;hmi.m_45s.2021.09.14_00_01_30_TAI.magnetogram_processed.npy;hmi.m_45s.2021.09.18_00_01_30_TAI.magnetogram_processed.npy
2021-09-10,2021-09-19,9.0,-0.2598881721496582,4,hmi.m_45s.2021.09.10_00_01_30_TAI.magnetogram_processed.npy;hmi.m_45s.2021.09.13_00_01_30_TAI.magnetogram_processed.npy;hmi.m_45s.2021.09.14_00_01_30_TAI.magnetogram_processed.npy;hmi.m_45s.2021.09.18_00_01_30_TAI.magnetogram_processed.npy;hmi.m_45s.2021.09.19_00_01_30_TAI.magnetogram_processed.npy
2021-09-13,2021-09-22,9.0,0.013166666030883789,3,hmi.m_45s.2021.09.13_00_01_30_TAI.magnetogram_processed.npy;hmi.m_45s.2021.09.14_00_01_30_TAI.magnetogram_processed.npy;hmi.m_45s.2021.09.18_00_01_30_TAI.magnetogram_processed.npy;hmi.m_45s.2021.09.19_00_01_30_TAI.magnetogram_processed.npy;hmi.m_45s.2021.09.22_00_01_30_TAI.magnetogram_processed.npy
2021-09-14,2021-09-23,9.0,0.10001659393310547,2,hmi.m_45s.2021.09.14_00_01_30_TAI.magnetogram_processed.npy;hmi.m_45s.2021.09.18_00_01_30_TAI.magnetogram_processed.npy;hmi.m_45s.2021.09.19_00_01_30_TAI.magnetogram_processed.npy;hmi.m_45s.2021.09.22_00_01_30_TAI.magnetogram_processed.npy;hmi.m_45s.2021.09.23_00_01_30_TAI.magnetogram_processed.npy
2021-09-18,2021-09-24,6.0,0.13267993927001953,1,hmi.m_45s.2021.09.18_00_01_30_TAI.magnetogram_processed.npy;hmi.m_45s.2021.09.19_00_01_30_TAI.magnetogram_processed.npy;hmi.m_45s.2021.09.22_00_01_30_TAI.magnetogram_processed.npy;hmi.m_45s.2021.09.23_00_01_30_TAI.magnetogram_processed.npy;hmi.m_45s.2021.09.24_00_01_30_TAI.magnetogram_processed.npy
2021-09-19,2021-09-25,6.0,0.12895464897155762,1,hmi.m_45s.2021.09.19_00_01_30_TAI.magnetogram_processed.npy;hmi.m_45s.2021.09.22_00_01_30_TAI.magnetogram_processed.npy;hmi.m_45s.2021.09.23_00_01_30_TAI.magnetogram_processed.npy;hmi.m_45s.2021.09.24_00_01_30_TAI.magnetogram_processed.npy;hmi.m_45s.2021.09.25_00_01_30_TAI.magnetogram_processed.npy
2021-09-22,2021-09-26,4.0,0.020045042037963867,2,hmi.m_45s.2021.09.22_00_01_30_TAI.magnetogram_processed.npy;hmi.m_45s.2021.09.23_00_01_30_TAI.magnetogram_processed.npy;hmi.m_45s.2021.09.24_00_01_30_TAI.magnetogram_processed.npy;hmi.m_45s.2021.09.25_00_01_30_TAI.magnetogram_processed.npy;hmi.m_45s.2021.09.26_00_01_30_TAI.magnetogram_processed.npy
2021-09-23,2021-09-27,4.0,-0.02574324607849121,3,hmi.m_45s.2021.09.23_00_01_30_TAI.magnetogram_processed.npy;hmi.m_45s.2021.09.24_00_01_30_TAI.magnetogram_processed.npy;hmi.m_45s.2021.09.25_00_01_30_TAI.magnetogram_processed.npy;hmi.m_45s.2021.09.26_00_01_30_TAI.magnetogram_processed.npy;hmi.m_45s.2021.09.27_00_01_30_TAI.magnetogram_processed.npy
2021-09-24,2021-09-30,6.0,-0.038921833038329856,4,hmi.m_45s.2021.09.24_00_01_30_TAI.magnetogram_processed.npy;hmi.m_45s.2021.09.25_00_01_30_TAI.magnetogram_processed.npy;hmi.m_45s.2021.09.26_00_01_30_TAI.magnetogram_processed.npy;hmi.m_45s.2021.09.27_00_01_30_TAI.magnetogram_processed.npy;hmi.m_45s.2021.09.30_00_01_30_TAI.magnetogram_processed.npy
2021-09-25,2021-10-01,6.0,-0.05649328231811501,4,hmi.m_45s.2021.09.25_00_01_30_TAI.magnetogram_processed.npy;hmi.m_45s.2021.09.26_00_01_30_TAI.magnetogram_processed.npy;hmi.m_45s.2021.09.27_00_01_30_TAI.magnetogram_processed.npy;hmi.m_45s.2021.09.30_00_01_30_TAI.magnetogram_processed.npy;hmi.m_45s.2021.10.01_00_01_30_TAI.magnetogram_processed.npy
2021-09-26,2021-10-02,6.0,-0.06185173988342285,4,hmi.m_45s.2021.09.26_00_01_30_TAI.magnetogram_processed.npy;hmi.m_45s.2021.09.27_00_01_30_TAI.magnetogram_processed.npy;hmi.m_45s.2021.09.30_00_01_30_TAI.magnetogram_processed.npy;hmi.m_45s.2021.10.01_00_01_30_TAI.magnetogram_processed.npy;hmi.m_45s.2021.10.02_00_01_30_TAI.magnetogram_processed.npy
2021-09-27,2021-10-06,9.0,-0.04512071609497048,4,hmi.m_45s.2021.09.27_00_01_30_TAI.magnetogram_processed.npy;hmi.m_45s.2021.09.30_00_01_30_TAI.magnetogram_processed.npy;hmi.m_45s.2021.10.01_00_01_30_TAI.magnetogram_processed.npy;hmi.m_45s.2021.10.02_00_01_30_TAI.magnetogram_processed.npy;hmi.m_45s.2021.10.06_00_01_30_TAI.magnetogram_processed.npy
2021-09-30,2021-10-09,9.0,-0.05640983581542991,4,hmi.m_45s.2021.09.30_00_01_30_TAI.magnetogram_processed.npy;hmi.m_45s.2021.10.01_00_01_30_TAI.magnetogram_processed.npy;hmi.m_45s.2021.10.02_00_01_30_TAI.magnetogram_processed.npy;hmi.m_45s.2021.10.06_00_01_30_TAI.magnetogram_processed.npy;hmi.m_45s.2021.10.09_00_01_30_TAI.magnetogram_processed.npy
2021-10-01,2021-10-10,9.0,-0.023627281188965066,3,hmi.m_45s.2021.10.01_00_01_30_TAI.magnetogram_processed.npy;hmi.m_45s.2021.10.02_00_01_30_TAI.magnetogram_processed.npy;hmi.m_45s.2021.10.06_00_01_30_TAI.magnetogram_processed.npy;hmi.m_45s.2021.10.09_00_01_30_TAI.magnetogram_processed.npy;hmi.m_45s.2021.10.10_00_01_30_TAI.magnetogram_processed.npy
2021-10-02,2021-10-12,10.0,-0.04207491874694824,3,hmi.m_45s.2021.10.02_00_01_30_TAI.magnetogram_processed.npy;hmi.m_45s.2021.10.06_00_01_30_TAI.magnetogram_processed.npy;hmi.m_45s.2021.10.09_00_01_30_TAI.magnetogram_processed.npy;hmi.m_45s.2021.10.10_00_01_30_TAI.magnetogram_processed.npy;hmi.m_45s.2021.10.12_00_01_30_TAI.magnetogram_processed.npy
2021-10-06,2021-10-16,10.0,-0.13949871063232444,3,hmi.m_45s.2021.10.06_00_01_30_TAI.magnetogram_processed.npy;hmi.m_45s.2021.10.09_00_01_30_TAI.magnetogram_processed.npy;hmi.m_45s.2021.10.10_00_01_30_TAI.magnetogram_processed.npy;hmi.m_45s.2021.10.12_00_01_30_TAI.magnetogram_processed.npy;hmi.m_45s.2021.10.16_00_01_30_TAI.magnetogram_processed.npy
2021-10-09,2021-10-17,8.0,-0.14282464981079102,3,hmi.m_45s.2021.10.09_00_01_30_TAI.magnetogram_processed.npy;hmi.m_45s.2021.10.10_00_01_30_TAI.magnetogram_processed.npy;hmi.m_45s.2021.10.12_00_01_30_TAI.magnetogram_processed.npy;hmi.m_45s.2021.10.16_00_01_30_TAI.magnetogram_processed.npy;hmi.m_45s.2021.10.17_00_01_30_TAI.magnetogram_processed.npy
2021-10-10,2021-10-18,8.0,-0.14549493789672852,3,hmi.m_45s.2021.10.10_00_01_30_TAI.magnetogram_processed.npy;hmi.m_45s.2021.10.12_00_01_30_TAI.magnetogram_processed.npy;hmi.m_45s.2021.10.16_00_01_30_TAI.magnetogram_processed.npy;hmi.m_45s.2021.10.17_00_01_30_TAI.magnetogram_processed.npy;hmi.m_45s.2021.10.18_00_01_30_TAI.magnetogram_processed.npy
2021-10-12,2021-10-21,9.0,-0.10228753089904785,2,hmi.m_45s.2021.10.12_00_01_30_TAI.magnetogram_processed.npy;hmi.m_45s.2021.10.16_00_01_30_TAI.magnetogram_processed.npy;hmi.m_45s.2021.10.17_00_01_30_TAI.magnetogram_processed.npy;hmi.m_45s.2021.10.18_00_01_30_TAI.magnetogram_processed.npy;hmi.m_45s.2021.10.21_00_01_30_TAI.magnetogram_processed.npy
2021-10-16,2021-10-22,6.0,0.04228353500366211,1,hmi.m_45s.2021.10.16_00_01_30_TAI.magnetogram_processed.npy;hmi.m_45s.2021.10.17_00_01_30_TAI.magnetogram_processed.npy;hmi.m_45s.2021.10.18_00_01_30_TAI.magnetogram_processed.npy;hmi.m_45s.2021.10.21_00_01_30_TAI.magnetogram_processed.npy;hmi.m_45s.2021.10.22_00_01_30_TAI.magnetogram_processed.npy
2021-10-17,2021-10-25,8.0,0.12912750244140625,0,hmi.m_45s.2021.10.17_00_01_30_TAI.magnetogram_processed.npy;hmi.m_45s.2021.10.18_00_01_30_TAI.magnetogram_processed.npy;hmi.m_45s.2021.10.21_00_01_30_TAI.magnetogram_processed.npy;hmi.m_45s.2021.10.22_00_01_30_TAI.magnetogram_processed.npy;hmi.m_45s.2021.10.25_00_01_30_TAI.magnetogram_processed.npy
2021-10-18,2021-10-27,9.0,0.19683241844177246,0,hmi.m_45s.2021.10.18_00_01_30_TAI.magnetogram_processed.npy;hmi.m_45s.2021.10.21_00_01_30_TAI.magnetogram_processed.npy;hmi.m_45s.2021.10.22_00_01_30_TAI.magnetogram_processed.npy;hmi.m_45s.2021.10.25_00_01_30_TAI.magnetogram_processed.npy;hmi.m_45s.2021.10.27_00_01_30_TAI.magnetogram_processed.npy
2021-10-21,2021-10-29,8.0,0.3022730350494385,0,hmi.m_45s.2021.10.21_00_01_30_TAI.magnetogram_processed.npy;hmi.m_45s.2021.10.22_00_01_30_TAI.magnetogram_processed.npy;hmi.m_45s.2021.10.25_00_01_30_TAI.magnetogram_processed.npy;hmi.m_45s.2021.10.27_00_01_30_TAI.magnetogram_processed.npy;hmi.m_45s.2021.10.29_00_01_30_TAI.magnetogram_processed.npy
2021-10-22,2021-11-01,10.0,0.13579726219177246,1,hmi.m_45s.2021.10.22_00_01_30_TAI.magnetogram_processed.npy;hmi.m_45s.2021.10.25_00_01_30_TAI.magnetogram_processed.npy;hmi.m_45s.2021.10.27_00_01_30_TAI.magnetogram_processed.npy;hmi.m_45s.2021.10.29_00_01_30_TAI.magnetogram_processed.npy;hmi.m_45s.2021.11.01_00_01_30_TAI.magnetogram_processed.npy
2021-10-25,2021-11-03,9.0,0.03585219383239746,2,hmi.m_45s.2021.10.25_00_01_30_TAI.magnetogram_processed.npy;hmi.m_45s.2021.10.27_00_01_30_TAI.magnetogram_processed.npy;hmi.m_45s.2021.10.29_00_01_30_TAI.magnetogram_processed.npy;hmi.m_45s.2021.11.01_00_01_30_TAI.magnetogram_processed.npy;hmi.m_45s.2021.11.03_00_01_30_TAI.magnetogram_processed.npy
2021-10-27,2021-11-04,8.0,-0.07368922233581543,3,hmi.m_45s.2021.10.27_00_01_30_TAI.magnetogram_processed.npy;hmi.m_45s.2021.10.29_00_01_30_TAI.magnetogram_processed.npy;hmi.m_45s.2021.11.01_00_01_30_TAI.magnetogram_processed.npy;hmi.m_45s.2021.11.03_00_01_30_TAI.magnetogram_processed.npy;hmi.m_45s.2021.11.04_00_01_30_TAI.magnetogram_processed.npy
2021-10-29,2021-11-05,7.0,-0.21328330039978027,4,hmi.m_45s.2021.10.29_00_01_30_TAI.magnetogram_processed.npy;hmi.m_45s.2021.11.01_00_01_30_TAI.magnetogram_processed.npy;hmi.m_45s.2021.11.03_00_01_30_TAI.magnetogram_processed.npy;hmi.m_45s.2021.11.04_00_01_30_TAI.magnetogram_processed.npy;hmi.m_45s.2021.11.05_00_01_30_TAI.magnetogram_processed.npy
2021-11-01,2021-11-06,5.0,-0.03578662872314453,3,hmi.m_45s.2021.11.01_00_01_30_TAI.magnetogram_processed.npy;hmi.m_45s.2021.11.03_00_01_30_TAI.magnetogram_processed.npy;hmi.m_45s.2021.11.04_00_01_30_TAI.magnetogram_processed.npy;hmi.m_45s.2021.11.05_00_01_30_TAI.magnetogram_processed.npy;hmi.m_45s.2021.11.06_00_01_30_TAI.magnetogram_processed.npy
2021-11-03,2021-11-11,8.0,-0.05251169204711936,3,hmi.m_45s.2021.11.03_00_01_30_TAI.magnetogram_processed.npy;hmi.m_45s.2021.11.04_00_01_30_TAI.magnetogram_processed.npy;hmi.m_45s.2021.11.05_00_01_30_TAI.magnetogram_processed.npy;hmi.m_45s.2021.11.06_00_01_30_TAI.magnetogram_processed.npy;hmi.m_45s.2021.11.11_00_01_30_TAI.magnetogram_processed.npy
2021-11-04,2021-11-12,8.0,-0.030177831649780273,3,hmi.m_45s.2021.11.04_00_01_30_TAI.magnetogram_processed.npy;hmi.m_45s.2021.11.05_00_01_30_TAI.magnetogram_processed.npy;hmi.m_45s.2021.11.06_00_01_30_TAI.magnetogram_processed.npy;hmi.m_45s.2021.11.11_00_01_30_TAI.magnetogram_processed.npy;hmi.m_45s.2021.11.12_00_01_30_TAI.magnetogram_processed.npy
2021-11-11,2021-11-20,9.0,-0.06707310676574685,3,hmi.m_45s.2021.11.11_00_01_30_TAI.magnetogram_processed.npy;hmi.m_45s.2021.11.12_00_01_30_TAI.magnetogram_processed.npy;hmi.m_45s.2021.11.18_00_01_30_TAI.magnetogram_processed.npy;hmi.m_45s.2021.11.19_00_01_30_TAI.magnetogram_processed.npy;hmi.m_45s.2021.11.20_00_01_30_TAI.magnetogram_processed.npy
2021-11-18,2021-11-24,6.0,0.09289383888244629,1,hmi.m_45s.2021.11.18_00_01_30_TAI.magnetogram_processed.npy;hmi.m_45s.2021.11.19_00_01_30_TAI.magnetogram_processed.npy;hmi.m_45s.2021.11.20_00_01_30_TAI.magnetogram_processed.npy;hmi.m_45s.2021.11.23_00_01_30_TAI.magnetogram_processed.npy;hmi.m_45s.2021.11.24_00_01_30_TAI.magnetogram_processed.npy
2021-11-19,2021-11-25,6.0,0.09250044822692893,1,hmi.m_45s.2021.11.19_00_01_30_TAI.magnetogram_processed.npy;hmi.m_45s.2021.11.20_00_01_30_TAI.magnetogram_processed.npy;hmi.m_45s.2021.11.23_00_01_30_TAI.magnetogram_processed.npy;hmi.m_45s.2021.11.24_00_01_30_TAI.magnetogram_processed.npy;hmi.m_45s.2021.11.25_00_01_30_TAI.magnetogram_processed.npy
2021-11-20,2021-11-26,6.0,0.08733272552490234,1,hmi.m_45s.2021.11.20_00_01_30_TAI.magnetogram_processed.npy;hmi.m_45s.2021.11.23_00_01_30_TAI.magnetogram_processed.npy;hmi.m_45s.2021.11.24_00_01_30_TAI.magnetogram_processed.npy;hmi.m_45s.2021.11.25_00_01_30_TAI.magnetogram_processed.npy;hmi.m_45s.2021.11.26_00_01_30_TAI.magnetogram_processed.npy
2021-11-23,2021-11-27,4.0,0.07637143135070801,1,hmi.m_45s.2021.11.23_00_01_30_TAI.magnetogram_processed.npy;hmi.m_45s.2021.11.24_00_01_30_TAI.magnetogram_processed.npy;hmi.m_45s.2021.11.25_00_01_30_TAI.magnetogram_processed.npy;hmi.m_45s.2021.11.26_00_01_30_TAI.magnetogram_processed.npy;hmi.m_45s.2021.11.27_00_01_30_TAI.magnetogram_processed.npy
2021-11-24,2021-11-28,4.0,0.010180473327636719,2,hmi.m_45s.2021.11.24_00_01_30_TAI.magnetogram_processed.npy;hmi.m_45s.2021.11.25_00_01_30_TAI.magnetogram_processed.npy;hmi.m_45s.2021.11.26_00_01_30_TAI.magnetogram_processed.npy;hmi.m_45s.2021.11.27_00_01_30_TAI.magnetogram_processed.npy;hmi.m_45s.2021.11.28_00_01_30_TAI.magnetogram_processed.npy
2021-11-25,2021-11-30,5.0,-0.003242492675781472,2,hmi.m_45s.2021.11.25_00_01_30_TAI.magnetogram_processed.npy;hmi.m_45s.2021.11.26_00_01_30_TAI.magnetogram_processed.npy;hmi.m_45s.2021.11.27_00_01_30_TAI.magnetogram_processed.npy;hmi.m_45s.2021.11.28_00_01_30_TAI.magnetogram_processed.npy;hmi.m_45s.2021.11.30_00_01_30_TAI.magnetogram_processed.npy
2021-11-26,2021-12-03,7.0,0.017499923706054688,1,hmi.m_45s.2021.11.26_00_01_30_TAI.magnetogram_processed.npy;hmi.m_45s.2021.11.27_00_01_30_TAI.magnetogram_processed.npy;hmi.m_45s.2021.11.28_00_01_30_TAI.magnetogram_processed.npy;hmi.m_45s.2021.11.30_00_01_30_TAI.magnetogram_processed.npy;hmi.m_45s.2021.12.03_00_01_30_TAI.magnetogram_processed.npy
2021-11-27,2021-12-05,8.0,-0.08638501167297363,2,hmi.m_45s.2021.11.27_00_01_30_TAI.magnetogram_processed.npy;hmi.m_45s.2021.11.28_00_01_30_TAI.magnetogram_processed.npy;hmi.m_45s.2021.11.30_00_01_30_TAI.magnetogram_processed.npy;hmi.m_45s.2021.12.03_00_01_30_TAI.magnetogram_processed.npy;hmi.m_45s.2021.12.05_00_01_30_TAI.magnetogram_processed.npy
2021-11-28,2021-12-06,8.0,-0.09463429450988792,2,hmi.m_45s.2021.11.28_00_01_30_TAI.magnetogram_processed.npy;hmi.m_45s.2021.11.30_00_01_30_TAI.magnetogram_processed.npy;hmi.m_45s.2021.12.03_00_01_30_TAI.magnetogram_processed.npy;hmi.m_45s.2021.12.05_00_01_30_TAI.magnetogram_processed.npy;hmi.m_45s.2021.12.06_00_01_30_TAI.magnetogram_processed.npy
2021-11-30,2021-12-09,9.0,-0.09696483612060547,2,hmi.m_45s.2021.11.30_00_01_30_TAI.magnetogram_processed.npy;hmi.m_45s.2021.12.03_00_01_30_TAI.magnetogram_processed.npy;hmi.m_45s.2021.12.05_00_01_30_TAI.magnetogram_processed.npy;hmi.m_45s.2021.12.06_00_01_30_TAI.magnetogram_processed.npy;hmi.m_45s.2021.12.09_00_01_30_TAI.magnetogram_processed.npy
2021-12-03,2021-12-10,7.0,-0.09736418724060059,2,hmi.m_45s.2021.12.03_00_01_30_TAI.magnetogram_processed.npy;hmi.m_45s.2021.12.05_00_01_30_TAI.magnetogram_processed.npy;hmi.m_45s.2021.12.06_00_01_30_TAI.magnetogram_processed.npy;hmi.m_45s.2021.12.09_00_01_30_TAI.magnetogram_processed.npy;hmi.m_45s.2021.12.10_00_01_30_TAI.magnetogram_processed.npy
2021-12-05,2021-12-11,6.0,-0.034689903259277344,2,hmi.m_45s.2021.12.05_00_01_30_TAI.magnetogram_processed.npy;hmi.m_45s.2021.12.06_00_01_30_TAI.magnetogram_processed.npy;hmi.m_45s.2021.12.09_00_01_30_TAI.magnetogram_processed.npy;hmi.m_45s.2021.12.10_00_01_30_TAI.magnetogram_processed.npy;hmi.m_45s.2021.12.11_00_01_30_TAI.magnetogram_processed.npy
2021-12-06,2021-12-14,8.0,-0.0011026859283445045,1,hmi.m_45s.2021.12.06_00_01_30_TAI.magnetogram_processed.npy;hmi.m_45s.2021.12.09_00_01_30_TAI.magnetogram_processed.npy;hmi.m_45s.2021.12.10_00_01_30_TAI.magnetogram_processed.npy;hmi.m_45s.2021.12.11_00_01_30_TAI.magnetogram_processed.npy;hmi.m_45s.2021.12.14_00_01_30_TAI.magnetogram_processed.npy
2021-12-09,2021-12-16,7.0,0.15877485275268555,1,hmi.m_45s.2021.12.09_00_01_30_TAI.magnetogram_processed.npy;hmi.m_45s.2021.12.10_00_01_30_TAI.magnetogram_processed.npy;hmi.m_45s.2021.12.11_00_01_30_TAI.magnetogram_processed.npy;hmi.m_45s.2021.12.14_00_01_30_TAI.magnetogram_processed.npy;hmi.m_45s.2021.12.16_00_01_30_TAI.magnetogram_processed.npy
2021-12-10,2021-12-19,9.0,0.32413601875305176,1,hmi.m_45s.2021.12.10_00_01_30_TAI.magnetogram_processed.npy;hmi.m_45s.2021.12.11_00_01_30_TAI.magnetogram_processed.npy;hmi.m_45s.2021.12.14_00_01_30_TAI.magnetogram_processed.npy;hmi.m_45s.2021.12.16_00_01_30_TAI.magnetogram_processed.npy;hmi.m_45s.2021.12.19_00_01_30_TAI.magnetogram_processed.npy
2021-12-11,2021-12-20,9.0,0.3492414951324463,0,hmi.m_45s.2021.12.11_00_01_30_TAI.magnetogram_processed.npy;hmi.m_45s.2021.12.14_00_01_30_TAI.magnetogram_processed.npy;hmi.m_45s.2021.12.16_00_01_30_TAI.magnetogram_processed.npy;hmi.m_45s.2021.12.19_00_01_30_TAI.magnetogram_processed.npy;hmi.m_45s.2021.12.20_00_01_30_TAI.magnetogram_processed.npy
2021-12-14,2021-12-22,8.0,0.453948974609375,0,hmi.m_45s.2021.12.14_00_01_30_TAI.magnetogram_processed.npy;hmi.m_45s.2021.12.16_00_01_30_TAI.magnetogram_processed.npy;hmi.m_45s.2021.12.19_00_01_30_TAI.magnetogram_processed.npy;hmi.m_45s.2021.12.20_00_01_30_TAI.magnetogram_processed.npy;hmi.m_45s.2021.12.22_00_01_30_TAI.magnetogram_processed.npy
2021-12-16,2021-12-23,7.0,0.26921629905700684,1,hmi.m_45s.2021.12.16_00_01_30_TAI.magnetogram_processed.npy;hmi.m_45s.2021.12.19_00_01_30_TAI.magnetogram_processed.npy;hmi.m_45s.2021.12.20_00_01_30_TAI.magnetogram_processed.npy;hmi.m_45s.2021.12.22_00_01_30_TAI.magnetogram_processed.npy;hmi.m_45s.2021.12.23_00_01_30_TAI.magnetogram_processed.npy
2021-12-19,2021-12-24,5.0,0.0970602035522461,2,hmi.m_45s.2021.12.19_00_01_30_TAI.magnetogram_processed.npy;hmi.m_45s.2021.12.20_00_01_30_TAI.magnetogram_processed.npy;hmi.m_45s.2021.12.22_00_01_30_TAI.magnetogram_processed.npy;hmi.m_45s.2021.12.23_00_01_30_TAI.magnetogram_processed.npy;hmi.m_45s.2021.12.24_00_01_30_TAI.magnetogram_processed.npy
2021-12-20,2021-12-27,7.0,0.0881314277648928,3,hmi.m_45s.2021.12.20_00_01_30_TAI.magnetogram_processed.npy;hmi.m_45s.2021.12.22_00_01_30_TAI.magnetogram_processed.npy;hmi.m_45s.2021.12.23_00_01_30_TAI.magnetogram_processed.npy;hmi.m_45s.2021.12.24_00_01_30_TAI.magnetogram_processed.npy;hmi.m_45s.2021.12.27_00_01_30_TAI.magnetogram_processed.npy
2021-12-27,2022-01-05,9.0,-0.31965970993042014,3,hmi.m_45s.2021.12.27_00_01_30_TAI.magnetogram_processed.npy;hmi.m_45s.2022.01.02_00_01_30_TAI.magnetogram_processed.npy;hmi.m_45s.2022.01.03_00_01_30_TAI.magnetogram_processed.npy;hmi.m_45s.2022.01.04_00_01_30_TAI.magnetogram_processed.npy;hmi.m_45s.2022.01.05_00_01_30_TAI.magnetogram_processed.npy
2022-01-02,2022-01-06,4.0,-0.02104043960571289,2,hmi.m_45s.2022.01.02_00_01_30_TAI.magnetogram_processed.npy;hmi.m_45s.2022.01.03_00_01_30_TAI.magnetogram_processed.npy;hmi.m_45s.2022.01.04_00_01_30_TAI.magnetogram_processed.npy;hmi.m_45s.2022.01.05_00_01_30_TAI.magnetogram_processed.npy;hmi.m_45s.2022.01.06_00_01_30_TAI.magnetogram_processed.npy
2022-01-03,2022-01-08,5.0,0.13725757598876975,1,hmi.m_45s.2022.01.03_00_01_30_TAI.magnetogram_processed.npy;hmi.m_45s.2022.01.04_00_01_30_TAI.magnetogram_processed.npy;hmi.m_45s.2022.01.05_00_01_30_TAI.magnetogram_processed.npy;hmi.m_45s.2022.01.06_00_01_30_TAI.magnetogram_processed.npy;hmi.m_45s.2022.01.08_00_01_30_TAI.magnetogram_processed.npy
2022-01-04,2022-01-09,5.0,0.16329288482666016,0,hmi.m_45s.2022.01.04_00_01_30_TAI.magnetogram_processed.npy;hmi.m_45s.2022.01.05_00_01_30_TAI.magnetogram_processed.npy;hmi.m_45s.2022.01.06_00_01_30_TAI.magnetogram_processed.npy;hmi.m_45s.2022.01.08_00_01_30_TAI.magnetogram_processed.npy;hmi.m_45s.2022.01.09_00_01_30_TAI.magnetogram_processed.npy
2022-01-05,2022-01-10,5.0,0.17684102058410645,0,hmi.m_45s.2022.01.05_00_01_30_TAI.magnetogram_processed.npy;hmi.m_45s.2022.01.06_00_01_30_TAI.magnetogram_processed.npy;hmi.m_45s.2022.01.08_00_01_30_TAI.magnetogram_processed.npy;hmi.m_45s.2022.01.09_00_01_30_TAI.magnetogram_processed.npy;hmi.m_45s.2022.01.10_00_01_30_TAI.magnetogram_processed.npy
2022-01-20,2022-01-29,9.0,0.07739663124084473,2,hmi.m_45s.2022.01.20_00_01_30_TAI.magnetogram_processed.npy;hmi.m_45s.2022.01.21_00_01_30_TAI.magnetogram_processed.npy;hmi.m_45s.2022.01.24_00_01_30_TAI.magnetogram_processed.npy;hmi.m_45s.2022.01.25_00_01_30_TAI.magnetogram_processed.npy;hmi.m_45s.2022.01.29_00_01_30_TAI.magnetogram_processed.npy
2022-03-17,2022-03-24,7.0,-0.10541677474975586,2,hmi.m_45s.2022.03.17_00_01_30_TAI.magnetogram_processed.npy;hmi.m_45s.2022.03.20_00_01_30_TAI.magnetogram_processed.npy;hmi.m_45s.2022.03.21_00_01_30_TAI.magnetogram_processed.npy;hmi.m_45s.2022.03.23_00_01_30_TAI.magnetogram_processed.npy;hmi.m_45s.2022.03.24_00_01_30_TAI.magnetogram_processed.npy
2022-03-20,2022-03-25,5.0,0.0806272029876709,1,hmi.m_45s.2022.03.20_00_01_30_TAI.magnetogram_processed.npy;hmi.m_45s.2022.03.21_00_01_30_TAI.magnetogram_processed.npy;hmi.m_45s.2022.03.23_00_01_30_TAI.magnetogram_processed.npy;hmi.m_45s.2022.03.24_00_01_30_TAI.magnetogram_processed.npy;hmi.m_45s.2022.03.25_00_01_30_TAI.magnetogram_processed.npy
2022-03-21,2022-03-28,7.0,0.3352582454681394,0,hmi.m_45s.2022.03.21_00_01_30_TAI.magnetogram_processed.npy;hmi.m_45s.2022.03.23_00_01_30_TAI.magnetogram_processed.npy;hmi.m_45s.2022.03.24_00_01_30_TAI.magnetogram_processed.npy;hmi.m_45s.2022.03.25_00_01_30_TAI.magnetogram_processed.npy;hmi.m_45s.2022.03.28_00_01_30_TAI.magnetogram_processed.npy
2022-03-23,2022-03-29,6.0,0.42068958282470725,0,hmi.m_45s.2022.03.23_00_01_30_TAI.magnetogram_processed.npy;hmi.m_45s.2022.03.24_00_01_30_TAI.magnetogram_processed.npy;hmi.m_45s.2022.03.25_00_01_30_TAI.magnetogram_processed.npy;hmi.m_45s.2022.03.28_00_01_30_TAI.magnetogram_processed.npy;hmi.m_45s.2022.03.29_00_01_30_TAI.magnetogram_processed.npy
2022-03-24,2022-03-30,6.0,0.370556116104126,1,hmi.m_45s.2022.03.24_00_01_30_TAI.magnetogram_processed.npy;hmi.m_45s.2022.03.25_00_01_30_TAI.magnetogram_processed.npy;hmi.m_45s.2022.03.28_00_01_30_TAI.magnetogram_processed.npy;hmi.m_45s.2022.03.29_00_01_30_TAI.magnetogram_processed.npy;hmi.m_45s.2022.03.30_00_01_30_TAI.magnetogram_processed.npy
2022-03-25,2022-04-01,7.0,0.2633512020111084,2,hmi.m_45s.2022.03.25_00_01_30_TAI.magnetogram_processed.npy;hmi.m_45s.2022.03.28_00_01_30_TAI.magnetogram_processed.npy;hmi.m_45s.2022.03.29_00_01_30_TAI.magnetogram_processed.npy;hmi.m_45s.2022.03.30_00_01_30_TAI.magnetogram_processed.npy;hmi.m_45s.2022.04.01_00_01_30_TAI.magnetogram_processed.npy
2022-03-28,2022-04-03,6.0,0.061082839965820535,2,hmi.m_45s.2022.03.28_00_01_30_TAI.magnetogram_processed.npy;hmi.m_45s.2022.03.29_00_01_30_TAI.magnetogram_processed.npy;hmi.m_45s.2022.03.30_00_01_30_TAI.magnetogram_processed.npy;hmi.m_45s.2022.04.01_00_01_30_TAI.magnetogram_processed.npy;hmi.m_45s.2022.04.03_00_01_30_TAI.magnetogram_processed.npy
2022-03-29,2022-04-05,7.0,-0.1275360584259031,3,hmi.m_45s.2022.03.29_00_01_30_TAI.magnetogram_processed.npy;hmi.m_45s.2022.03.30_00_01_30_TAI.magnetogram_processed.npy;hmi.m_45s.2022.04.01_00_01_30_TAI.magnetogram_processed.npy;hmi.m_45s.2022.04.03_00_01_30_TAI.magnetogram_processed.npy;hmi.m_45s.2022.04.05_00_01_30_TAI.magnetogram_processed.npy
2022-03-30,2022-04-06,7.0,-0.1492142677307131,3,hmi.m_45s.2022.03.30_00_01_30_TAI.magnetogram_processed.npy;hmi.m_45s.2022.04.01_00_01_30_TAI.magnetogram_processed.npy;hmi.m_45s.2022.04.03_00_01_30_TAI.magnetogram_processed.npy;hmi.m_45s.2022.04.05_00_01_30_TAI.magnetogram_processed.npy;hmi.m_45s.2022.04.06_00_01_30_TAI.magnetogram_processed.npy
2022-04-01,2022-04-09,8.0,-0.2806127071380615,3,hmi.m_45s.2022.04.01_00_01_30_TAI.magnetogram_processed.npy;hmi.m_45s.2022.04.03_00_01_30_TAI.magnetogram_processed.npy;hmi.m_45s.2022.04.05_00_01_30_TAI.magnetogram_processed.npy;hmi.m_45s.2022.04.06_00_01_30_TAI.magnetogram_processed.npy;hmi.m_45s.2022.04.09_00_01_30_TAI.magnetogram_processed.npy
2022-04-15,2022-04-21,6.0,0.3744959831237793,1,hmi.m_45s.2022.04.15_00_01_30_TAI.magnetogram_processed.npy;hmi.m_45s.2022.04.17_00_01_30_TAI.magnetogram_processed.npy;hmi.m_45s.2022.04.19_00_01_30_TAI.magnetogram_processed.npy;hmi.m_45s.2022.04.20_00_01_30_TAI.magnetogram_processed.npy;hmi.m_45s.2022.04.21_00_01_30_TAI.magnetogram_processed.npy
2022-04-17,2022-04-22,5.0,0.3051161766052246,1,hmi.m_45s.2022.04.17_00_01_30_TAI.magnetogram_processed.npy;hmi.m_45s.2022.04.19_00_01_30_TAI.magnetogram_processed.npy;hmi.m_45s.2022.04.20_00_01_30_TAI.magnetogram_processed.npy;hmi.m_45s.2022.04.21_00_01_30_TAI.magnetogram_processed.npy;hmi.m_45s.2022.04.22_00_01_30_TAI.magnetogram_processed.npy
2022-04-19,2022-04-25,6.0,0.195997953414917,1,hmi.m_45s.2022.04.19_00_01_30_TAI.magnetogram_processed.npy;hmi.m_45s.2022.04.20_00_01_30_TAI.magnetogram_processed.npy;hmi.m_45s.2022.04.21_00_01_30_TAI.magnetogram_processed.npy;hmi.m_45s.2022.04.22_00_01_30_TAI.magnetogram_processed.npy;hmi.m_45s.2022.04.25_00_01_30_TAI.magnetogram_processed.npy
2022-04-20,2022-04-29,9.0,-0.15446543693542458,2,hmi.m_45s.2022.04.20_00_01_30_TAI.magnetogram_processed.npy;hmi.m_45s.2022.04.21_00_01_30_TAI.magnetogram_processed.npy;hmi.m_45s.2022.04.22_00_01_30_TAI.magnetogram_processed.npy;hmi.m_45s.2022.04.25_00_01_30_TAI.magnetogram_processed.npy;hmi.m_45s.2022.04.29_00_01_30_TAI.magnetogram_processed.npy
2022-04-21,2022-05-01,10.0,-0.2325892448425293,2,hmi.m_45s.2022.04.21_00_01_30_TAI.magnetogram_processed.npy;hmi.m_45s.2022.04.22_00_01_30_TAI.magnetogram_processed.npy;hmi.m_45s.2022.04.25_00_01_30_TAI.magnetogram_processed.npy;hmi.m_45s.2022.04.29_00_01_30_TAI.magnetogram_processed.npy;hmi.m_45s.2022.05.01_00_01_30_TAI.magnetogram_processed.npy
2022-04-29,2022-05-08,9.0,-0.1625180244445803,3,hmi.m_45s.2022.04.29_00_01_30_TAI.magnetogram_processed.npy;hmi.m_45s.2022.05.01_00_01_30_TAI.magnetogram_processed.npy;hmi.m_45s.2022.05.05_00_01_30_TAI.magnetogram_processed.npy;hmi.m_45s.2022.05.07_00_01_30_TAI.magnetogram_processed.npy;hmi.m_45s.2022.05.08_00_01_30_TAI.magnetogram_processed.npy
2022-05-01,2022-05-11,10.0,-0.026935338973999023,2,hmi.m_45s.2022.05.01_00_01_30_TAI.magnetogram_processed.npy;hmi.m_45s.2022.05.05_00_01_30_TAI.magnetogram_processed.npy;hmi.m_45s.2022.05.07_00_01_30_TAI.magnetogram_processed.npy;hmi.m_45s.2022.05.08_00_01_30_TAI.magnetogram_processed.npy;hmi.m_45s.2022.05.11_00_01_30_TAI.magnetogram_processed.npy
2022-05-05,2022-05-15,10.0,0.14394521713256814,1,hmi.m_45s.2022.05.05_00_01_30_TAI.magnetogram_processed.npy;hmi.m_45s.2022.05.07_00_01_30_TAI.magnetogram_processed.npy;hmi.m_45s.2022.05.08_00_01_30_TAI.magnetogram_processed.npy;hmi.m_45s.2022.05.11_00_01_30_TAI.magnetogram_processed.npy;hmi.m_45s.2022.05.15_00_01_30_TAI.magnetogram_processed.npy
2022-05-07,2022-05-17,10.0,0.2826273441314697,1,hmi.m_45s.2022.05.07_00_01_30_TAI.magnetogram_processed.npy;hmi.m_45s.2022.05.08_00_01_30_TAI.magnetogram_processed.npy;hmi.m_45s.2022.05.11_00_01_30_TAI.magnetogram_processed.npy;hmi.m_45s.2022.05.15_00_01_30_TAI.magnetogram_processed.npy;hmi.m_45s.2022.05.17_00_01_30_TAI.magnetogram_processed.npy
2022-05-08,2022-05-18,10.0,0.3648102283477783,0,hmi.m_45s.2022.05.08_00_01_30_TAI.magnetogram_processed.npy;hmi.m_45s.2022.05.11_00_01_30_TAI.magnetogram_processed.npy;hmi.m_45s.2022.05.15_00_01_30_TAI.magnetogram_processed.npy;hmi.m_45s.2022.05.17_00_01_30_TAI.magnetogram_processed.npy;hmi.m_45s.2022.05.18_00_01_30_TAI.magnetogram_processed.npy
2022-05-11,2022-05-19,8.0,0.4161536693572998,0,hmi.m_45s.2022.05.11_00_01_30_TAI.magnetogram_processed.npy;hmi.m_45s.2022.05.15_00_01_30_TAI.magnetogram_processed.npy;hmi.m_45s.2022.05.17_00_01_30_TAI.magnetogram_processed.npy;hmi.m_45s.2022.05.18_00_01_30_TAI.magnetogram_processed.npy;hmi.m_45s.2022.05.19_00_01_30_TAI.magnetogram_processed.npy
2022-05-15,2022-05-20,5.0,0.3010332584381108,0,hmi.m_45s.2022.05.15_00_01_30_TAI.magnetogram_processed.npy;hmi.m_45s.2022.05.17_00_01_30_TAI.magnetogram_processed.npy;hmi.m_45s.2022.05.18_00_01_30_TAI.magnetogram_processed.npy;hmi.m_45s.2022.05.19_00_01_30_TAI.magnetogram_processed.npy;hmi.m_45s.2022.05.20_00_01_30_TAI.magnetogram_processed.npy
2022-05-17,2022-05-25,8.0,-0.15532970428466797,1,hmi.m_45s.2022.05.17_00_01_30_TAI.magnetogram_processed.npy;hmi.m_45s.2022.05.18_00_01_30_TAI.magnetogram_processed.npy;hmi.m_45s.2022.05.19_00_01_30_TAI.magnetogram_processed.npy;hmi.m_45s.2022.05.20_00_01_30_TAI.magnetogram_processed.npy;hmi.m_45s.2022.05.25_00_01_30_TAI.magnetogram_processed.npy
2022-05-25,2022-06-04,10.0,-0.29384493827819824,3,hmi.m_45s.2022.05.25_00_01_30_TAI.magnetogram_processed.npy;hmi.m_45s.2022.05.29_00_01_30_TAI.magnetogram_processed.npy;hmi.m_45s.2022.05.31_00_01_30_TAI.magnetogram_processed.npy;hmi.m_45s.2022.06.01_00_01_30_TAI.magnetogram_processed.npy;hmi.m_45s.2022.06.04_00_01_30_TAI.magnetogram_processed.npy
2022-05-29,2022-06-07,9.0,-0.018155574798583984,2,hmi.m_45s.2022.05.29_00_01_30_TAI.magnetogram_processed.npy;hmi.m_45s.2022.05.31_00_01_30_TAI.magnetogram_processed.npy;hmi.m_45s.2022.06.01_00_01_30_TAI.magnetogram_processed.npy;hmi.m_45s.2022.06.04_00_01_30_TAI.magnetogram_processed.npy;hmi.m_45s.2022.06.07_00_01_30_TAI.magnetogram_processed.npy
2022-05-31,2022-06-08,8.0,0.032776594161987305,1,hmi.m_45s.2022.05.31_00_01_30_TAI.magnetogram_processed.npy;hmi.m_45s.2022.06.01_00_01_30_TAI.magnetogram_processed.npy;hmi.m_45s.2022.06.04_00_01_30_TAI.magnetogram_processed.npy;hmi.m_45s.2022.06.07_00_01_30_TAI.magnetogram_processed.npy;hmi.m_45s.2022.06.08_00_01_30_TAI.magnetogram_processed.npy
2022-06-07,2022-06-16,9.0,0.4327893257141111,0,hmi.m_45s.2022.06.07_00_01_30_TAI.magnetogram_processed.npy;hmi.m_45s.2022.06.08_00_01_30_TAI.magnetogram_processed.npy;hmi.m_45s.2022.06.12_00_01_30_TAI.magnetogram_processed.npy;hmi.m_45s.2022.06.15_00_01_30_TAI.magnetogram_processed.npy;hmi.m_45s.2022.06.16_00_01_30_TAI.magnetogram_processed.npy
2022-06-22,2022-06-29,7.0,-0.18497705459594727,4,hmi.m_45s.2022.06.22_00_01_30_TAI.magnetogram_processed.npy;hmi.m_45s.2022.06.25_00_01_30_TAI.magnetogram_processed.npy;hmi.m_45s.2022.06.27_00_01_30_TAI.magnetogram_processed.npy;hmi.m_45s.2022.06.28_00_01_30_TAI.magnetogram_processed.npy;hmi.m_45s.2022.06.29_00_01_30_TAI.magnetogram_processed.npy
2022-06-25,2022-07-01,6.0,-0.10186433792114258,4,hmi.m_45s.2022.06.25_00_01_30_TAI.magnetogram_processed.npy;hmi.m_45s.2022.06.27_00_01_30_TAI.magnetogram_processed.npy;hmi.m_45s.2022.06.28_00_01_30_TAI.magnetogram_processed.npy;hmi.m_45s.2022.06.29_00_01_30_TAI.magnetogram_processed.npy;hmi.m_45s.2022.07.01_00_01_30_TAI.magnetogram_processed.npy
2022-06-27,2022-07-06,9.0,0.07221698760986328,3,hmi.m_45s.2022.06.27_00_01_30_TAI.magnetogram_processed.npy;hmi.m_45s.2022.06.28_00_01_30_TAI.magnetogram_processed.npy;hmi.m_45s.2022.06.29_00_01_30_TAI.magnetogram_processed.npy;hmi.m_45s.2022.07.01_00_01_30_TAI.magnetogram_processed.npy;hmi.m_45s.2022.07.06_00_01_30_TAI.magnetogram_processed.npy
2022-07-06,2022-07-16,10.0,0.41511058807373047,2,hmi.m_45s.2022.07.06_00_01_30_TAI.magnetogram_processed.npy;hmi.m_45s.2022.07.10_00_01_30_TAI.magnetogram_processed.npy;hmi.m_45s.2022.07.13_00_01_30_TAI.magnetogram_processed.npy;hmi.m_45s.2022.07.14_00_01_30_TAI.magnetogram_processed.npy;hmi.m_45s.2022.07.16_00_01_30_TAI.magnetogram_processed.npy
2022-07-10,2022-07-20,10.0,-0.056988000869750755,3,hmi.m_45s.2022.07.10_00_01_30_TAI.magnetogram_processed.npy;hmi.m_45s.2022.07.13_00_01_30_TAI.magnetogram_processed.npy;hmi.m_45s.2022.07.14_00_01_30_TAI.magnetogram_processed.npy;hmi.m_45s.2022.07.16_00_01_30_TAI.magnetogram_processed.npy;hmi.m_45s.2022.07.20_00_01_30_TAI.magnetogram_processed.npy
2022-07-13,2022-07-21,8.0,-0.30648708343505815,4,hmi.m_45s.2022.07.13_00_01_30_TAI.magnetogram_processed.npy;hmi.m_45s.2022.07.14_00_01_30_TAI.magnetogram_processed.npy;hmi.m_45s.2022.07.16_00_01_30_TAI.magnetogram_processed.npy;hmi.m_45s.2022.07.20_00_01_30_TAI.magnetogram_processed.npy;hmi.m_45s.2022.07.21_00_01_30_TAI.magnetogram_processed.npy
2022-07-14,2022-07-22,8.0,-0.3672003746032715,4,hmi.m_45s.2022.07.14_00_01_30_TAI.magnetogram_processed.npy;hmi.m_45s.2022.07.16_00_01_30_TAI.magnetogram_processed.npy;hmi.m_45s.2022.07.20_00_01_30_TAI.magnetogram_processed.npy;hmi.m_45s.2022.07.21_00_01_30_TAI.magnetogram_processed.npy;hmi.m_45s.2022.07.22_00_01_30_TAI.magnetogram_processed.npy
2022-07-16,2022-07-23,7.0,-0.3428518772125244,4,hmi.m_45s.2022.07.16_00_01_30_TAI.magnetogram_processed.npy;hmi.m_45s.2022.07.20_00_01_30_TAI.magnetogram_processed.npy;hmi.m_45s.2022.07.21_00_01_30_TAI.magnetogram_processed.npy;hmi.m_45s.2022.07.22_00_01_30_TAI.magnetogram_processed.npy;hmi.m_45s.2022.07.23_00_01_30_TAI.magnetogram_processed.npy
2022-07-20,2022-07-25,5.0,-0.21961331367492676,4,hmi.m_45s.2022.07.20_00_01_30_TAI.magnetogram_processed.npy;hmi.m_45s.2022.07.21_00_01_30_TAI.magnetogram_processed.npy;hmi.m_45s.2022.07.22_00_01_30_TAI.magnetogram_processed.npy;hmi.m_45s.2022.07.23_00_01_30_TAI.magnetogram_processed.npy;hmi.m_45s.2022.07.25_00_01_30_TAI.magnetogram_processed.npy
2022-07-21,2022-07-28,7.0,-0.27667880058288574,4,hmi.m_45s.2022.07.21_00_01_30_TAI.magnetogram_processed.npy;hmi.m_45s.2022.07.22_00_01_30_TAI.magnetogram_processed.npy;hmi.m_45s.2022.07.23_00_01_30_TAI.magnetogram_processed.npy;hmi.m_45s.2022.07.25_00_01_30_TAI.magnetogram_processed.npy;hmi.m_45s.2022.07.28_00_01_30_TAI.magnetogram_processed.npy
2022-07-22,2022-07-29,7.0,-0.21744370460510254,4,hmi.m_45s.2022.07.22_00_01_30_TAI.magnetogram_processed.npy;hmi.m_45s.2022.07.23_00_01_30_TAI.magnetogram_processed.npy;hmi.m_45s.2022.07.25_00_01_30_TAI.magnetogram_processed.npy;hmi.m_45s.2022.07.28_00_01_30_TAI.magnetogram_processed.npy;hmi.m_45s.2022.07.29_00_01_30_TAI.magnetogram_processed.npy
2022-07-28,2022-08-07,10.0,0.17502903938293457,1,hmi.m_45s.2022.07.28_00_01_30_TAI.magnetogram_processed.npy;hmi.m_45s.2022.07.29_00_01_30_TAI.magnetogram_processed.npy;hmi.m_45s.2022.08.03_00_01_30_TAI.magnetogram_processed.npy;hmi.m_45s.2022.08.05_00_01_30_TAI.magnetogram_processed.npy;hmi.m_45s.2022.08.07_00_01_30_TAI.magnetogram_processed.npy
2022-08-03,2022-08-13,10.0,0.1693248748779297,1,hmi.m_45s.2022.08.03_00_01_30_TAI.magnetogram_processed.npy;hmi.m_45s.2022.08.05_00_01_30_TAI.magnetogram_processed.npy;hmi.m_45s.2022.08.07_00_01_30_TAI.magnetogram_processed.npy;hmi.m_45s.2022.08.10_00_01_30_TAI.magnetogram_processed.npy;hmi.m_45s.2022.08.13_00_01_30_TAI.magnetogram_processed.npy
2022-08-05,2022-08-15,10.0,0.10182261466980003,1,hmi.m_45s.2022.08.05_00_01_30_TAI.magnetogram_processed.npy;hmi.m_45s.2022.08.07_00_01_30_TAI.magnetogram_processed.npy;hmi.m_45s.2022.08.10_00_01_30_TAI.magnetogram_processed.npy;hmi.m_45s.2022.08.13_00_01_30_TAI.magnetogram_processed.npy;hmi.m_45s.2022.08.15_00_01_30_TAI.magnetogram_processed.npy
2022-08-07,2022-08-16,9.0,0.08251667022705078,1,hmi.m_45s.2022.08.07_00_01_30_TAI.magnetogram_processed.npy;hmi.m_45s.2022.08.10_00_01_30_TAI.magnetogram_processed.npy;hmi.m_45s.2022.08.13_00_01_30_TAI.magnetogram_processed.npy;hmi.m_45s.2022.08.15_00_01_30_TAI.magnetogram_processed.npy;hmi.m_45s.2022.08.16_00_01_30_TAI.magnetogram_processed.npy
2022-08-10,2022-08-17,7.0,-0.006651878356933594,2,hmi.m_45s.2022.08.10_00_01_30_TAI.magnetogram_processed.npy;hmi.m_45s.2022.08.13_00_01_30_TAI.magnetogram_processed.npy;hmi.m_45s.2022.08.15_00_01_30_TAI.magnetogram_processed.npy;hmi.m_45s.2022.08.16_00_01_30_TAI.magnetogram_processed.npy;hmi.m_45s.2022.08.17_00_01_30_TAI.magnetogram_processed.npy
2022-08-13,2022-08-18,5.0,-0.05925297737121582,2,hmi.m_45s.2022.08.13_00_01_30_TAI.magnetogram_processed.npy;hmi.m_45s.2022.08.15_00_01_30_TAI.magnetogram_processed.npy;hmi.m_45s.2022.08.16_00_01_30_TAI.magnetogram_processed.npy;hmi.m_45s.2022.08.17_00_01_30_TAI.magnetogram_processed.npy;hmi.m_45s.2022.08.18_00_01_30_TAI.magnetogram_processed.npy
2022-08-15,2022-08-20,5.0,-0.12310147285461426,3,hmi.m_45s.2022.08.15_00_01_30_TAI.magnetogram_processed.npy;hmi.m_45s.2022.08.16_00_01_30_TAI.magnetogram_processed.npy;hmi.m_45s.2022.08.17_00_01_30_TAI.magnetogram_processed.npy;hmi.m_45s.2022.08.18_00_01_30_TAI.magnetogram_processed.npy;hmi.m_45s.2022.08.20_00_01_30_TAI.magnetogram_processed.npy
2022-08-16,2022-08-21,5.0,-0.17746686935424805,4,hmi.m_45s.2022.08.16_00_01_30_TAI.magnetogram_processed.npy;hmi.m_45s.2022.08.17_00_01_30_TAI.magnetogram_processed.npy;hmi.m_45s.2022.08.18_00_01_30_TAI.magnetogram_processed.npy;hmi.m_45s.2022.08.20_00_01_30_TAI.magnetogram_processed.npy;hmi.m_45s.2022.08.21_00_01_30_TAI.magnetogram_processed.npy
2022-08-17,2022-08-23,6.0,-0.18857121467590332,4,hmi.m_45s.2022.08.17_00_01_30_TAI.magnetogram_processed.npy;hmi.m_45s.2022.08.18_00_01_30_TAI.magnetogram_processed.npy;hmi.m_45s.2022.08.20_00_01_30_TAI.magnetogram_processed.npy;hmi.m_45s.2022.08.21_00_01_30_TAI.magnetogram_processed.npy;hmi.m_45s.2022.08.23_00_01_30_TAI.magnetogram_processed.npy
2022-08-18,2022-08-24,6.0,-0.14373660087585427,4,hmi.m_45s.2022.08.18_00_01_30_TAI.magnetogram_processed.npy;hmi.m_45s.2022.08.20_00_01_30_TAI.magnetogram_processed.npy;hmi.m_45s.2022.08.21_00_01_30_TAI.magnetogram_processed.npy;hmi.m_45s.2022.08.23_00_01_30_TAI.magnetogram_processed.npy;hmi.m_45s.2022.08.24_00_01_30_TAI.magnetogram_processed.npy
2022-08-20,2022-08-26,6.0,-0.013577938079833984,3,hmi.m_45s.2022.08.20_00_01_30_TAI.magnetogram_processed.npy;hmi.m_45s.2022.08.21_00_01_30_TAI.magnetogram_processed.npy;hmi.m_45s.2022.08.23_00_01_30_TAI.magnetogram_processed.npy;hmi.m_45s.2022.08.24_00_01_30_TAI.magnetogram_processed.npy;hmi.m_45s.2022.08.26_00_01_30_TAI.magnetogram_processed.npy
2022-08-21,2022-08-28,7.0,0.0550687313079834,2,hmi.m_45s.2022.08.21_00_01_30_TAI.magnetogram_processed.npy;hmi.m_45s.2022.08.23_00_01_30_TAI.magnetogram_processed.npy;hmi.m_45s.2022.08.24_00_01_30_TAI.magnetogram_processed.npy;hmi.m_45s.2022.08.26_00_01_30_TAI.magnetogram_processed.npy;hmi.m_45s.2022.08.28_00_01_30_TAI.magnetogram_processed.npy
2022-08-23,2022-09-01,9.0,0.06763935089111328,2,hmi.m_45s.2022.08.23_00_01_30_TAI.magnetogram_processed.npy;hmi.m_45s.2022.08.24_00_01_30_TAI.magnetogram_processed.npy;hmi.m_45s.2022.08.26_00_01_30_TAI.magnetogram_processed.npy;hmi.m_45s.2022.08.28_00_01_30_TAI.magnetogram_processed.npy;hmi.m_45s.2022.09.01_00_01_30_TAI.magnetogram_processed.npy
2022-08-24,2022-09-02,9.0,0.08690357208251931,1,hmi.m_45s.2022.08.24_00_01_30_TAI.magnetogram_processed.npy;hmi.m_45s.2022.08.26_00_01_30_TAI.magnetogram_processed.npy;hmi.m_45s.2022.08.28_00_01_30_TAI.magnetogram_processed.npy;hmi.m_45s.2022.09.01_00_01_30_TAI.magnetogram_processed.npy;hmi.m_45s.2022.09.02_00_01_30_TAI.magnetogram_processed.npy
2022-08-26,2022-09-03,8.0,0.022113323211669922,1,hmi.m_45s.2022.08.26_00_01_30_TAI.magnetogram_processed.npy;hmi.m_45s.2022.08.28_00_01_30_TAI.magnetogram_processed.npy;hmi.m_45s.2022.09.01_00_01_30_TAI.magnetogram_processed.npy;hmi.m_45s.2022.09.02_00_01_30_TAI.magnetogram_processed.npy;hmi.m_45s.2022.09.03_00_01_30_TAI.magnetogram_processed.npy
2022-08-28,2022-09-04,7.0,0.05370974540710449,1,hmi.m_45s.2022.08.28_00_01_30_TAI.magnetogram_processed.npy;hmi.m_45s.2022.09.01_00_01_30_TAI.magnetogram_processed.npy;hmi.m_45s.2022.09.02_00_01_30_TAI.magnetogram_processed.npy;hmi.m_45s.2022.09.03_00_01_30_TAI.magnetogram_processed.npy;hmi.m_45s.2022.09.04_00_01_30_TAI.magnetogram_processed.npy
2022-09-01,2022-09-05,4.0,0.09208321571350098,0,hmi.m_45s.2022.09.01_00_01_30_TAI.magnetogram_processed.npy;hmi.m_45s.2022.09.02_00_01_30_TAI.magnetogram_processed.npy;hmi.m_45s.2022.09.03_00_01_30_TAI.magnetogram_processed.npy;hmi.m_45s.2022.09.04_00_01_30_TAI.magnetogram_processed.npy;hmi.m_45s.2022.09.05_00_01_30_TAI.magnetogram_processed.npy
2022-09-02,2022-09-06,4.0,0.08009076118469238,1,hmi.m_45s.2022.09.02_00_01_30_TAI.magnetogram_processed.npy;hmi.m_45s.2022.09.03_00_01_30_TAI.magnetogram_processed.npy;hmi.m_45s.2022.09.04_00_01_30_TAI.magnetogram_processed.npy;hmi.m_45s.2022.09.05_00_01_30_TAI.magnetogram_processed.npy;hmi.m_45s.2022.09.06_00_01_30_TAI.magnetogram_processed.npy
2022-09-03,2022-09-07,4.0,0.06192922592163086,2,hmi.m_45s.2022.09.03_00_01_30_TAI.magnetogram_processed.npy;hmi.m_45s.2022.09.04_00_01_30_TAI.magnetogram_processed.npy;hmi.m_45s.2022.09.05_00_01_30_TAI.magnetogram_processed.npy;hmi.m_45s.2022.09.06_00_01_30_TAI.magnetogram_processed.npy;hmi.m_45s.2022.09.07_00_01_30_TAI.magnetogram_processed.npy
2022-09-04,2022-09-11,7.0,0.0574767589569094,2,hmi.m_45s.2022.09.04_00_01_30_TAI.magnetogram_processed.npy;hmi.m_45s.2022.09.05_00_01_30_TAI.magnetogram_processed.npy;hmi.m_45s.2022.09.06_00_01_30_TAI.magnetogram_processed.npy;hmi.m_45s.2022.09.07_00_01_30_TAI.magnetogram_processed.npy;hmi.m_45s.2022.09.11_00_01_30_TAI.magnetogram_processed.npy
2022-10-03,2022-10-12,9.0,0.011897087097167747,2,hmi.m_45s.2022.10.03_00_01_30_TAI.magnetogram_processed.npy;hmi.m_45s.2022.10.04_00_01_30_TAI.magnetogram_processed.npy;hmi.m_45s.2022.10.06_00_01_30_TAI.magnetogram_processed.npy;hmi.m_45s.2022.10.09_00_01_30_TAI.magnetogram_processed.npy;hmi.m_45s.2022.10.12_00_01_30_TAI.magnetogram_processed.npy
2022-10-04,2022-10-13,9.0,-0.18869042396545432,3,hmi.m_45s.2022.10.04_00_01_30_TAI.magnetogram_processed.npy;hmi.m_45s.2022.10.06_00_01_30_TAI.magnetogram_processed.npy;hmi.m_45s.2022.10.09_00_01_30_TAI.magnetogram_processed.npy;hmi.m_45s.2022.10.12_00_01_30_TAI.magnetogram_processed.npy;hmi.m_45s.2022.10.13_00_01_30_TAI.magnetogram_processed.npy
2022-10-06,2022-10-14,8.0,-0.40365457534790017,4,hmi.m_45s.2022.10.06_00_01_30_TAI.magnetogram_processed.npy;hmi.m_45s.2022.10.09_00_01_30_TAI.magnetogram_processed.npy;hmi.m_45s.2022.10.12_00_01_30_TAI.magnetogram_processed.npy;hmi.m_45s.2022.10.13_00_01_30_TAI.magnetogram_processed.npy;hmi.m_45s.2022.10.14_00_01_30_TAI.magnetogram_processed.npy
2022-10-09,2022-10-16,7.0,-0.4430592060089107,4,hmi.m_45s.2022.10.09_00_01_30_TAI.magnetogram_processed.npy;hmi.m_45s.2022.10.12_00_01_30_TAI.magnetogram_processed.npy;hmi.m_45s.2022.10.13_00_01_30_TAI.magnetogram_processed.npy;hmi.m_45s.2022.10.14_00_01_30_TAI.magnetogram_processed.npy;hmi.m_45s.2022.10.16_00_01_30_TAI.magnetogram_processed.npy
2022-10-12,2022-10-19,7.0,-0.301319360733032,4,hmi.m_45s.2022.10.12_00_01_30_TAI.magnetogram_processed.npy;hmi.m_45s.2022.10.13_00_01_30_TAI.magnetogram_processed.npy;hmi.m_45s.2022.10.14_00_01_30_TAI.magnetogram_processed.npy;hmi.m_45s.2022.10.16_00_01_30_TAI.magnetogram_processed.npy;hmi.m_45s.2022.10.19_00_01_30_TAI.magnetogram_processed.npy
2022-10-13,2022-10-20,7.0,-0.16484856605529785,3,hmi.m_45s.2022.10.13_00_01_30_TAI.magnetogram_processed.npy;hmi.m_45s.2022.10.14_00_01_30_TAI.magnetogram_processed.npy;hmi.m_45s.2022.10.16_00_01_30_TAI.magnetogram_processed.npy;hmi.m_45s.2022.10.19_00_01_30_TAI.magnetogram_processed.npy;hmi.m_45s.2022.10.20_00_01_30_TAI.magnetogram_processed.npy
2022-10-14,2022-10-21,7.0,-0.05230307579040527,3,hmi.m_45s.2022.10.14_00_01_30_TAI.magnetogram_processed.npy;hmi.m_45s.2022.10.16_00_01_30_TAI.magnetogram_processed.npy;hmi.m_45s.2022.10.19_00_01_30_TAI.magnetogram_processed.npy;hmi.m_45s.2022.10.20_00_01_30_TAI.magnetogram_processed.npy;hmi.m_45s.2022.10.21_00_01_30_TAI.magnetogram_processed.npy
2022-10-16,2022-10-22,6.0,0.008177757263183372,3,hmi.m_45s.2022.10.16_00_01_30_TAI.magnetogram_processed.npy;hmi.m_45s.2022.10.19_00_01_30_TAI.magnetogram_processed.npy;hmi.m_45s.2022.10.20_00_01_30_TAI.magnetogram_processed.npy;hmi.m_45s.2022.10.21_00_01_30_TAI.magnetogram_processed.npy;hmi.m_45s.2022.10.22_00_01_30_TAI.magnetogram_processed.npy
2022-10-19,2022-10-27,8.0,0.051540136337280495,2,hmi.m_45s.2022.10.19_00_01_30_TAI.magnetogram_processed.npy;hmi.m_45s.2022.10.20_00_01_30_TAI.magnetogram_processed.npy;hmi.m_45s.2022.10.21_00_01_30_TAI.magnetogram_processed.npy;hmi.m_45s.2022.10.22_00_01_30_TAI.magnetogram_processed.npy;hmi.m_45s.2022.10.27_00_01_30_TAI.magnetogram_processed.npy
2022-10-20,2022-10-30,10.0,0.19453167915344238,2,hmi.m_45s.2022.10.20_00_01_30_TAI.magnetogram_processed.npy;hmi.m_45s.2022.10.21_00_01_30_TAI.magnetogram_processed.npy;hmi.m_45s.2022.10.22_00_01_30_TAI.magnetogram_processed.npy;hmi.m_45s.2022.10.27_00_01_30_TAI.magnetogram_processed.npy;hmi.m_45s.2022.10.30_00_01_30_TAI.magnetogram_processed.npy
2022-10-27,2022-11-04,8.0,0.21871328353881814,1,hmi.m_45s.2022.10.27_00_01_30_TAI.magnetogram_processed.npy;hmi.m_45s.2022.10.30_00_01_30_TAI.magnetogram_processed.npy;hmi.m_45s.2022.11.02_00_01_30_TAI.magnetogram_processed.npy;hmi.m_45s.2022.11.03_00_01_30_TAI.magnetogram_processed.npy;hmi.m_45s.2022.11.04_00_01_30_TAI.magnetogram_processed.npy
2022-10-30,2022-11-06,7.0,0.23784637451171897,1,hmi.m_45s.2022.10.30_00_01_30_TAI.magnetogram_processed.npy;hmi.m_45s.2022.11.02_00_01_30_TAI.magnetogram_processed.npy;hmi.m_45s.2022.11.03_00_01_30_TAI.magnetogram_processed.npy;hmi.m_45s.2022.11.04_00_01_30_TAI.magnetogram_processed.npy;hmi.m_45s.2022.11.06_00_01_30_TAI.magnetogram_processed.npy
2022-11-02,2022-11-09,7.0,-0.030732154846191406,2,hmi.m_45s.2022.11.02_00_01_30_TAI.magnetogram_processed.npy;hmi.m_45s.2022.11.03_00_01_30_TAI.magnetogram_processed.npy;hmi.m_45s.2022.11.04_00_01_30_TAI.magnetogram_processed.npy;hmi.m_45s.2022.11.06_00_01_30_TAI.magnetogram_processed.npy;hmi.m_45s.2022.11.09_00_01_30_TAI.magnetogram_processed.npy
2022-11-03,2022-11-12,9.0,-0.12264847755432129,3,hmi.m_45s.2022.11.03_00_01_30_TAI.magnetogram_processed.npy;hmi.m_45s.2022.11.04_00_01_30_TAI.magnetogram_processed.npy;hmi.m_45s.2022.11.06_00_01_30_TAI.magnetogram_processed.npy;hmi.m_45s.2022.11.09_00_01_30_TAI.magnetogram_processed.npy;hmi.m_45s.2022.11.12_00_01_30_TAI.magnetogram_processed.npy
2022-11-12,2022-11-22,10.0,-0.02511143684387207,2,hmi.m_45s.2022.11.12_00_01_30_TAI.magnetogram_processed.npy;hmi.m_45s.2022.11.15_00_01_30_TAI.magnetogram_processed.npy;hmi.m_45s.2022.11.17_00_01_30_TAI.magnetogram_processed.npy;hmi.m_45s.2022.11.20_00_01_30_TAI.magnetogram_processed.npy;hmi.m_45s.2022.11.22_00_01_30_TAI.magnetogram_processed.npy
2022-11-15,2022-11-23,8.0,0.012248754501342773,1,hmi.m_45s.2022.11.15_00_01_30_TAI.magnetogram_processed.npy;hmi.m_45s.2022.11.17_00_01_30_TAI.magnetogram_processed.npy;hmi.m_45s.2022.11.20_00_01_30_TAI.magnetogram_processed.npy;hmi.m_45s.2022.11.22_00_01_30_TAI.magnetogram_processed.npy;hmi.m_45s.2022.11.23_00_01_30_TAI.magnetogram_processed.npy
2022-11-17,2022-11-26,9.0,0.06989240646362305,1,hmi.m_45s.2022.11.17_00_01_30_TAI.magnetogram_processed.npy;hmi.m_45s.2022.11.20_00_01_30_TAI.magnetogram_processed.npy;hmi.m_45s.2022.11.22_00_01_30_TAI.magnetogram_processed.npy;hmi.m_45s.2022.11.23_00_01_30_TAI.magnetogram_processed.npy;hmi.m_45s.2022.11.26_00_01_30_TAI.magnetogram_processed.npy
2022-11-20,2022-11-27,7.0,-0.030279159545898438,2,hmi.m_45s.2022.11.20_00_01_30_TAI.magnetogram_processed.npy;hmi.m_45s.2022.11.22_00_01_30_TAI.magnetogram_processed.npy;hmi.m_45s.2022.11.23_00_01_30_TAI.magnetogram_processed.npy;hmi.m_45s.2022.11.26_00_01_30_TAI.magnetogram_processed.npy;hmi.m_45s.2022.11.27_00_01_30_TAI.magnetogram_processed.npy
2022-11-22,2022-11-30,8.0,-0.08097290992736816,3,hmi.m_45s.2022.11.22_00_01_30_TAI.magnetogram_processed.npy;hmi.m_45s.2022.11.23_00_01_30_TAI.magnetogram_processed.npy;hmi.m_45s.2022.11.26_00_01_30_TAI.magnetogram_processed.npy;hmi.m_45s.2022.11.27_00_01_30_TAI.magnetogram_processed.npy;hmi.m_45s.2022.11.30_00_01_30_TAI.magnetogram_processed.npy
2022-11-26,2022-12-05,9.0,0.22455453872680664,2,hmi.m_45s.2022.11.26_00_01_30_TAI.magnetogram_processed.npy;hmi.m_45s.2022.11.27_00_01_30_TAI.magnetogram_processed.npy;hmi.m_45s.2022.11.30_00_01_30_TAI.magnetogram_processed.npy;hmi.m_45s.2022.12.04_00_01_30_TAI.magnetogram_processed.npy;hmi.m_45s.2022.12.05_00_01_30_TAI.magnetogram_processed.npy
2022-11-27,2022-12-06,9.0,0.30003786087036133,1,hmi.m_45s.2022.11.27_00_01_30_TAI.magnetogram_processed.npy;hmi.m_45s.2022.11.30_00_01_30_TAI.magnetogram_processed.npy;hmi.m_45s.2022.12.04_00_01_30_TAI.magnetogram_processed.npy;hmi.m_45s.2022.12.05_00_01_30_TAI.magnetogram_processed.npy;hmi.m_45s.2022.12.06_00_01_30_TAI.magnetogram_processed.npy
2022-11-30,2022-12-08,8.0,0.3423392772674563,0,hmi.m_45s.2022.11.30_00_01_30_TAI.magnetogram_processed.npy;hmi.m_45s.2022.12.04_00_01_30_TAI.magnetogram_processed.npy;hmi.m_45s.2022.12.05_00_01_30_TAI.magnetogram_processed.npy;hmi.m_45s.2022.12.06_00_01_30_TAI.magnetogram_processed.npy;hmi.m_45s.2022.12.08_00_01_30_TAI.magnetogram_processed.npy
2022-12-04,2022-12-11,7.0,0.12510418891906738,1,hmi.m_45s.2022.12.04_00_01_30_TAI.magnetogram_processed.npy;hmi.m_45s.2022.12.05_00_01_30_TAI.magnetogram_processed.npy;hmi.m_45s.2022.12.06_00_01_30_TAI.magnetogram_processed.npy;hmi.m_45s.2022.12.08_00_01_30_TAI.magnetogram_processed.npy;hmi.m_45s.2022.12.11_00_01_30_TAI.magnetogram_processed.npy
2022-12-05,2022-12-13,8.0,0.007456541061401367,2,hmi.m_45s.2022.12.05_00_01_30_TAI.magnetogram_processed.npy;hmi.m_45s.2022.12.06_00_01_30_TAI.magnetogram_processed.npy;hmi.m_45s.2022.12.08_00_01_30_TAI.magnetogram_processed.npy;hmi.m_45s.2022.12.11_00_01_30_TAI.magnetogram_processed.npy;hmi.m_45s.2022.12.13_00_01_30_TAI.magnetogram_processed.npy
2022-12-06,2022-12-14,8.0,-0.0592768192291262,3,hmi.m_45s.2022.12.06_00_01_30_TAI.magnetogram_processed.npy;hmi.m_45s.2022.12.08_00_01_30_TAI.magnetogram_processed.npy;hmi.m_45s.2022.12.11_00_01_30_TAI.magnetogram_processed.npy;hmi.m_45s.2022.12.13_00_01_30_TAI.magnetogram_processed.npy;hmi.m_45s.2022.12.14_00_01_30_TAI.magnetogram_processed.npy
2022-12-08,2022-12-15,7.0,-0.07430911064147971,3,hmi.m_45s.2022.12.08_00_01_30_TAI.magnetogram_processed.npy;hmi.m_45s.2022.12.11_00_01_30_TAI.magnetogram_processed.npy;hmi.m_45s.2022.12.13_00_01_30_TAI.magnetogram_processed.npy;hmi.m_45s.2022.12.14_00_01_30_TAI.magnetogram_processed.npy;hmi.m_45s.2022.12.15_00_01_30_TAI.magnetogram_processed.npy
2022-12-11,2022-12-19,8.0,0.009530782699584961,2,hmi.m_45s.2022.12.11_00_01_30_TAI.magnetogram_processed.npy;hmi.m_45s.2022.12.13_00_01_30_TAI.magnetogram_processed.npy;hmi.m_45s.2022.12.14_00_01_30_TAI.magnetogram_processed.npy;hmi.m_45s.2022.12.15_00_01_30_TAI.magnetogram_processed.npy;hmi.m_45s.2022.12.19_00_01_30_TAI.magnetogram_processed.npy
2022-12-13,2022-12-20,7.0,0.07990002632141113,1,hmi.m_45s.2022.12.13_00_01_30_TAI.magnetogram_processed.npy;hmi.m_45s.2022.12.14_00_01_30_TAI.magnetogram_processed.npy;hmi.m_45s.2022.12.15_00_01_30_TAI.magnetogram_processed.npy;hmi.m_45s.2022.12.19_00_01_30_TAI.magnetogram_processed.npy;hmi.m_45s.2022.12.20_00_01_30_TAI.magnetogram_processed.npy
2023-01-03,2023-01-13,10.0,0.25392770767211914,0,hmi.m_45s.2023.01.03_00_01_30_TAI.magnetogram_processed.npy;hmi.m_45s.2023.01.08_00_01_30_TAI.magnetogram_processed.npy;hmi.m_45s.2023.01.09_00_01_30_TAI.magnetogram_processed.npy;hmi.m_45s.2023.01.12_00_01_30_TAI.magnetogram_processed.npy;hmi.m_45s.2023.01.13_00_01_30_TAI.magnetogram_processed.npy
2023-01-08,2023-01-15,7.0,0.22574663162231445,0,hmi.m_45s.2023.01.08_00_01_30_TAI.magnetogram_processed.npy;hmi.m_45s.2023.01.09_00_01_30_TAI.magnetogram_processed.npy;hmi.m_45s.2023.01.12_00_01_30_TAI.magnetogram_processed.npy;hmi.m_45s.2023.01.13_00_01_30_TAI.magnetogram_processed.npy;hmi.m_45s.2023.01.15_00_01_30_TAI.magnetogram_processed.npy
2023-01-09,2023-01-19,10.0,0.44268369674682617,0,hmi.m_45s.2023.01.09_00_01_30_TAI.magnetogram_processed.npy;hmi.m_45s.2023.01.12_00_01_30_TAI.magnetogram_processed.npy;hmi.m_45s.2023.01.13_00_01_30_TAI.magnetogram_processed.npy;hmi.m_45s.2023.01.15_00_01_30_TAI.magnetogram_processed.npy;hmi.m_45s.2023.01.19_00_01_30_TAI.magnetogram_processed.npy
2023-01-12,2023-01-20,8.0,0.36042332649230957,1,hmi.m_45s.2023.01.12_00_01_30_TAI.magnetogram_processed.npy;hmi.m_45s.2023.01.13_00_01_30_TAI.magnetogram_processed.npy;hmi.m_45s.2023.01.15_00_01_30_TAI.magnetogram_processed.npy;hmi.m_45s.2023.01.19_00_01_30_TAI.magnetogram_processed.npy;hmi.m_45s.2023.01.20_00_01_30_TAI.magnetogram_processed.npy
2023-01-13,2023-01-21,8.0,0.247114896774292,2,hmi.m_45s.2023.01.13_00_01_30_TAI.magnetogram_processed.npy;hmi.m_45s.2023.01.15_00_01_30_TAI.magnetogram_processed.npy;hmi.m_45s.2023.01.19_00_01_30_TAI.magnetogram_processed.npy;hmi.m_45s.2023.01.20_00_01_30_TAI.magnetogram_processed.npy;hmi.m_45s.2023.01.21_00_01_30_TAI.magnetogram_processed.npy
2023-01-15,2023-01-23,8.0,-0.13393759727478027,3,hmi.m_45s.2023.01.15_00_01_30_TAI.magnetogram_processed.npy;hmi.m_45s.2023.01.19_00_01_30_TAI.magnetogram_processed.npy;hmi.m_45s.2023.01.20_00_01_30_TAI.magnetogram_processed.npy;hmi.m_45s.2023.01.21_00_01_30_TAI.magnetogram_processed.npy;hmi.m_45s.2023.01.23_00_01_30_TAI.magnetogram_processed.npy
2023-01-19,2023-01-25,6.0,-0.6311297416687014,4,hmi.m_45s.2023.01.19_00_01_30_TAI.magnetogram_processed.npy;hmi.m_45s.2023.01.20_00_01_30_TAI.magnetogram_processed.npy;hmi.m_45s.2023.01.21_00_01_30_TAI.magnetogram_processed.npy;hmi.m_45s.2023.01.23_00_01_30_TAI.magnetogram_processed.npy;hmi.m_45s.2023.01.25_00_01_30_TAI.magnetogram_processed.npy
2023-01-20,2023-01-27,7.0,-0.7319033145904539,4,hmi.m_45s.2023.01.20_00_01_30_TAI.magnetogram_processed.npy;hmi.m_45s.2023.01.21_00_01_30_TAI.magnetogram_processed.npy;hmi.m_45s.2023.01.23_00_01_30_TAI.magnetogram_processed.npy;hmi.m_45s.2023.01.25_00_01_30_TAI.magnetogram_processed.npy;hmi.m_45s.2023.01.27_00_01_30_TAI.magnetogram_processed.npy
2023-01-21,2023-01-29,8.0,-0.5732417106628416,3,hmi.m_45s.2023.01.21_00_01_30_TAI.magnetogram_processed.npy;hmi.m_45s.2023.01.23_00_01_30_TAI.magnetogram_processed.npy;hmi.m_45s.2023.01.25_00_01_30_TAI.magnetogram_processed.npy;hmi.m_45s.2023.01.27_00_01_30_TAI.magnetogram_processed.npy;hmi.m_45s.2023.01.29_00_01_30_TAI.magnetogram_processed.npy
2023-01-23,2023-01-30,7.0,-0.2909302711486814,2,hmi.m_45s.2023.01.23_00_01_30_TAI.magnetogram_processed.npy;hmi.m_45s.2023.01.25_00_01_30_TAI.magnetogram_processed.npy;hmi.m_45s.2023.01.27_00_01_30_TAI.magnetogram_processed.npy;hmi.m_45s.2023.01.29_00_01_30_TAI.magnetogram_processed.npy;hmi.m_45s.2023.01.30_00_01_30_TAI.magnetogram_processed.npy
2023-01-25,2023-01-31,6.0,0.01985430717468284,1,hmi.m_45s.2023.01.25_00_01_30_TAI.magnetogram_processed.npy;hmi.m_45s.2023.01.27_00_01_30_TAI.magnetogram_processed.npy;hmi.m_45s.2023.01.29_00_01_30_TAI.magnetogram_processed.npy;hmi.m_45s.2023.01.30_00_01_30_TAI.magnetogram_processed.npy;hmi.m_45s.2023.01.31_00_01_30_TAI.magnetogram_processed.npy
2023-01-27,2023-02-03,7.0,0.1794159412384031,0,hmi.m_45s.2023.01.27_00_01_30_TAI.magnetogram_processed.npy;hmi.m_45s.2023.01.29_00_01_30_TAI.magnetogram_processed.npy;hmi.m_45s.2023.01.30_00_01_30_TAI.magnetogram_processed.npy;hmi.m_45s.2023.01.31_00_01_30_TAI.magnetogram_processed.npy;hmi.m_45s.2023.02.03_00_01_30_TAI.magnetogram_processed.npy
2023-01-29,2023-02-06,8.0,0.25206804275512673,0,hmi.m_45s.2023.01.29_00_01_30_TAI.magnetogram_processed.npy;hmi.m_45s.2023.01.30_00_01_30_TAI.magnetogram_processed.npy;hmi.m_45s.2023.01.31_00_01_30_TAI.magnetogram_processed.npy;hmi.m_45s.2023.02.03_00_01_30_TAI.magnetogram_processed.npy;hmi.m_45s.2023.02.06_00_01_30_TAI.magnetogram_processed.npy
2023-01-30,2023-02-08,9.0,0.2807378768920896,0,hmi.m_45s.2023.01.30_00_01_30_TAI.magnetogram_processed.npy;hmi.m_45s.2023.01.31_00_01_30_TAI.magnetogram_processed.npy;hmi.m_45s.2023.02.03_00_01_30_TAI.magnetogram_processed.npy;hmi.m_45s.2023.02.06_00_01_30_TAI.magnetogram_processed.npy;hmi.m_45s.2023.02.08_00_01_30_TAI.magnetogram_processed.npy
2023-01-31,2023-02-09,9.0,0.28297901153564453,0,hmi.m_45s.2023.01.31_00_01_30_TAI.magnetogram_processed.npy;hmi.m_45s.2023.02.03_00_01_30_TAI.magnetogram_processed.npy;hmi.m_45s.2023.02.06_00_01_30_TAI.magnetogram_processed.npy;hmi.m_45s.2023.02.08_00_01_30_TAI.magnetogram_processed.npy;hmi.m_45s.2023.02.09_00_01_30_TAI.magnetogram_processed.npy
2023-02-03,2023-02-10,7.0,0.2712666988372803,0,hmi.m_45s.2023.02.03_00_01_30_TAI.magnetogram_processed.npy;hmi.m_45s.2023.02.06_00_01_30_TAI.magnetogram_processed.npy;hmi.m_45s.2023.02.08_00_01_30_TAI.magnetogram_processed.npy;hmi.m_45s.2023.02.09_00_01_30_TAI.magnetogram_processed.npy;hmi.m_45s.2023.02.10_00_01_30_TAI.magnetogram_processed.npy
2023-02-06,2023-02-12,6.0,0.25416016578674316,0,hmi.m_45s.2023.02.06_00_01_30_TAI.magnetogram_processed.npy;hmi.m_45s.2023.02.08_00_01_30_TAI.magnetogram_processed.npy;hmi.m_45s.2023.02.09_00_01_30_TAI.magnetogram_processed.npy;hmi.m_45s.2023.02.10_00_01_30_TAI.magnetogram_processed.npy;hmi.m_45s.2023.02.12_00_01_30_TAI.magnetogram_processed.npy
2023-02-08,2023-02-14,6.0,0.21878480911254883,0,hmi.m_45s.2023.02.08_00_01_30_TAI.magnetogram_processed.npy;hmi.m_45s.2023.02.09_00_01_30_TAI.magnetogram_processed.npy;hmi.m_45s.2023.02.10_00_01_30_TAI.magnetogram_processed.npy;hmi.m_45s.2023.02.12_00_01_30_TAI.magnetogram_processed.npy;hmi.m_45s.2023.02.14_00_01_30_TAI.magnetogram_processed.npy
2023-02-09,2023-02-17,8.0,-0.027757883071899414,1,hmi.m_45s.2023.02.09_00_01_30_TAI.magnetogram_processed.npy;hmi.m_45s.2023.02.10_00_01_30_TAI.magnetogram_processed.npy;hmi.m_45s.2023.02.12_00_01_30_TAI.magnetogram_processed.npy;hmi.m_45s.2023.02.14_00_01_30_TAI.magnetogram_processed.npy;hmi.m_45s.2023.02.17_00_01_30_TAI.magnetogram_processed.npy
2023-02-23,2023-03-03,8.0,0.01214146614074707,2,hmi.m_45s.2023.02.23_00_01_30_TAI.magnetogram_processed.npy;hmi.m_45s.2023.02.25_00_01_30_TAI.magnetogram_processed.npy;hmi.m_45s.2023.02.27_00_01_30_TAI.magnetogram_processed.npy;hmi.m_45s.2023.03.01_00_01_30_TAI.magnetogram_processed.npy;hmi.m_45s.2023.03.03_00_01_30_TAI.magnetogram_processed.npy
2023-02-25,2023-03-05,8.0,0.09001493453979492,2,hmi.m_45s.2023.02.25_00_01_30_TAI.magnetogram_processed.npy;hmi.m_45s.2023.02.27_00_01_30_TAI.magnetogram_processed.npy;hmi.m_45s.2023.03.01_00_01_30_TAI.magnetogram_processed.npy;hmi.m_45s.2023.03.03_00_01_30_TAI.magnetogram_processed.npy;hmi.m_45s.2023.03.05_00_01_30_TAI.magnetogram_processed.npy
2023-02-27,2023-03-06,7.0,0.19752383232116655,1,hmi.m_45s.2023.02.27_00_01_30_TAI.magnetogram_processed.npy;hmi.m_45s.2023.03.01_00_01_30_TAI.magnetogram_processed.npy;hmi.m_45s.2023.03.03_00_01_30_TAI.magnetogram_processed.npy;hmi.m_45s.2023.03.05_00_01_30_TAI.magnetogram_processed.npy;hmi.m_45s.2023.03.06_00_01_30_TAI.magnetogram_processed.npy
2023-03-01,2023-03-07,6.0,0.2916574478149414,1,hmi.m_45s.2023.03.01_00_01_30_TAI.magnetogram_processed.npy;hmi.m_45s.2023.03.03_00_01_30_TAI.magnetogram_processed.npy;hmi.m_45s.2023.03.05_00_01_30_TAI.magnetogram_processed.npy;hmi.m_45s.2023.03.06_00_01_30_TAI.magnetogram_processed.npy;hmi.m_45s.2023.03.07_00_01_30_TAI.magnetogram_processed.npy
2023-03-03,2023-03-08,5.0,0.3755033016204834,1,hmi.m_45s.2023.03.03_00_01_30_TAI.magnetogram_processed.npy;hmi.m_45s.2023.03.05_00_01_30_TAI.magnetogram_processed.npy;hmi.m_45s.2023.03.06_00_01_30_TAI.magnetogram_processed.npy;hmi.m_45s.2023.03.07_00_01_30_TAI.magnetogram_processed.npy;hmi.m_45s.2023.03.08_00_01_30_TAI.magnetogram_processed.npy
2023-03-05,2023-03-11,6.0,-0.02161860466003418,2,hmi.m_45s.2023.03.05_00_01_30_TAI.magnetogram_processed.npy;hmi.m_45s.2023.03.06_00_01_30_TAI.magnetogram_processed.npy;hmi.m_45s.2023.03.07_00_01_30_TAI.magnetogram_processed.npy;hmi.m_45s.2023.03.08_00_01_30_TAI.magnetogram_processed.npy;hmi.m_45s.2023.03.11_00_01_30_TAI.magnetogram_processed.npy
2023-03-06,2023-03-14,8.0,-0.2124845981597896,3,hmi.m_45s.2023.03.06_00_01_30_TAI.magnetogram_processed.npy;hmi.m_45s.2023.03.07_00_01_30_TAI.magnetogram_processed.npy;hmi.m_45s.2023.03.08_00_01_30_TAI.magnetogram_processed.npy;hmi.m_45s.2023.03.11_00_01_30_TAI.magnetogram_processed.npy;hmi.m_45s.2023.03.14_00_01_30_TAI.magnetogram_processed.npy
2023-03-21,2023-03-30,9.0,0.1530587673187258,2,hmi.m_45s.2023.03.21_00_01_30_TAI.magnetogram_processed.npy;hmi.m_45s.2023.03.24_00_01_30_TAI.magnetogram_processed.npy;hmi.m_45s.2023.03.25_00_01_30_TAI.magnetogram_processed.npy;hmi.m_45s.2023.03.28_00_01_30_TAI.magnetogram_processed.npy;hmi.m_45s.2023.03.30_00_01_30_TAI.magnetogram_processed.npy
2023-03-24,2023-04-02,9.0,-0.27011632919311523,3,hmi.m_45s.2023.03.24_00_01_30_TAI.magnetogram_processed.npy;hmi.m_45s.2023.03.25_00_01_30_TAI.magnetogram_processed.npy;hmi.m_45s.2023.03.28_00_01_30_TAI.magnetogram_processed.npy;hmi.m_45s.2023.03.30_00_01_30_TAI.magnetogram_processed.npy;hmi.m_45s.2023.04.02_00_01_30_TAI.magnetogram_processed.npy
2023-03-25,2023-04-04,10.0,-0.33715367317199707,3,hmi.m_45s.2023.03.25_00_01_30_TAI.magnetogram_processed.npy;hmi.m_45s.2023.03.28_00_01_30_TAI.magnetogram_processed.npy;hmi.m_45s.2023.03.30_00_01_30_TAI.magnetogram_processed.npy;hmi.m_45s.2023.04.02_00_01_30_TAI.magnetogram_processed.npy;hmi.m_45s.2023.04.04_00_01_30_TAI.magnetogram_processed.npy
2023-03-28,2023-04-06,9.0,-0.20952224731445312,2,hmi.m_45s.2023.03.28_00_01_30_TAI.magnetogram_processed.npy;hmi.m_45s.2023.03.30_00_01_30_TAI.magnetogram_processed.npy;hmi.m_45s.2023.04.02_00_01_30_TAI.magnetogram_processed.npy;hmi.m_45s.2023.04.04_00_01_30_TAI.magnetogram_processed.npy;hmi.m_45s.2023.04.06_00_01_30_TAI.magnetogram_processed.npy
2023-03-30,2023-04-07,8.0,-0.15833973884582497,2,hmi.m_45s.2023.03.30_00_01_30_TAI.magnetogram_processed.npy;hmi.m_45s.2023.04.02_00_01_30_TAI.magnetogram_processed.npy;hmi.m_45s.2023.04.04_00_01_30_TAI.magnetogram_processed.npy;hmi.m_45s.2023.04.06_00_01_30_TAI.magnetogram_processed.npy;hmi.m_45s.2023.04.07_00_01_30_TAI.magnetogram_processed.npy
2023-04-02,2023-04-10,8.0,0.07973313331604004,1,hmi.m_45s.2023.04.02_00_01_30_TAI.magnetogram_processed.npy;hmi.m_45s.2023.04.04_00_01_30_TAI.magnetogram_processed.npy;hmi.m_45s.2023.04.06_00_01_30_TAI.magnetogram_processed.npy;hmi.m_45s.2023.04.07_00_01_30_TAI.magnetogram_processed.npy;hmi.m_45s.2023.04.10_00_01_30_TAI.magnetogram_processed.npy
2023-04-04,2023-04-12,8.0,0.11362433433532715,1,hmi.m_45s.2023.04.04_00_01_30_TAI.magnetogram_processed.npy;hmi.m_45s.2023.04.06_00_01_30_TAI.magnetogram_processed.npy;hmi.m_45s.2023.04.07_00_01_30_TAI.magnetogram_processed.npy;hmi.m_45s.2023.04.10_00_01_30_TAI.magnetogram_processed.npy;hmi.m_45s.2023.04.12_00_01_30_TAI.magnetogram_processed.npy
2023-04-06,2023-04-13,7.0,0.05481243133544922,1,hmi.m_45s.2023.04.06_00_01_30_TAI.magnetogram_processed.npy;hmi.m_45s.2023.04.07_00_01_30_TAI.magnetogram_processed.npy;hmi.m_45s.2023.04.10_00_01_30_TAI.magnetogram_processed.npy;hmi.m_45s.2023.04.12_00_01_30_TAI.magnetogram_processed.npy;hmi.m_45s.2023.04.13_00_01_30_TAI.magnetogram_processed.npy
2023-04-10,2023-04-20,10.0,0.09807944297790527,1,hmi.m_45s.2023.04.10_00_01_30_TAI.magnetogram_processed.npy;hmi.m_45s.2023.04.12_00_01_30_TAI.magnetogram_processed.npy;hmi.m_45s.2023.04.13_00_01_30_TAI.magnetogram_processed.npy;hmi.m_45s.2023.04.18_00_01_30_TAI.magnetogram_processed.npy;hmi.m_45s.2023.04.20_00_01_30_TAI.magnetogram_processed.npy
2023-04-12,2023-04-22,10.0,-0.0456809997558596,2,hmi.m_45s.2023.04.12_00_01_30_TAI.magnetogram_processed.npy;hmi.m_45s.2023.04.13_00_01_30_TAI.magnetogram_processed.npy;hmi.m_45s.2023.04.18_00_01_30_TAI.magnetogram_processed.npy;hmi.m_45s.2023.04.20_00_01_30_TAI.magnetogram_processed.npy;hmi.m_45s.2023.04.22_00_01_30_TAI.magnetogram_processed.npy
2023-04-18,2023-04-28,10.0,-0.19407272338867165,3,hmi.m_45s.2023.04.18_00_01_30_TAI.magnetogram_processed.npy;hmi.m_45s.2023.04.20_00_01_30_TAI.magnetogram_processed.npy;hmi.m_45s.2023.04.22_00_01_30_TAI.magnetogram_processed.npy;hmi.m_45s.2023.04.24_00_01_30_TAI.magnetogram_processed.npy;hmi.m_45s.2023.04.28_00_01_30_TAI.magnetogram_processed.npy
2023-05-15,2023-05-22,7.0,0.07554888725280717,1,hmi.m_45s.2023.05.15_00_01_30_TAI.magnetogram_processed.npy;hmi.m_45s.2023.05.19_00_01_30_TAI.magnetogram_processed.npy;hmi.m_45s.2023.05.20_00_01_30_TAI.magnetogram_processed.npy;hmi.m_45s.2023.05.21_00_01_30_TAI.magnetogram_processed.npy;hmi.m_45s.2023.05.22_00_01_30_TAI.magnetogram_processed.npy
2023-05-19,2023-05-24,5.0,0.26549100875854537,0,hmi.m_45s.2023.05.19_00_01_30_TAI.magnetogram_processed.npy;hmi.m_45s.2023.05.20_00_01_30_TAI.magnetogram_processed.npy;hmi.m_45s.2023.05.21_00_01_30_TAI.magnetogram_processed.npy;hmi.m_45s.2023.05.22_00_01_30_TAI.magnetogram_processed.npy;hmi.m_45s.2023.05.24_00_01_30_TAI.magnetogram_processed.npy
2023-05-20,2023-05-25,5.0,0.24948716163635232,0,hmi.m_45s.2023.05.20_00_01_30_TAI.magnetogram_processed.npy;hmi.m_45s.2023.05.21_00_01_30_TAI.magnetogram_processed.npy;hmi.m_45s.2023.05.22_00_01_30_TAI.magnetogram_processed.npy;hmi.m_45s.2023.05.24_00_01_30_TAI.magnetogram_processed.npy;hmi.m_45s.2023.05.25_00_01_30_TAI.magnetogram_processed.npy
2023-05-21,2023-05-26,5.0,0.17915964126586914,1,hmi.m_45s.2023.05.21_00_01_30_TAI.magnetogram_processed.npy;hmi.m_45s.2023.05.22_00_01_30_TAI.magnetogram_processed.npy;hmi.m_45s.2023.05.24_00_01_30_TAI.magnetogram_processed.npy;hmi.m_45s.2023.05.25_00_01_30_TAI.magnetogram_processed.npy;hmi.m_45s.2023.05.26_00_01_30_TAI.magnetogram_processed.npy
2023-05-22,2023-05-27,5.0,0.11298060417175315,2,hmi.m_45s.2023.05.22_00_01_30_TAI.magnetogram_processed.npy;hmi.m_45s.2023.05.24_00_01_30_TAI.magnetogram_processed.npy;hmi.m_45s.2023.05.25_00_01_30_TAI.magnetogram_processed.npy;hmi.m_45s.2023.05.26_00_01_30_TAI.magnetogram_processed.npy;hmi.m_45s.2023.05.27_00_01_30_TAI.magnetogram_processed.npy
2023-05-24,2023-05-29,5.0,-0.17207264900207542,3,hmi.m_45s.2023.05.24_00_01_30_TAI.magnetogram_processed.npy;hmi.m_45s.2023.05.25_00_01_30_TAI.magnetogram_processed.npy;hmi.m_45s.2023.05.26_00_01_30_TAI.magnetogram_processed.npy;hmi.m_45s.2023.05.27_00_01_30_TAI.magnetogram_processed.npy;hmi.m_45s.2023.05.29_00_01_30_TAI.magnetogram_processed.npy
2023-05-25,2023-05-31,6.0,-0.30888915061950684,4,hmi.m_45s.2023.05.25_00_01_30_TAI.magnetogram_processed.npy;hmi.m_45s.2023.05.26_00_01_30_TAI.magnetogram_processed.npy;hmi.m_45s.2023.05.27_00_01_30_TAI.magnetogram_processed.npy;hmi.m_45s.2023.05.29_00_01_30_TAI.magnetogram_processed.npy;hmi.m_45s.2023.05.31_00_01_30_TAI.magnetogram_processed.npy
2023-05-26,2023-06-02,7.0,-0.23143291473388672,3,hmi.m_45s.2023.05.26_00_01_30_TAI.magnetogram_processed.npy;hmi.m_45s.2023.05.27_00_01_30_TAI.magnetogram_processed.npy;hmi.m_45s.2023.05.29_00_01_30_TAI.magnetogram_processed.npy;hmi.m_45s.2023.05.31_00_01_30_TAI.magnetogram_processed.npy;hmi.m_45s.2023.06.02_00_01_30_TAI.magnetogram_processed.npy
2023-05-27,2023-06-03,7.0,-0.18169879913330078,2,hmi.m_45s.2023.05.27_00_01_30_TAI.magnetogram_processed.npy;hmi.m_45s.2023.05.29_00_01_30_TAI.magnetogram_processed.npy;hmi.m_45s.2023.05.31_00_01_30_TAI.magnetogram_processed.npy;hmi.m_45s.2023.06.02_00_01_30_TAI.magnetogram_processed.npy;hmi.m_45s.2023.06.03_00_01_30_TAI.magnetogram_processed.npy
2023-05-29,2023-06-04,6.0,0.007277727127075195,1,hmi.m_45s.2023.05.29_00_01_30_TAI.magnetogram_processed.npy;hmi.m_45s.2023.05.31_00_01_30_TAI.magnetogram_processed.npy;hmi.m_45s.2023.06.02_00_01_30_TAI.magnetogram_processed.npy;hmi.m_45s.2023.06.03_00_01_30_TAI.magnetogram_processed.npy;hmi.m_45s.2023.06.04_00_01_30_TAI.magnetogram_processed.npy
2023-05-31,2023-06-07,7.0,0.2680361270904541,0,hmi.m_45s.2023.05.31_00_01_30_TAI.magnetogram_processed.npy;hmi.m_45s.2023.06.02_00_01_30_TAI.magnetogram_processed.npy;hmi.m_45s.2023.06.03_00_01_30_TAI.magnetogram_processed.npy;hmi.m_45s.2023.06.04_00_01_30_TAI.magnetogram_processed.npy;hmi.m_45s.2023.06.07_00_01_30_TAI.magnetogram_processed.npy
2023-06-02,2023-06-11,9.0,0.2723813056945801,0,hmi.m_45s.2023.06.02_00_01_30_TAI.magnetogram_processed.npy;hmi.m_45s.2023.06.03_00_01_30_TAI.magnetogram_processed.npy;hmi.m_45s.2023.06.04_00_01_30_TAI.magnetogram_processed.npy;hmi.m_45s.2023.06.07_00_01_30_TAI.magnetogram_processed.npy;hmi.m_45s.2023.06.11_00_01_30_TAI.magnetogram_processed.npy
2023-06-03,2023-06-12,9.0,0.13439655303955078,1,hmi.m_45s.2023.06.03_00_01_30_TAI.magnetogram_processed.npy;hmi.m_45s.2023.06.04_00_01_30_TAI.magnetogram_processed.npy;hmi.m_45s.2023.06.07_00_01_30_TAI.magnetogram_processed.npy;hmi.m_45s.2023.06.11_00_01_30_TAI.magnetogram_processed.npy;hmi.m_45s.2023.06.12_00_01_30_TAI.magnetogram_processed.npy
2023-06-04,2023-06-13,9.0,-0.0007390975952150658,2,hmi.m_45s.2023.06.04_00_01_30_TAI.magnetogram_processed.npy;hmi.m_45s.2023.06.07_00_01_30_TAI.magnetogram_processed.npy;hmi.m_45s.2023.06.11_00_01_30_TAI.magnetogram_processed.npy;hmi.m_45s.2023.06.12_00_01_30_TAI.magnetogram_processed.npy;hmi.m_45s.2023.06.13_00_01_30_TAI.magnetogram_processed.npy
2023-06-07,2023-06-14,7.0,-0.2850949764251709,3,hmi.m_45s.2023.06.07_00_01_30_TAI.magnetogram_processed.npy;hmi.m_45s.2023.06.11_00_01_30_TAI.magnetogram_processed.npy;hmi.m_45s.2023.06.12_00_01_30_TAI.magnetogram_processed.npy;hmi.m_45s.2023.06.13_00_01_30_TAI.magnetogram_processed.npy;hmi.m_45s.2023.06.14_00_01_30_TAI.magnetogram_processed.npy
2023-06-11,2023-06-18,7.0,-0.14582872390747048,3,hmi.m_45s.2023.06.11_00_01_30_TAI.magnetogram_processed.npy;hmi.m_45s.2023.06.12_00_01_30_TAI.magnetogram_processed.npy;hmi.m_45s.2023.06.13_00_01_30_TAI.magnetogram_processed.npy;hmi.m_45s.2023.06.14_00_01_30_TAI.magnetogram_processed.npy;hmi.m_45s.2023.06.18_00_01_30_TAI.magnetogram_processed.npy
2023-06-12,2023-06-19,7.0,0.07596015930175781,2,hmi.m_45s.2023.06.12_00_01_30_TAI.magnetogram_processed.npy;hmi.m_45s.2023.06.13_00_01_30_TAI.magnetogram_processed.npy;hmi.m_45s.2023.06.14_00_01_30_TAI.magnetogram_processed.npy;hmi.m_45s.2023.06.18_00_01_30_TAI.magnetogram_processed.npy;hmi.m_45s.2023.06.19_00_01_30_TAI.magnetogram_processed.npy
2023-06-13,2023-06-20,7.0,0.2643942832946773,1,hmi.m_45s.2023.06.13_00_01_30_TAI.magnetogram_processed.npy;hmi.m_45s.2023.06.14_00_01_30_TAI.magnetogram_processed.npy;hmi.m_45s.2023.06.18_00_01_30_TAI.magnetogram_processed.npy;hmi.m_45s.2023.06.19_00_01_30_TAI.magnetogram_processed.npy;hmi.m_45s.2023.06.20_00_01_30_TAI.magnetogram_processed.npy
2023-06-14,2023-06-21,7.0,0.4184901714324951,0,hmi.m_45s.2023.06.14_00_01_30_TAI.magnetogram_processed.npy;hmi.m_45s.2023.06.18_00_01_30_TAI.magnetogram_processed.npy;hmi.m_45s.2023.06.19_00_01_30_TAI.magnetogram_processed.npy;hmi.m_45s.2023.06.20_00_01_30_TAI.magnetogram_processed.npy;hmi.m_45s.2023.06.21_00_01_30_TAI.magnetogram_processed.npy
2023-06-18,2023-06-22,4.0,0.25191903114318825,0,hmi.m_45s.2023.06.18_00_01_30_TAI.magnetogram_processed.npy;hmi.m_45s.2023.06.19_00_01_30_TAI.magnetogram_processed.npy;hmi.m_45s.2023.06.20_00_01_30_TAI.magnetogram_processed.npy;hmi.m_45s.2023.06.21_00_01_30_TAI.magnetogram_processed.npy;hmi.m_45s.2023.06.22_00_01_30_TAI.magnetogram_processed.npy
2023-06-19,2023-06-25,6.0,-0.0361323356628418,1,hmi.m_45s.2023.06.19_00_01_30_TAI.magnetogram_processed.npy;hmi.m_45s.2023.06.20_00_01_30_TAI.magnetogram_processed.npy;hmi.m_45s.2023.06.21_00_01_30_TAI.magnetogram_processed.npy;hmi.m_45s.2023.06.22_00_01_30_TAI.magnetogram_processed.npy;hmi.m_45s.2023.06.25_00_01_30_TAI.magnetogram_processed.npy
2023-06-20,2023-06-26,6.0,-0.2148628234863279,2,hmi.m_45s.2023.06.20_00_01_30_TAI.magnetogram_processed.npy;hmi.m_45s.2023.06.21_00_01_30_TAI.magnetogram_processed.npy;hmi.m_45s.2023.06.22_00_01_30_TAI.magnetogram_processed.npy;hmi.m_45s.2023.06.25_00_01_30_TAI.magnetogram_processed.npy;hmi.m_45s.2023.06.26_00_01_30_TAI.magnetogram_processed.npy
2023-06-21,2023-06-30,9.0,-0.33375024795532227,3,hmi.m_45s.2023.06.21_00_01_30_TAI.magnetogram_processed.npy;hmi.m_45s.2023.06.22_00_01_30_TAI.magnetogram_processed.npy;hmi.m_45s.2023.06.25_00_01_30_TAI.magnetogram_processed.npy;hmi.m_45s.2023.06.26_00_01_30_TAI.magnetogram_processed.npy;hmi.m_45s.2023.06.30_00_01_30_TAI.magnetogram_processed.npy
2023-06-22,2023-07-01,9.0,-0.3567337989807131,4,hmi.m_45s.2023.06.22_00_01_30_TAI.magnetogram_processed.npy;hmi.m_45s.2023.06.25_00_01_30_TAI.magnetogram_processed.npy;hmi.m_45s.2023.06.26_00_01_30_TAI.magnetogram_processed.npy;hmi.m_45s.2023.06.30_00_01_30_TAI.magnetogram_processed.npy;hmi.m_45s.2023.07.01_00_01_30_TAI.magnetogram_processed.npy
2023-06-25,2023-07-02,7.0,-0.1406431198120115,3,hmi.m_45s.2023.06.25_00_01_30_TAI.magnetogram_processed.npy;hmi.m_45s.2023.06.26_00_01_30_TAI.magnetogram_processed.npy;hmi.m_45s.2023.06.30_00_01_30_TAI.magnetogram_processed.npy;hmi.m_45s.2023.07.01_00_01_30_TAI.magnetogram_processed.npy;hmi.m_45s.2023.07.02_00_01_30_TAI.magnetogram_processed.npy
2023-06-26,2023-07-06,10.0,0.06674528121948264,2,hmi.m_45s.2023.06.26_00_01_30_TAI.magnetogram_processed.npy;hmi.m_45s.2023.06.30_00_01_30_TAI.magnetogram_processed.npy;hmi.m_45s.2023.07.01_00_01_30_TAI.magnetogram_processed.npy;hmi.m_45s.2023.07.02_00_01_30_TAI.magnetogram_processed.npy;hmi.m_45s.2023.07.06_00_01_30_TAI.magnetogram_processed.npy
2023-06-30,2023-07-10,10.0,0.21451711654663086,1,hmi.m_45s.2023.06.30_00_01_30_TAI.magnetogram_processed.npy;hmi.m_45s.2023.07.01_00_01_30_TAI.magnetogram_processed.npy;hmi.m_45s.2023.07.02_00_01_30_TAI.magnetogram_processed.npy;hmi.m_45s.2023.07.06_00_01_30_TAI.magnetogram_processed.npy;hmi.m_45s.2023.07.10_00_01_30_TAI.magnetogram_processed.npy
2023-07-06,2023-07-15,9.0,0.09338855743408203,2,hmi.m_45s.2023.07.06_00_01_30_TAI.magnetogram_processed.npy;hmi.m_45s.2023.07.10_00_01_30_TAI.magnetogram_processed.npy;hmi.m_45s.2023.07.12_00_01_30_TAI.magnetogram_processed.npy;hmi.m_45s.2023.07.13_00_01_30_TAI.magnetogram_processed.npy;hmi.m_45s.2023.07.15_00_01_30_TAI.magnetogram_processed.npy
2023-07-10,2023-07-16,6.0,0.07368922233581543,2,hmi.m_45s.2023.07.10_00_01_30_TAI.magnetogram_processed.npy;hmi.m_45s.2023.07.12_00_01_30_TAI.magnetogram_processed.npy;hmi.m_45s.2023.07.13_00_01_30_TAI.magnetogram_processed.npy;hmi.m_45s.2023.07.15_00_01_30_TAI.magnetogram_processed.npy;hmi.m_45s.2023.07.16_00_01_30_TAI.magnetogram_processed.npy
2023-07-12,2023-07-18,6.0,0.14469623565673828,1,hmi.m_45s.2023.07.12_00_01_30_TAI.magnetogram_processed.npy;hmi.m_45s.2023.07.13_00_01_30_TAI.magnetogram_processed.npy;hmi.m_45s.2023.07.15_00_01_30_TAI.magnetogram_processed.npy;hmi.m_45s.2023.07.16_00_01_30_TAI.magnetogram_processed.npy;hmi.m_45s.2023.07.18_00_01_30_TAI.magnetogram_processed.npy
2023-07-13,2023-07-19,6.0,0.18964409828186035,0,hmi.m_45s.2023.07.13_00_01_30_TAI.magnetogram_processed.npy;hmi.m_45s.2023.07.15_00_01_30_TAI.magnetogram_processed.npy;hmi.m_45s.2023.07.16_00_01_30_TAI.magnetogram_processed.npy;hmi.m_45s.2023.07.18_00_01_30_TAI.magnetogram_processed.npy;hmi.m_45s.2023.07.19_00_01_30_TAI.magnetogram_processed.npy
2023-07-15,2023-07-21,6.0,0.1414477825164795,1,hmi.m_45s.2023.07.15_00_01_30_TAI.magnetogram_processed.npy;hmi.m_45s.2023.07.16_00_01_30_TAI.magnetogram_processed.npy;hmi.m_45s.2023.07.18_00_01_30_TAI.magnetogram_processed.npy;hmi.m_45s.2023.07.19_00_01_30_TAI.magnetogram_processed.npy;hmi.m_45s.2023.07.21_00_01_30_TAI.magnetogram_processed.npy
2023-07-16,2023-07-23,7.0,0.016629695892333984,2,hmi.m_45s.2023.07.16_00_01_30_TAI.magnetogram_processed.npy;hmi.m_45s.2023.07.18_00_01_30_TAI.magnetogram_processed.npy;hmi.m_45s.2023.07.19_00_01_30_TAI.magnetogram_processed.npy;hmi.m_45s.2023.07.21_00_01_30_TAI.magnetogram_processed.npy;hmi.m_45s.2023.07.23_00_01_30_TAI.magnetogram_processed.npy
2023-07-18,2023-07-27,9.0,-0.19482970237731934,3,hmi.m_45s.2023.07.18_00_01_30_TAI.magnetogram_processed.npy;hmi.m_45s.2023.07.19_00_01_30_TAI.magnetogram_processed.npy;hmi.m_45s.2023.07.21_00_01_30_TAI.magnetogram_processed.npy;hmi.m_45s.2023.07.23_00_01_30_TAI.magnetogram_processed.npy;hmi.m_45s.2023.07.27_00_01_30_TAI.magnetogram_processed.npy
2023-07-19,2023-07-28,9.0,-0.2368450164794922,4,hmi.m_45s.2023.07.19_00_01_30_TAI.magnetogram_processed.npy;hmi.m_45s.2023.07.21_00_01_30_TAI.magnetogram_processed.npy;hmi.m_45s.2023.07.23_00_01_30_TAI.magnetogram_processed.npy;hmi.m_45s.2023.07.27_00_01_30_TAI.magnetogram_processed.npy;hmi.m_45s.2023.07.28_00_01_30_TAI.magnetogram_processed.npy
2023-07-21,2023-07-29,8.0,-0.20701289176940918,3,hmi.m_45s.2023.07.21_00_01_30_TAI.magnetogram_processed.npy;hmi.m_45s.2023.07.23_00_01_30_TAI.magnetogram_processed.npy;hmi.m_45s.2023.07.27_00_01_30_TAI.magnetogram_processed.npy;hmi.m_45s.2023.07.28_00_01_30_TAI.magnetogram_processed.npy;hmi.m_45s.2023.07.29_00_01_30_TAI.magnetogram_processed.npy
2023-07-23,2023-08-02,10.0,-0.0012159347534179688,2,hmi.m_45s.2023.07.23_00_01_30_TAI.magnetogram_processed.npy;hmi.m_45s.2023.07.27_00_01_30_TAI.magnetogram_processed.npy;hmi.m_45s.2023.07.28_00_01_30_TAI.magnetogram_processed.npy;hmi.m_45s.2023.07.29_00_01_30_TAI.magnetogram_processed.npy;hmi.m_45s.2023.08.02_00_01_30_TAI.magnetogram_processed.npy
2023-07-27,2023-08-06,10.0,0.03731250762939453,2,hmi.m_45s.2023.07.27_00_01_30_TAI.magnetogram_processed.npy;hmi.m_45s.2023.07.28_00_01_30_TAI.magnetogram_processed.npy;hmi.m_45s.2023.07.29_00_01_30_TAI.magnetogram_processed.npy;hmi.m_45s.2023.08.02_00_01_30_TAI.magnetogram_processed.npy;hmi.m_45s.2023.08.06_00_01_30_TAI.magnetogram_processed.npy
2023-08-19,2023-08-28,9.0,-0.02080202102661155,3,hmi.m_45s.2023.08.19_00_01_30_TAI.magnetogram_processed.npy;hmi.m_45s.2023.08.21_00_01_30_TAI.magnetogram_processed.npy;hmi.m_45s.2023.08.26_00_01_30_TAI.magnetogram_processed.npy;hmi.m_45s.2023.08.27_00_01_30_TAI.magnetogram_processed.npy;hmi.m_45s.2023.08.28_00_01_30_TAI.magnetogram_processed.npy
2023-08-21,2023-08-29,8.0,0.01151561737060569,3,hmi.m_45s.2023.08.21_00_01_30_TAI.magnetogram_processed.npy;hmi.m_45s.2023.08.26_00_01_30_TAI.magnetogram_processed.npy;hmi.m_45s.2023.08.27_00_01_30_TAI.magnetogram_processed.npy;hmi.m_45s.2023.08.28_00_01_30_TAI.magnetogram_processed.npy;hmi.m_45s.2023.08.29_00_01_30_TAI.magnetogram_processed.npy
2023-08-26,2023-09-03,8.0,-0.14911293983459473,4,hmi.m_45s.2023.08.26_00_01_30_TAI.magnetogram_processed.npy;hmi.m_45s.2023.08.27_00_01_30_TAI.magnetogram_processed.npy;hmi.m_45s.2023.08.28_00_01_30_TAI.magnetogram_processed.npy;hmi.m_45s.2023.08.29_00_01_30_TAI.magnetogram_processed.npy;hmi.m_45s.2023.09.03_00_01_30_TAI.magnetogram_processed.npy
2023-08-27,2023-09-05,9.0,-0.10241270065307617,3,hmi.m_45s.2023.08.27_00_01_30_TAI.magnetogram_processed.npy;hmi.m_45s.2023.08.28_00_01_30_TAI.magnetogram_processed.npy;hmi.m_45s.2023.08.29_00_01_30_TAI.magnetogram_processed.npy;hmi.m_45s.2023.09.03_00_01_30_TAI.magnetogram_processed.npy;hmi.m_45s.2023.09.05_00_01_30_TAI.magnetogram_processed.npy
2023-08-28,2023-09-07,10.0,-0.016999244689941184,2,hmi.m_45s.2023.08.28_00_01_30_TAI.magnetogram_processed.npy;hmi.m_45s.2023.08.29_00_01_30_TAI.magnetogram_processed.npy;hmi.m_45s.2023.09.03_00_01_30_TAI.magnetogram_processed.npy;hmi.m_45s.2023.09.05_00_01_30_TAI.magnetogram_processed.npy;hmi.m_45s.2023.09.07_00_01_30_TAI.magnetogram_processed.npy
2023-09-03,2023-09-12,9.0,0.21513700485229492,0,hmi.m_45s.2023.09.03_00_01_30_TAI.magnetogram_processed.npy;hmi.m_45s.2023.09.05_00_01_30_TAI.magnetogram_processed.npy;hmi.m_45s.2023.09.07_00_01_30_TAI.magnetogram_processed.npy;hmi.m_45s.2023.09.11_00_01_30_TAI.magnetogram_processed.npy;hmi.m_45s.2023.09.12_00_01_30_TAI.magnetogram_processed.npy
2023-09-05,2023-09-13,8.0,0.1341104507446289,1,hmi.m_45s.2023.09.05_00_01_30_TAI.magnetogram_processed.npy;hmi.m_45s.2023.09.07_00_01_30_TAI.magnetogram_processed.npy;hmi.m_45s.2023.09.11_00_01_30_TAI.magnetogram_processed.npy;hmi.m_45s.2023.09.12_00_01_30_TAI.magnetogram_processed.npy;hmi.m_45s.2023.09.13_00_01_30_TAI.magnetogram_processed.npy
2023-09-07,2023-09-14,7.0,0.01620650291442871,2,hmi.m_45s.2023.09.07_00_01_30_TAI.magnetogram_processed.npy;hmi.m_45s.2023.09.11_00_01_30_TAI.magnetogram_processed.npy;hmi.m_45s.2023.09.12_00_01_30_TAI.magnetogram_processed.npy;hmi.m_45s.2023.09.13_00_01_30_TAI.magnetogram_processed.npy;hmi.m_45s.2023.09.14_00_01_30_TAI.magnetogram_processed.npy
2023-09-11,2023-09-15,4.0,-0.13079047203063965,3,hmi.m_45s.2023.09.11_00_01_30_TAI.magnetogram_processed.npy;hmi.m_45s.2023.09.12_00_01_30_TAI.magnetogram_processed.npy;hmi.m_45s.2023.09.13_00_01_30_TAI.magnetogram_processed.npy;hmi.m_45s.2023.09.14_00_01_30_TAI.magnetogram_processed.npy;hmi.m_45s.2023.09.15_00_01_30_TAI.magnetogram_processed.npy
2023-09-12,2023-09-18,6.0,-0.19786357879638672,4,hmi.m_45s.2023.09.12_00_01_30_TAI.magnetogram_processed.npy;hmi.m_45s.2023.09.13_00_01_30_TAI.magnetogram_processed.npy;hmi.m_45s.2023.09.14_00_01_30_TAI.magnetogram_processed.npy;hmi.m_45s.2023.09.15_00_01_30_TAI.magnetogram_processed.npy;hmi.m_45s.2023.09.18_00_01_30_TAI.magnetogram_processed.npy
2023-09-13,2023-09-19,6.0,-0.10831356048583984,3,hmi.m_45s.2023.09.13_00_01_30_TAI.magnetogram_processed.npy;hmi.m_45s.2023.09.14_00_01_30_TAI.magnetogram_processed.npy;hmi.m_45s.2023.09.15_00_01_30_TAI.magnetogram_processed.npy;hmi.m_45s.2023.09.18_00_01_30_TAI.magnetogram_processed.npy;hmi.m_45s.2023.09.19_00_01_30_TAI.magnetogram_processed.npy
2023-09-14,2023-09-21,7.0,-0.0025510787963867188,2,hmi.m_45s.2023.09.14_00_01_30_TAI.magnetogram_processed.npy;hmi.m_45s.2023.09.15_00_01_30_TAI.magnetogram_processed.npy;hmi.m_45s.2023.09.18_00_01_30_TAI.magnetogram_processed.npy;hmi.m_45s.2023.09.19_00_01_30_TAI.magnetogram_processed.npy;hmi.m_45s.2023.09.21_00_01_30_TAI.magnetogram_processed.npy
2023-09-15,2023-09-23,8.0,0.15372633934020996,1,hmi.m_45s.2023.09.15_00_01_30_TAI.magnetogram_processed.npy;hmi.m_45s.2023.09.18_00_01_30_TAI.magnetogram_processed.npy;hmi.m_45s.2023.09.19_00_01_30_TAI.magnetogram_processed.npy;hmi.m_45s.2023.09.21_00_01_30_TAI.magnetogram_processed.npy;hmi.m_45s.2023.09.23_00_01_30_TAI.magnetogram_processed.npy
2023-09-18,2023-09-26,8.0,0.10378360748291016,1,hmi.m_45s.2023.09.18_00_01_30_TAI.magnetogram_processed.npy;hmi.m_45s.2023.09.19_00_01_30_TAI.magnetogram_processed.npy;hmi.m_45s.2023.09.21_00_01_30_TAI.magnetogram_processed.npy;hmi.m_45s.2023.09.23_00_01_30_TAI.magnetogram_processed.npy;hmi.m_45s.2023.09.26_00_01_30_TAI.magnetogram_processed.npy
2023-09-19,2023-09-27,8.0,0.022304058074951172,2,hmi.m_45s.2023.09.19_00_01_30_TAI.magnetogram_processed.npy;hmi.m_45s.2023.09.21_00_01_30_TAI.magnetogram_processed.npy;hmi.m_45s.2023.09.23_00_01_30_TAI.magnetogram_processed.npy;hmi.m_45s.2023.09.26_00_01_30_TAI.magnetogram_processed.npy;hmi.m_45s.2023.09.27_00_01_30_TAI.magnetogram_processed.npy
2023-09-21,2023-09-30,9.0,-0.048160552978515625,3,hmi.m_45s.2023.09.21_00_01_30_TAI.magnetogram_processed.npy;hmi.m_45s.2023.09.23_00_01_30_TAI.magnetogram_processed.npy;hmi.m_45s.2023.09.26_00_01_30_TAI.magnetogram_processed.npy;hmi.m_45s.2023.09.27_00_01_30_TAI.magnetogram_processed.npy;hmi.m_45s.2023.09.30_00_01_30_TAI.magnetogram_processed.npy
2023-09-23,2023-10-01,8.0,-0.1172661781311033,3,hmi.m_45s.2023.09.23_00_01_30_TAI.magnetogram_processed.npy;hmi.m_45s.2023.09.26_00_01_30_TAI.magnetogram_processed.npy;hmi.m_45s.2023.09.27_00_01_30_TAI.magnetogram_processed.npy;hmi.m_45s.2023.09.30_00_01_30_TAI.magnetogram_processed.npy;hmi.m_45s.2023.10.01_00_01_30_TAI.magnetogram_processed.npy
2023-09-26,2023-10-03,7.0,0.0667273998260498,2,hmi.m_45s.2023.09.26_00_01_30_TAI.magnetogram_processed.npy;hmi.m_45s.2023.09.27_00_01_30_TAI.magnetogram_processed.npy;hmi.m_45s.2023.09.30_00_01_30_TAI.magnetogram_processed.npy;hmi.m_45s.2023.10.01_00_01_30_TAI.magnetogram_processed.npy;hmi.m_45s.2023.10.03_00_01_30_TAI.magnetogram_processed.npy
2023-09-27,2023-10-06,9.0,0.1588881015777588,1,hmi.m_45s.2023.09.27_00_01_30_TAI.magnetogram_processed.npy;hmi.m_45s.2023.09.30_00_01_30_TAI.magnetogram_processed.npy;hmi.m_45s.2023.10.01_00_01_30_TAI.magnetogram_processed.npy;hmi.m_45s.2023.10.03_00_01_30_TAI.magnetogram_processed.npy;hmi.m_45s.2023.10.06_00_01_30_TAI.magnetogram_processed.npy
2023-09-30,2023-10-08,8.0,0.04522204399108887,1,hmi.m_45s.2023.09.30_00_01_30_TAI.magnetogram_processed.npy;hmi.m_45s.2023.10.01_00_01_30_TAI.magnetogram_processed.npy;hmi.m_45s.2023.10.03_00_01_30_TAI.magnetogram_processed.npy;hmi.m_45s.2023.10.06_00_01_30_TAI.magnetogram_processed.npy;hmi.m_45s.2023.10.08_00_01_30_TAI.magnetogram_processed.npy
2023-10-01,2023-10-11,10.0,-0.10803341865539573,2,hmi.m_45s.2023.10.01_00_01_30_TAI.magnetogram_processed.npy;hmi.m_45s.2023.10.03_00_01_30_TAI.magnetogram_processed.npy;hmi.m_45s.2023.10.06_00_01_30_TAI.magnetogram_processed.npy;hmi.m_45s.2023.10.08_00_01_30_TAI.magnetogram_processed.npy;hmi.m_45s.2023.10.11_00_01_30_TAI.magnetogram_processed.npy
2023-10-11,2023-10-21,10.0,-0.11054873466491699,4,hmi.m_45s.2023.10.11_00_01_30_TAI.magnetogram_processed.npy;hmi.m_45s.2023.10.16_00_01_30_TAI.magnetogram_processed.npy;hmi.m_45s.2023.10.17_00_01_30_TAI.magnetogram_processed.npy;hmi.m_45s.2023.10.19_00_01_30_TAI.magnetogram_processed.npy;hmi.m_45s.2023.10.21_00_01_30_TAI.magnetogram_processed.npy
2023-10-16,2023-10-23,7.0,-0.16441345214843728,4,hmi.m_45s.2023.10.16_00_01_30_TAI.magnetogram_processed.npy;hmi.m_45s.2023.10.17_00_01_30_TAI.magnetogram_processed.npy;hmi.m_45s.2023.10.19_00_01_30_TAI.magnetogram_processed.npy;hmi.m_45s.2023.10.21_00_01_30_TAI.magnetogram_processed.npy;hmi.m_45s.2023.10.23_00_01_30_TAI.magnetogram_processed.npy
2023-10-17,2023-10-27,10.0,-0.1785755157470703,4,hmi.m_45s.2023.10.17_00_01_30_TAI.magnetogram_processed.npy;hmi.m_45s.2023.10.19_00_01_30_TAI.magnetogram_processed.npy;hmi.m_45s.2023.10.21_00_01_30_TAI.magnetogram_processed.npy;hmi.m_45s.2023.10.23_00_01_30_TAI.magnetogram_processed.npy;hmi.m_45s.2023.10.27_00_01_30_TAI.magnetogram_processed.npy
2023-10-19,2023-10-29,10.0,-0.025063753128051536,3,hmi.m_45s.2023.10.19_00_01_30_TAI.magnetogram_processed.npy;hmi.m_45s.2023.10.21_00_01_30_TAI.magnetogram_processed.npy;hmi.m_45s.2023.10.23_00_01_30_TAI.magnetogram_processed.npy;hmi.m_45s.2023.10.27_00_01_30_TAI.magnetogram_processed.npy;hmi.m_45s.2023.10.29_00_01_30_TAI.magnetogram_processed.npy
2023-10-21,2023-10-31,10.0,0.28119087219238303,2,hmi.m_45s.2023.10.21_00_01_30_TAI.magnetogram_processed.npy;hmi.m_45s.2023.10.23_00_01_30_TAI.magnetogram_processed.npy;hmi.m_45s.2023.10.27_00_01_30_TAI.magnetogram_processed.npy;hmi.m_45s.2023.10.29_00_01_30_TAI.magnetogram_processed.npy;hmi.m_45s.2023.10.31_00_01_30_TAI.magnetogram_processed.npy
2023-11-04,2023-11-13,9.0,-0.3516316413879397,2,hmi.m_45s.2023.11.04_00_01_30_TAI.magnetogram_processed.npy;hmi.m_45s.2023.11.07_00_01_30_TAI.magnetogram_processed.npy;hmi.m_45s.2023.11.09_00_01_30_TAI.magnetogram_processed.npy;hmi.m_45s.2023.11.12_00_01_30_TAI.magnetogram_processed.npy;hmi.m_45s.2023.11.13_00_01_30_TAI.magnetogram_processed.npy
2023-11-07,2023-11-14,7.0,-0.21564960479736328,2,hmi.m_45s.2023.11.07_00_01_30_TAI.magnetogram_processed.npy;hmi.m_45s.2023.11.09_00_01_30_TAI.magnetogram_processed.npy;hmi.m_45s.2023.11.12_00_01_30_TAI.magnetogram_processed.npy;hmi.m_45s.2023.11.13_00_01_30_TAI.magnetogram_processed.npy;hmi.m_45s.2023.11.14_00_01_30_TAI.magnetogram_processed.npy
2023-11-12,2023-11-22,10.0,-0.0544011592864988,2,hmi.m_45s.2023.11.12_00_01_30_TAI.magnetogram_processed.npy;hmi.m_45s.2023.11.13_00_01_30_TAI.magnetogram_processed.npy;hmi.m_45s.2023.11.14_00_01_30_TAI.magnetogram_processed.npy;hmi.m_45s.2023.11.20_00_01_30_TAI.magnetogram_processed.npy;hmi.m_45s.2023.11.22_00_01_30_TAI.magnetogram_processed.npy
2023-11-20,2023-11-29,9.0,0.49147605895996094,1,hmi.m_45s.2023.11.20_00_01_30_TAI.magnetogram_processed.npy;hmi.m_45s.2023.11.22_00_01_30_TAI.magnetogram_processed.npy;hmi.m_45s.2023.11.24_00_01_30_TAI.magnetogram_processed.npy;hmi.m_45s.2023.11.25_00_01_30_TAI.magnetogram_processed.npy;hmi.m_45s.2023.11.29_00_01_30_TAI.magnetogram_processed.npy
2023-11-22,2023-11-30,8.0,0.14755129814147927,2,hmi.m_45s.2023.11.22_00_01_30_TAI.magnetogram_processed.npy;hmi.m_45s.2023.11.24_00_01_30_TAI.magnetogram_processed.npy;hmi.m_45s.2023.11.25_00_01_30_TAI.magnetogram_processed.npy;hmi.m_45s.2023.11.29_00_01_30_TAI.magnetogram_processed.npy;hmi.m_45s.2023.11.30_00_01_30_TAI.magnetogram_processed.npy
2023-11-29,2023-12-08,9.0,-0.32196044921875,2,hmi.m_45s.2023.11.29_00_01_30_TAI.magnetogram_processed.npy;hmi.m_45s.2023.11.30_00_01_30_TAI.magnetogram_processed.npy;hmi.m_45s.2023.12.05_00_01_30_TAI.magnetogram_processed.npy;hmi.m_45s.2023.12.07_00_01_30_TAI.magnetogram_processed.npy;hmi.m_45s.2023.12.08_00_01_30_TAI.magnetogram_processed.npy
2023-12-05,2023-12-13,8.0,-0.07809996604919456,2,hmi.m_45s.2023.12.05_00_01_30_TAI.magnetogram_processed.npy;hmi.m_45s.2023.12.07_00_01_30_TAI.magnetogram_processed.npy;hmi.m_45s.2023.12.08_00_01_30_TAI.magnetogram_processed.npy;hmi.m_45s.2023.12.11_00_01_30_TAI.magnetogram_processed.npy;hmi.m_45s.2023.12.13_00_01_30_TAI.magnetogram_processed.npy
2023-12-07,2023-12-16,9.0,-0.02905726432800293,2,hmi.m_45s.2023.12.07_00_01_30_TAI.magnetogram_processed.npy;hmi.m_45s.2023.12.08_00_01_30_TAI.magnetogram_processed.npy;hmi.m_45s.2023.12.11_00_01_30_TAI.magnetogram_processed.npy;hmi.m_45s.2023.12.13_00_01_30_TAI.magnetogram_processed.npy;hmi.m_45s.2023.12.16_00_01_30_TAI.magnetogram_processed.npy
2023-12-08,2023-12-17,9.0,-0.01697540283203125,2,hmi.m_45s.2023.12.08_00_01_30_TAI.magnetogram_processed.npy;hmi.m_45s.2023.12.11_00_01_30_TAI.magnetogram_processed.npy;hmi.m_45s.2023.12.13_00_01_30_TAI.magnetogram_processed.npy;hmi.m_45s.2023.12.16_00_01_30_TAI.magnetogram_processed.npy;hmi.m_45s.2023.12.17_00_01_30_TAI.magnetogram_processed.npy
2023-12-11,2023-12-18,7.0,0.15058517456054732,1,hmi.m_45s.2023.12.11_00_01_30_TAI.magnetogram_processed.npy;hmi.m_45s.2023.12.13_00_01_30_TAI.magnetogram_processed.npy;hmi.m_45s.2023.12.16_00_01_30_TAI.magnetogram_processed.npy;hmi.m_45s.2023.12.17_00_01_30_TAI.magnetogram_processed.npy;hmi.m_45s.2023.12.18_00_01_30_TAI.magnetogram_processed.npy
2023-12-13,2023-12-22,9.0,0.6847500801086426,0,hmi.m_45s.2023.12.13_00_01_30_TAI.magnetogram_processed.npy;hmi.m_45s.2023.12.16_00_01_30_TAI.magnetogram_processed.npy;hmi.m_45s.2023.12.17_00_01_30_TAI.magnetogram_processed.npy;hmi.m_45s.2023.12.18_00_01_30_TAI.magnetogram_processed.npy;hmi.m_45s.2023.12.22_00_01_30_TAI.magnetogram_processed.npy
2023-12-16,2023-12-23,7.0,0.5949079990386963,0,hmi.m_45s.2023.12.16_00_01_30_TAI.magnetogram_processed.npy;hmi.m_45s.2023.12.17_00_01_30_TAI.magnetogram_processed.npy;hmi.m_45s.2023.12.18_00_01_30_TAI.magnetogram_processed.npy;hmi.m_45s.2023.12.22_00_01_30_TAI.magnetogram_processed.npy;hmi.m_45s.2023.12.23_00_01_30_TAI.magnetogram_processed.npy
2023-12-17,2023-12-26,9.0,0.31939148902893066,1,hmi.m_45s.2023.12.17_00_01_30_TAI.magnetogram_processed.npy;hmi.m_45s.2023.12.18_00_01_30_TAI.magnetogram_processed.npy;hmi.m_45s.2023.12.22_00_01_30_TAI.magnetogram_processed.npy;hmi.m_45s.2023.12.23_00_01_30_TAI.magnetogram_processed.npy;hmi.m_45s.2023.12.26_00_01_30_TAI.magnetogram_processed.npy
2023-12-18,2023-12-27,9.0,0.1581907272338865,2,hmi.m_45s.2023.12.18_00_01_30_TAI.magnetogram_processed.npy;hmi.m_45s.2023.12.22_00_01_30_TAI.magnetogram_processed.npy;hmi.m_45s.2023.12.23_00_01_30_TAI.magnetogram_processed.npy;hmi.m_45s.2023.12.26_00_01_30_TAI.magnetogram_processed.npy;hmi.m_45s.2023.12.27_00_01_30_TAI.magnetogram_processed.npy
2023-12-22,2023-12-29,7.0,-0.49532055854797363,3,hmi.m_45s.2023.12.22_00_01_30_TAI.magnetogram_processed.npy;hmi.m_45s.2023.12.23_00_01_30_TAI.magnetogram_processed.npy;hmi.m_45s.2023.12.26_00_01_30_TAI.magnetogram_processed.npy;hmi.m_45s.2023.12.27_00_01_30_TAI.magnetogram_processed.npy;hmi.m_45s.2023.12.29_00_01_30_TAI.magnetogram_processed.npy
2023-12-23,2023-12-30,7.0,-0.5454182624816897,4,hmi.m_45s.2023.12.23_00_01_30_TAI.magnetogram_processed.npy;hmi.m_45s.2023.12.26_00_01_30_TAI.magnetogram_processed.npy;hmi.m_45s.2023.12.27_00_01_30_TAI.magnetogram_processed.npy;hmi.m_45s.2023.12.29_00_01_30_TAI.magnetogram_processed.npy;hmi.m_45s.2023.12.30_00_01_30_TAI.magnetogram_processed.npy
2023-12-26,2024-01-01,6.0,-0.3083527088165281,4,hmi.m_45s.2023.12.26_00_01_30_TAI.magnetogram_processed.npy;hmi.m_45s.2023.12.27_00_01_30_TAI.magnetogram_processed.npy;hmi.m_45s.2023.12.29_00_01_30_TAI.magnetogram_processed.npy;hmi.m_45s.2023.12.30_00_01_30_TAI.magnetogram_processed.npy;hmi.m_45s.2024.01.01_00_01_30_TAI.magnetogram_processed.npy
2023-12-27,2024-01-02,6.0,-0.16456842422485374,3,hmi.m_45s.2023.12.27_00_01_30_TAI.magnetogram_processed.npy;hmi.m_45s.2023.12.29_00_01_30_TAI.magnetogram_processed.npy;hmi.m_45s.2023.12.30_00_01_30_TAI.magnetogram_processed.npy;hmi.m_45s.2024.01.01_00_01_30_TAI.magnetogram_processed.npy;hmi.m_45s.2024.01.02_00_01_30_TAI.magnetogram_processed.npy
2024-01-09,2024-01-19,10.0,0.08173584938049316,0,hmi.m_45s.2024.01.09_00_01_30_TAI.magnetogram_processed.npy;hmi.m_45s.2024.01.14_00_01_30_TAI.magnetogram_processed.npy;hmi.m_45s.2024.01.15_00_01_30_TAI.magnetogram_processed.npy;hmi.m_45s.2024.01.18_00_01_30_TAI.magnetogram_processed.npy;hmi.m_45s.2024.01.19_00_01_30_TAI.magnetogram_processed.npy
2024-01-14,2024-01-20,6.0,0.02784132957458496,1,hmi.m_45s.2024.01.14_00_01_30_TAI.magnetogram_processed.npy;hmi.m_45s.2024.01.15_00_01_30_TAI.magnetogram_processed.npy;hmi.m_45s.2024.01.18_00_01_30_TAI.magnetogram_processed.npy;hmi.m_45s.2024.01.19_00_01_30_TAI.magnetogram_processed.npy;hmi.m_45s.2024.01.20_00_01_30_TAI.magnetogram_processed.npy
2024-01-15,2024-01-25,10.0,-0.10356903076171875,2,hmi.m_45s.2024.01.15_00_01_30_TAI.magnetogram_processed.npy;hmi.m_45s.2024.01.18_00_01_30_TAI.magnetogram_processed.npy;hmi.m_45s.2024.01.19_00_01_30_TAI.magnetogram_processed.npy;hmi.m_45s.2024.01.20_00_01_30_TAI.magnetogram_processed.npy;hmi.m_45s.2024.01.25_00_01_30_TAI.magnetogram_processed.npy
2024-01-18,2024-01-26,8.0,-0.20826458930969238,3,hmi.m_45s.2024.01.18_00_01_30_TAI.magnetogram_processed.npy;hmi.m_45s.2024.01.19_00_01_30_TAI.magnetogram_processed.npy;hmi.m_45s.2024.01.20_00_01_30_TAI.magnetogram_processed.npy;hmi.m_45s.2024.01.25_00_01_30_TAI.magnetogram_processed.npy;hmi.m_45s.2024.01.26_00_01_30_TAI.magnetogram_processed.npy
2024-01-19,2024-01-29,10.0,-0.3193020820617676,4,hmi.m_45s.2024.01.19_00_01_30_TAI.magnetogram_processed.npy;hmi.m_45s.2024.01.20_00_01_30_TAI.magnetogram_processed.npy;hmi.m_45s.2024.01.25_00_01_30_TAI.magnetogram_processed.npy;hmi.m_45s.2024.01.26_00_01_30_TAI.magnetogram_processed.npy;hmi.m_45s.2024.01.29_00_01_30_TAI.magnetogram_processed.npy
2024-01-20,2024-01-30,10.0,-0.25542378425598145,3,hmi.m_45s.2024.01.20_00_01_30_TAI.magnetogram_processed.npy;hmi.m_45s.2024.01.25_00_01_30_TAI.magnetogram_processed.npy;hmi.m_45s.2024.01.26_00_01_30_TAI.magnetogram_processed.npy;hmi.m_45s.2024.01.29_00_01_30_TAI.magnetogram_processed.npy;hmi.m_45s.2024.01.30_00_01_30_TAI.magnetogram_processed.npy
2024-01-25,2024-01-31,6.0,-0.05278587341308594,2,hmi.m_45s.2024.01.25_00_01_30_TAI.magnetogram_processed.npy;hmi.m_45s.2024.01.26_00_01_30_TAI.magnetogram_processed.npy;hmi.m_45s.2024.01.29_00_01_30_TAI.magnetogram_processed.npy;hmi.m_45s.2024.01.30_00_01_30_TAI.magnetogram_processed.npy;hmi.m_45s.2024.01.31_00_01_30_TAI.magnetogram_processed.npy
2024-01-26,2024-02-01,6.0,0.1033782958984375,1,hmi.m_45s.2024.01.26_00_01_30_TAI.magnetogram_processed.npy;hmi.m_45s.2024.01.29_00_01_30_TAI.magnetogram_processed.npy;hmi.m_45s.2024.01.30_00_01_30_TAI.magnetogram_processed.npy;hmi.m_45s.2024.01.31_00_01_30_TAI.magnetogram_processed.npy;hmi.m_45s.2024.02.01_00_01_30_TAI.magnetogram_processed.npy
2024-01-29,2024-02-03,5.0,0.2272725105285649,0,hmi.m_45s.2024.01.29_00_01_30_TAI.magnetogram_processed.npy;hmi.m_45s.2024.01.30_00_01_30_TAI.magnetogram_processed.npy;hmi.m_45s.2024.01.31_00_01_30_TAI.magnetogram_processed.npy;hmi.m_45s.2024.02.01_00_01_30_TAI.magnetogram_processed.npy;hmi.m_45s.2024.02.03_00_01_30_TAI.magnetogram_processed.npy
2024-01-30,2024-02-04,5.0,0.22366046905517578,0,hmi.m_45s.2024.01.30_00_01_30_TAI.magnetogram_processed.npy;hmi.m_45s.2024.01.31_00_01_30_TAI.magnetogram_processed.npy;hmi.m_45s.2024.02.01_00_01_30_TAI.magnetogram_processed.npy;hmi.m_45s.2024.02.03_00_01_30_TAI.magnetogram_processed.npy;hmi.m_45s.2024.02.04_00_01_30_TAI.magnetogram_processed.npy
2024-01-31,2024-02-05,5.0,0.1640856266021733,0,hmi.m_45s.2024.01.31_00_01_30_TAI.magnetogram_processed.npy;hmi.m_45s.2024.02.01_00_01_30_TAI.magnetogram_processed.npy;hmi.m_45s.2024.02.03_00_01_30_TAI.magnetogram_processed.npy;hmi.m_45s.2024.02.04_00_01_30_TAI.magnetogram_processed.npy;hmi.m_45s.2024.02.05_00_01_30_TAI.magnetogram_processed.npy
2024-02-01,2024-02-06,5.0,0.11407136917114258,0,hmi.m_45s.2024.02.01_00_01_30_TAI.magnetogram_processed.npy;hmi.m_45s.2024.02.03_00_01_30_TAI.magnetogram_processed.npy;hmi.m_45s.2024.02.04_00_01_30_TAI.magnetogram_processed.npy;hmi.m_45s.2024.02.05_00_01_30_TAI.magnetogram_processed.npy;hmi.m_45s.2024.02.06_00_01_30_TAI.magnetogram_processed.npy
2024-02-03,2024-02-07,4.0,0.10743737220764116,0,hmi.m_45s.2024.02.03_00_01_30_TAI.magnetogram_processed.npy;hmi.m_45s.2024.02.04_00_01_30_TAI.magnetogram_processed.npy;hmi.m_45s.2024.02.05_00_01_30_TAI.magnetogram_processed.npy;hmi.m_45s.2024.02.06_00_01_30_TAI.magnetogram_processed.npy;hmi.m_45s.2024.02.07_00_01_30_TAI.magnetogram_processed.npy
2024-02-04,2024-02-09,5.0,0.14835000038146973,0,hmi.m_45s.2024.02.04_00_01_30_TAI.magnetogram_processed.npy;hmi.m_45s.2024.02.05_00_01_30_TAI.magnetogram_processed.npy;hmi.m_45s.2024.02.06_00_01_30_TAI.magnetogram_processed.npy;hmi.m_45s.2024.02.07_00_01_30_TAI.magnetogram_processed.npy;hmi.m_45s.2024.02.09_00_01_30_TAI.magnetogram_processed.npy
2024-02-05,2024-02-13,8.0,0.24645924568176225,0,hmi.m_45s.2024.02.05_00_01_30_TAI.magnetogram_processed.npy;hmi.m_45s.2024.02.06_00_01_30_TAI.magnetogram_processed.npy;hmi.m_45s.2024.02.07_00_01_30_TAI.magnetogram_processed.npy;hmi.m_45s.2024.02.09_00_01_30_TAI.magnetogram_processed.npy;hmi.m_45s.2024.02.13_00_01_30_TAI.magnetogram_processed.npy
2024-02-06,2024-02-15,9.0,0.1194000244140625,1,hmi.m_45s.2024.02.06_00_01_30_TAI.magnetogram_processed.npy;hmi.m_45s.2024.02.07_00_01_30_TAI.magnetogram_processed.npy;hmi.m_45s.2024.02.09_00_01_30_TAI.magnetogram_processed.npy;hmi.m_45s.2024.02.13_00_01_30_TAI.magnetogram_processed.npy;hmi.m_45s.2024.02.15_00_01_30_TAI.magnetogram_processed.npy
2024-02-09,2024-02-19,10.0,-0.22813081741333008,3,hmi.m_45s.2024.02.09_00_01_30_TAI.magnetogram_processed.npy;hmi.m_45s.2024.02.13_00_01_30_TAI.magnetogram_processed.npy;hmi.m_45s.2024.02.15_00_01_30_TAI.magnetogram_processed.npy;hmi.m_45s.2024.02.18_00_01_30_TAI.magnetogram_processed.npy;hmi.m_45s.2024.02.19_00_01_30_TAI.magnetogram_processed.npy
2024-02-13,2024-02-20,7.0,-0.4181981086730957,4,hmi.m_45s.2024.02.13_00_01_30_TAI.magnetogram_processed.npy;hmi.m_45s.2024.02.15_00_01_30_TAI.magnetogram_processed.npy;hmi.m_45s.2024.02.18_00_01_30_TAI.magnetogram_processed.npy;hmi.m_45s.2024.02.19_00_01_30_TAI.magnetogram_processed.npy;hmi.m_45s.2024.02.20_00_01_30_TAI.magnetogram_processed.npy
2024-02-15,2024-02-23,8.0,-0.26970505714416504,3,hmi.m_45s.2024.02.15_00_01_30_TAI.magnetogram_processed.npy;hmi.m_45s.2024.02.18_00_01_30_TAI.magnetogram_processed.npy;hmi.m_45s.2024.02.19_00_01_30_TAI.magnetogram_processed.npy;hmi.m_45s.2024.02.20_00_01_30_TAI.magnetogram_processed.npy;hmi.m_45s.2024.02.23_00_01_30_TAI.magnetogram_processed.npy
2024-02-18,2024-02-26,8.0,0.0679314136505127,2,hmi.m_45s.2024.02.18_00_01_30_TAI.magnetogram_processed.npy;hmi.m_45s.2024.02.19_00_01_30_TAI.magnetogram_processed.npy;hmi.m_45s.2024.02.20_00_01_30_TAI.magnetogram_processed.npy;hmi.m_45s.2024.02.23_00_01_30_TAI.magnetogram_processed.npy;hmi.m_45s.2024.02.26_00_01_30_TAI.magnetogram_processed.npy
2024-02-19,2024-02-27,8.0,0.14660954475402788,1,hmi.m_45s.2024.02.19_00_01_30_TAI.magnetogram_processed.npy;hmi.m_45s.2024.02.20_00_01_30_TAI.magnetogram_processed.npy;hmi.m_45s.2024.02.23_00_01_30_TAI.magnetogram_processed.npy;hmi.m_45s.2024.02.26_00_01_30_TAI.magnetogram_processed.npy;hmi.m_45s.2024.02.27_00_01_30_TAI.magnetogram_processed.npy
2024-02-20,2024-02-29,9.0,0.20750164985656738,1,hmi.m_45s.2024.02.20_00_01_30_TAI.magnetogram_processed.npy;hmi.m_45s.2024.02.23_00_01_30_TAI.magnetogram_processed.npy;hmi.m_45s.2024.02.26_00_01_30_TAI.magnetogram_processed.npy;hmi.m_45s.2024.02.27_00_01_30_TAI.magnetogram_processed.npy;hmi.m_45s.2024.02.29_00_01_30_TAI.magnetogram_processed.npy
2024-02-23,2024-03-01,7.0,0.10075569152832031,2,hmi.m_45s.2024.02.23_00_01_30_TAI.magnetogram_processed.npy;hmi.m_45s.2024.02.26_00_01_30_TAI.magnetogram_processed.npy;hmi.m_45s.2024.02.27_00_01_30_TAI.magnetogram_processed.npy;hmi.m_45s.2024.02.29_00_01_30_TAI.magnetogram_processed.npy;hmi.m_45s.2024.03.01_00_01_30_TAI.magnetogram_processed.npy
2024-02-26,2024-03-03,6.0,-0.16093850135803223,3,hmi.m_45s.2024.02.26_00_01_30_TAI.magnetogram_processed.npy;hmi.m_45s.2024.02.27_00_01_30_TAI.magnetogram_processed.npy;hmi.m_45s.2024.02.29_00_01_30_TAI.magnetogram_processed.npy;hmi.m_45s.2024.03.01_00_01_30_TAI.magnetogram_processed.npy;hmi.m_45s.2024.03.03_00_01_30_TAI.magnetogram_processed.npy
2024-02-27,2024-03-04,6.0,-0.2771198749542232,4,hmi.m_45s.2024.02.27_00_01_30_TAI.magnetogram_processed.npy;hmi.m_45s.2024.02.29_00_01_30_TAI.magnetogram_processed.npy;hmi.m_45s.2024.03.01_00_01_30_TAI.magnetogram_processed.npy;hmi.m_45s.2024.03.03_00_01_30_TAI.magnetogram_processed.npy;hmi.m_45s.2024.03.04_00_01_30_TAI.magnetogram_processed.npy
2024-02-29,2024-03-06,6.0,-0.2163708209991455,3,hmi.m_45s.2024.02.29_00_01_30_TAI.magnetogram_processed.npy;hmi.m_45s.2024.03.01_00_01_30_TAI.magnetogram_processed.npy;hmi.m_45s.2024.03.03_00_01_30_TAI.magnetogram_processed.npy;hmi.m_45s.2024.03.04_00_01_30_TAI.magnetogram_processed.npy;hmi.m_45s.2024.03.06_00_01_30_TAI.magnetogram_processed.npy
2024-03-01,2024-03-07,6.0,-0.09801983833312944,2,hmi.m_45s.2024.03.01_00_01_30_TAI.magnetogram_processed.npy;hmi.m_45s.2024.03.03_00_01_30_TAI.magnetogram_processed.npy;hmi.m_45s.2024.03.04_00_01_30_TAI.magnetogram_processed.npy;hmi.m_45s.2024.03.06_00_01_30_TAI.magnetogram_processed.npy;hmi.m_45s.2024.03.07_00_01_30_TAI.magnetogram_processed.npy
2024-03-03,2024-03-12,9.0,0.021457672119140625,1,hmi.m_45s.2024.03.03_00_01_30_TAI.magnetogram_processed.npy;hmi.m_45s.2024.03.04_00_01_30_TAI.magnetogram_processed.npy;hmi.m_45s.2024.03.06_00_01_30_TAI.magnetogram_processed.npy;hmi.m_45s.2024.03.07_00_01_30_TAI.magnetogram_processed.npy;hmi.m_45s.2024.03.12_00_01_30_TAI.magnetogram_processed.npy
2024-03-04,2024-03-13,9.0,0.026971101760864258,1,hmi.m_45s.2024.03.04_00_01_30_TAI.magnetogram_processed.npy;hmi.m_45s.2024.03.06_00_01_30_TAI.magnetogram_processed.npy;hmi.m_45s.2024.03.07_00_01_30_TAI.magnetogram_processed.npy;hmi.m_45s.2024.03.12_00_01_30_TAI.magnetogram_processed.npy;hmi.m_45s.2024.03.13_00_01_30_TAI.magnetogram_processed.npy
2024-03-06,2024-03-16,10.0,-0.3669917583465576,2,hmi.m_45s.2024.03.06_00_01_30_TAI.magnetogram_processed.npy;hmi.m_45s.2024.03.07_00_01_30_TAI.magnetogram_processed.npy;hmi.m_45s.2024.03.12_00_01_30_TAI.magnetogram_processed.npy;hmi.m_45s.2024.03.13_00_01_30_TAI.magnetogram_processed.npy;hmi.m_45s.2024.03.16_00_01_30_TAI.magnetogram_processed.npy
2024-03-07,2024-03-17,10.0,-0.1881659030914311,2,hmi.m_45s.2024.03.07_00_01_30_TAI.magnetogram_processed.npy;hmi.m_45s.2024.03.12_00_01_30_TAI.magnetogram_processed.npy;hmi.m_45s.2024.03.13_00_01_30_TAI.magnetogram_processed.npy;hmi.m_45s.2024.03.16_00_01_30_TAI.magnetogram_processed.npy;hmi.m_45s.2024.03.17_00_01_30_TAI.magnetogram_processed.npy
2024-03-12,2024-03-20,8.0,-0.045806169509887695,2,hmi.m_45s.2024.03.12_00_01_30_TAI.magnetogram_processed.npy;hmi.m_45s.2024.03.13_00_01_30_TAI.magnetogram_processed.npy;hmi.m_45s.2024.03.16_00_01_30_TAI.magnetogram_processed.npy;hmi.m_45s.2024.03.17_00_01_30_TAI.magnetogram_processed.npy;hmi.m_45s.2024.03.20_00_01_30_TAI.magnetogram_processed.npy
2024-03-13,2024-03-23,10.0,0.31287074089050293,1,hmi.m_45s.2024.03.13_00_01_30_TAI.magnetogram_processed.npy;hmi.m_45s.2024.03.16_00_01_30_TAI.magnetogram_processed.npy;hmi.m_45s.2024.03.17_00_01_30_TAI.magnetogram_processed.npy;hmi.m_45s.2024.03.20_00_01_30_TAI.magnetogram_processed.npy;hmi.m_45s.2024.03.23_00_01_30_TAI.magnetogram_processed.npy
2024-03-16,2024-03-24,8.0,0.7389485836029053,0,hmi.m_45s.2024.03.16_00_01_30_TAI.magnetogram_processed.npy;hmi.m_45s.2024.03.17_00_01_30_TAI.magnetogram_processed.npy;hmi.m_45s.2024.03.20_00_01_30_TAI.magnetogram_processed.npy;hmi.m_45s.2024.03.23_00_01_30_TAI.magnetogram_processed.npy;hmi.m_45s.2024.03.24_00_01_30_TAI.magnetogram_processed.npy
2024-03-17,2024-03-26,9.0,0.5087077617645264,1,hmi.m_45s.2024.03.17_00_01_30_TAI.magnetogram_processed.npy;hmi.m_45s.2024.03.20_00_01_30_TAI.magnetogram_processed.npy;hmi.m_45s.2024.03.23_00_01_30_TAI.magnetogram_processed.npy;hmi.m_45s.2024.03.24_00_01_30_TAI.magnetogram_processed.npy;hmi.m_45s.2024.03.26_00_01_30_TAI.magnetogram_processed.npy
2024-03-20,2024-03-27,7.0,0.2997279167175293,2,hmi.m_45s.2024.03.20_00_01_30_TAI.magnetogram_processed.npy;hmi.m_45s.2024.03.23_00_01_30_TAI.magnetogram_processed.npy;hmi.m_45s.2024.03.24_00_01_30_TAI.magnetogram_processed.npy;hmi.m_45s.2024.03.26_00_01_30_TAI.magnetogram_processed.npy;hmi.m_45s.2024.03.27_00_01_30_TAI.magnetogram_processed.npy
2024-03-23,2024-03-30,7.0,-0.3807723522186277,3,hmi.m_45s.2024.03.23_00_01_30_TAI.magnetogram_processed.npy;hmi.m_45s.2024.03.24_00_01_30_TAI.magnetogram_processed.npy;hmi.m_45s.2024.03.26_00_01_30_TAI.magnetogram_processed.npy;hmi.m_45s.2024.03.27_00_01_30_TAI.magnetogram_processed.npy;hmi.m_45s.2024.03.30_00_01_30_TAI.magnetogram_processed.npy
2024-03-24,2024-04-02,9.0,-0.6464898586273193,4,hmi.m_45s.2024.03.24_00_01_30_TAI.magnetogram_processed.npy;hmi.m_45s.2024.03.26_00_01_30_TAI.magnetogram_processed.npy;hmi.m_45s.2024.03.27_00_01_30_TAI.magnetogram_processed.npy;hmi.m_45s.2024.03.30_00_01_30_TAI.magnetogram_processed.npy;hmi.m_45s.2024.04.02_00_01_30_TAI.magnetogram_processed.npy
2024-03-26,2024-04-04,9.0,-0.5692064762115479,3,hmi.m_45s.2024.03.26_00_01_30_TAI.magnetogram_processed.npy;hmi.m_45s.2024.03.27_00_01_30_TAI.magnetogram_processed.npy;hmi.m_45s.2024.03.30_00_01_30_TAI.magnetogram_processed.npy;hmi.m_45s.2024.04.02_00_01_30_TAI.magnetogram_processed.npy;hmi.m_45s.2024.04.04_00_01_30_TAI.magnetogram_processed.npy
2024-03-27,2024-04-06,10.0,-0.45963525772094727,2,hmi.m_45s.2024.03.27_00_01_30_TAI.magnetogram_processed.npy;hmi.m_45s.2024.03.30_00_01_30_TAI.magnetogram_processed.npy;hmi.m_45s.2024.04.02_00_01_30_TAI.magnetogram_processed.npy;hmi.m_45s.2024.04.04_00_01_30_TAI.magnetogram_processed.npy;hmi.m_45s.2024.04.06_00_01_30_TAI.magnetogram_processed.npy
2024-03-30,2024-04-07,8.0,-0.022226572036743386,1,hmi.m_45s.2024.03.30_00_01_30_TAI.magnetogram_processed.npy;hmi.m_45s.2024.04.02_00_01_30_TAI.magnetogram_processed.npy;hmi.m_45s.2024.04.04_00_01_30_TAI.magnetogram_processed.npy;hmi.m_45s.2024.04.06_00_01_30_TAI.magnetogram_processed.npy;hmi.m_45s.2024.04.07_00_01_30_TAI.magnetogram_processed.npy
2024-04-02,2024-04-11,9.0,0.12882351875305176,1,hmi.m_45s.2024.04.02_00_01_30_TAI.magnetogram_processed.npy;hmi.m_45s.2024.04.04_00_01_30_TAI.magnetogram_processed.npy;hmi.m_45s.2024.04.06_00_01_30_TAI.magnetogram_processed.npy;hmi.m_45s.2024.04.07_00_01_30_TAI.magnetogram_processed.npy;hmi.m_45s.2024.04.11_00_01_30_TAI.magnetogram_processed.npy
2024-04-04,2024-04-13,9.0,0.08298754692077637,1,hmi.m_45s.2024.04.04_00_01_30_TAI.magnetogram_processed.npy;hmi.m_45s.2024.04.06_00_01_30_TAI.magnetogram_processed.npy;hmi.m_45s.2024.04.07_00_01_30_TAI.magnetogram_processed.npy;hmi.m_45s.2024.04.11_00_01_30_TAI.magnetogram_processed.npy;hmi.m_45s.2024.04.13_00_01_30_TAI.magnetogram_processed.npy
2024-04-06,2024-04-14,8.0,0.06949305534362793,1,hmi.m_45s.2024.04.06_00_01_30_TAI.magnetogram_processed.npy;hmi.m_45s.2024.04.07_00_01_30_TAI.magnetogram_processed.npy;hmi.m_45s.2024.04.11_00_01_30_TAI.magnetogram_processed.npy;hmi.m_45s.2024.04.13_00_01_30_TAI.magnetogram_processed.npy;hmi.m_45s.2024.04.14_00_01_30_TAI.magnetogram_processed.npy
2024-04-07,2024-04-16,9.0,0.2591431140899658,1,hmi.m_45s.2024.04.07_00_01_30_TAI.magnetogram_processed.npy;hmi.m_45s.2024.04.11_00_01_30_TAI.magnetogram_processed.npy;hmi.m_45s.2024.04.13_00_01_30_TAI.magnetogram_processed.npy;hmi.m_45s.2024.04.14_00_01_30_TAI.magnetogram_processed.npy;hmi.m_45s.2024.04.16_00_01_30_TAI.magnetogram_processed.npy
2024-04-11,2024-04-17,6.0,0.4354715347290039,0,hmi.m_45s.2024.04.11_00_01_30_TAI.magnetogram_processed.npy;hmi.m_45s.2024.04.13_00_01_30_TAI.magnetogram_processed.npy;hmi.m_45s.2024.04.14_00_01_30_TAI.magnetogram_processed.npy;hmi.m_45s.2024.04.16_00_01_30_TAI.magnetogram_processed.npy;hmi.m_45s.2024.04.17_00_01_30_TAI.magnetogram_processed.npy
2024-04-13,2024-04-20,7.0,0.6812393665313721,0,hmi.m_45s.2024.04.13_00_01_30_TAI.magnetogram_processed.npy;hmi.m_45s.2024.04.14_00_01_30_TAI.magnetogram_processed.npy;hmi.m_45s.2024.04.16_00_01_30_TAI.magnetogram_processed.npy;hmi.m_45s.2024.04.17_00_01_30_TAI.magnetogram_processed.npy;hmi.m_45s.2024.04.20_00_01_30_TAI.magnetogram_processed.npy
2024-04-14,2024-04-23,9.0,0.5210459232330322,1,hmi.m_45s.2024.04.14_00_01_30_TAI.magnetogram_processed.npy;hmi.m_45s.2024.04.16_00_01_30_TAI.magnetogram_processed.npy;hmi.m_45s.2024.04.17_00_01_30_TAI.magnetogram_processed.npy;hmi.m_45s.2024.04.20_00_01_30_TAI.magnetogram_processed.npy;hmi.m_45s.2024.04.23_00_01_30_TAI.magnetogram_processed.npy
2024-04-16,2024-04-24,8.0,0.15203356742858887,2,hmi.m_45s.2024.04.16_00_01_30_TAI.magnetogram_processed.npy;hmi.m_45s.2024.04.17_00_01_30_TAI.magnetogram_processed.npy;hmi.m_45s.2024.04.20_00_01_30_TAI.magnetogram_processed.npy;hmi.m_45s.2024.04.23_00_01_30_TAI.magnetogram_processed.npy;hmi.m_45s.2024.04.24_00_01_30_TAI.magnetogram_processed.npy
2024-04-17,2024-04-27,10.0,-0.4694223403930662,3,hmi.m_45s.2024.04.17_00_01_30_TAI.magnetogram_processed.npy;hmi.m_45s.2024.04.20_00_01_30_TAI.magnetogram_processed.npy;hmi.m_45s.2024.04.23_00_01_30_TAI.magnetogram_processed.npy;hmi.m_45s.2024.04.24_00_01_30_TAI.magnetogram_processed.npy;hmi.m_45s.2024.04.27_00_01_30_TAI.magnetogram_processed.npy
2024-04-20,2024-04-28,8.0,-0.7449507713317873,4,hmi.m_45s.2024.04.20_00_01_30_TAI.magnetogram_processed.npy;hmi.m_45s.2024.04.23_00_01_30_TAI.magnetogram_processed.npy;hmi.m_45s.2024.04.24_00_01_30_TAI.magnetogram_processed.npy;hmi.m_45s.2024.04.27_00_01_30_TAI.magnetogram_processed.npy;hmi.m_45s.2024.04.28_00_01_30_TAI.magnetogram_processed.npy
2024-05-04,2024-05-11,6.9984375,-0.1289963722229004,2,hmi.m_45s.2024.05.04_00_03_45_TAI.magnetogram_processed.npy;hmi.m_45s.2024.05.05_00_01_30_TAI.magnetogram_processed.npy;hmi.m_45s.2024.05.08_00_01_30_TAI.magnetogram_processed.npy;hmi.m_45s.2024.05.10_00_01_30_TAI.magnetogram_processed.npy;hmi.m_45s.2024.05.11_00_01_30_TAI.magnetogram_processed.npy
2024-05-05,2024-05-15,10.0,0.2713322639465332,1,hmi.m_45s.2024.05.05_00_01_30_TAI.magnetogram_processed.npy;hmi.m_45s.2024.05.08_00_01_30_TAI.magnetogram_processed.npy;hmi.m_45s.2024.05.10_00_01_30_TAI.magnetogram_processed.npy;hmi.m_45s.2024.05.11_00_01_30_TAI.magnetogram_processed.npy;hmi.m_45s.2024.05.15_00_01_30_TAI.magnetogram_processed.npy
2024-05-08,2024-05-17,9.0,0.3494739532470703,1,hmi.m_45s.2024.05.08_00_01_30_TAI.magnetogram_processed.npy;hmi.m_45s.2024.05.10_00_01_30_TAI.magnetogram_processed.npy;hmi.m_45s.2024.05.11_00_01_30_TAI.magnetogram_processed.npy;hmi.m_45s.2024.05.15_00_01_30_TAI.magnetogram_processed.npy;hmi.m_45s.2024.05.17_00_01_30_TAI.magnetogram_processed.npy
2024-05-21,2024-05-31,10.0,-0.08336305618286133,2,hmi.m_45s.2024.05.21_00_01_30_TAI.magnetogram_processed.npy;hmi.m_45s.2024.05.24_00_01_30_TAI.magnetogram_processed.npy;hmi.m_45s.2024.05.26_00_01_30_TAI.magnetogram_processed.npy;hmi.m_45s.2024.05.28_00_01_30_TAI.magnetogram_processed.npy;hmi.m_45s.2024.05.31_00_01_30_TAI.magnetogram_processed.npy
2024-05-24,2024-06-01,8.0,0.3056645393371584,1,hmi.m_45s.2024.05.24_00_01_30_TAI.magnetogram_processed.npy;hmi.m_45s.2024.05.26_00_01_30_TAI.magnetogram_processed.npy;hmi.m_45s.2024.05.28_00_01_30_TAI.magnetogram_processed.npy;hmi.m_45s.2024.05.31_00_01_30_TAI.magnetogram_processed.npy;hmi.m_45s.2024.06.01_00_01_30_TAI.magnetogram_processed.npy
2024-05-26,2024-06-02,7.0,0.5369842052459717,0,hmi.m_45s.2024.05.26_00_01_30_TAI.magnetogram_processed.npy;hmi.m_45s.2024.05.28_00_01_30_TAI.magnetogram_processed.npy;hmi.m_45s.2024.05.31_00_01_30_TAI.magnetogram_processed.npy;hmi.m_45s.2024.06.01_00_01_30_TAI.magnetogram_processed.npy;hmi.m_45s.2024.06.02_00_01_30_TAI.magnetogram_processed.npy
2024-05-28,2024-06-03,6.0,0.4562199115753174,1,hmi.m_45s.2024.05.28_00_01_30_TAI.magnetogram_processed.npy;hmi.m_45s.2024.05.31_00_01_30_TAI.magnetogram_processed.npy;hmi.m_45s.2024.06.01_00_01_30_TAI.magnetogram_processed.npy;hmi.m_45s.2024.06.02_00_01_30_TAI.magnetogram_processed.npy;hmi.m_45s.2024.06.03_00_01_30_TAI.magnetogram_processed.npy
2024-05-31,2024-06-10,10.0,-0.12817978858947754,2,hmi.m_45s.2024.05.31_00_01_30_TAI.magnetogram_processed.npy;hmi.m_45s.2024.06.01_00_01_30_TAI.magnetogram_processed.npy;hmi.m_45s.2024.06.02_00_01_30_TAI.magnetogram_processed.npy;hmi.m_45s.2024.06.03_00_01_30_TAI.magnetogram_processed.npy;hmi.m_45s.2024.06.10_00_01_30_TAI.magnetogram_processed.npy
2024-06-01,2024-06-11,10.0,-0.19367337226867676,2,hmi.m_45s.2024.06.01_00_01_30_TAI.magnetogram_processed.npy;hmi.m_45s.2024.06.02_00_01_30_TAI.magnetogram_processed.npy;hmi.m_45s.2024.06.03_00_01_30_TAI.magnetogram_processed.npy;hmi.m_45s.2024.06.10_00_01_30_TAI.magnetogram_processed.npy;hmi.m_45s.2024.06.11_00_01_30_TAI.magnetogram_processed.npy
2024-06-02,2024-06-12,10.0,-0.2575516700744629,2,hmi.m_45s.2024.06.02_00_01_30_TAI.magnetogram_processed.npy;hmi.m_45s.2024.06.03_00_01_30_TAI.magnetogram_processed.npy;hmi.m_45s.2024.06.10_00_01_30_TAI.magnetogram_processed.npy;hmi.m_45s.2024.06.11_00_01_30_TAI.magnetogram_processed.npy;hmi.m_45s.2024.06.12_00_01_30_TAI.magnetogram_processed.npy
2024-06-03,2024-06-13,10.0,-0.17136931419372559,1,hmi.m_45s.2024.06.03_00_01_30_TAI.magnetogram_processed.npy;hmi.m_45s.2024.06.10_00_01_30_TAI.magnetogram_processed.npy;hmi.m_45s.2024.06.11_00_01_30_TAI.magnetogram_processed.npy;hmi.m_45s.2024.06.12_00_01_30_TAI.magnetogram_processed.npy;hmi.m_45s.2024.06.13_00_01_30_TAI.magnetogram_processed.npy
2024-06-10,2024-06-14,4.0,0.1796722412109375,0,hmi.m_45s.2024.06.10_00_01_30_TAI.magnetogram_processed.npy;hmi.m_45s.2024.06.11_00_01_30_TAI.magnetogram_processed.npy;hmi.m_45s.2024.06.12_00_01_30_TAI.magnetogram_processed.npy;hmi.m_45s.2024.06.13_00_01_30_TAI.magnetogram_processed.npy;hmi.m_45s.2024.06.14_00_01_30_TAI.magnetogram_processed.npy
2024-06-11,2024-06-15,4.0,0.19023418426513672,0,hmi.m_45s.2024.06.11_00_01_30_TAI.magnetogram_processed.npy;hmi.m_45s.2024.06.12_00_01_30_TAI.magnetogram_processed.npy;hmi.m_45s.2024.06.13_00_01_30_TAI.magnetogram_processed.npy;hmi.m_45s.2024.06.14_00_01_30_TAI.magnetogram_processed.npy;hmi.m_45s.2024.06.15_00_01_30_TAI.magnetogram_processed.npy
2024-06-12,2024-06-18,6.0,0.051599740982055664,1,hmi.m_45s.2024.06.12_00_01_30_TAI.magnetogram_processed.npy;hmi.m_45s.2024.06.13_00_01_30_TAI.magnetogram_processed.npy;hmi.m_45s.2024.06.14_00_01_30_TAI.magnetogram_processed.npy;hmi.m_45s.2024.06.15_00_01_30_TAI.magnetogram_processed.npy;hmi.m_45s.2024.06.18_00_01_30_TAI.magnetogram_processed.npy
2024-06-13,2024-06-19,6.0,-0.07274746894836426,2,hmi.m_45s.2024.06.13_00_01_30_TAI.magnetogram_processed.npy;hmi.m_45s.2024.06.14_00_01_30_TAI.magnetogram_processed.npy;hmi.m_45s.2024.06.15_00_01_30_TAI.magnetogram_processed.npy;hmi.m_45s.2024.06.18_00_01_30_TAI.magnetogram_processed.npy;hmi.m_45s.2024.06.19_00_01_30_TAI.magnetogram_processed.npy
2024-06-14,2024-06-20,6.0,-0.09247660636901855,2,hmi.m_45s.2024.06.14_00_01_30_TAI.magnetogram_processed.npy;hmi.m_45s.2024.06.15_00_01_30_TAI.magnetogram_processed.npy;hmi.m_45s.2024.06.18_00_01_30_TAI.magnetogram_processed.npy;hmi.m_45s.2024.06.19_00_01_30_TAI.magnetogram_processed.npy;hmi.m_45s.2024.06.20_00_01_30_TAI.magnetogram_processed.npy
2024-06-15,2024-06-23,8.0,-0.272566080093384,3,hmi.m_45s.2024.06.15_00_01_30_TAI.magnetogram_processed.npy;hmi.m_45s.2024.06.18_00_01_30_TAI.magnetogram_processed.npy;hmi.m_45s.2024.06.19_00_01_30_TAI.magnetogram_processed.npy;hmi.m_45s.2024.06.20_00_01_30_TAI.magnetogram_processed.npy;hmi.m_45s.2024.06.23_00_01_30_TAI.magnetogram_processed.npy
2024-06-18,2024-06-26,8.0,0.08731484413146973,2,hmi.m_45s.2024.06.18_00_01_30_TAI.magnetogram_processed.npy;hmi.m_45s.2024.06.19_00_01_30_TAI.magnetogram_processed.npy;hmi.m_45s.2024.06.20_00_01_30_TAI.magnetogram_processed.npy;hmi.m_45s.2024.06.23_00_01_30_TAI.magnetogram_processed.npy;hmi.m_45s.2024.06.26_00_01_30_TAI.magnetogram_processed.npy
2024-06-19,2024-06-29,10.0,0.3363192081451416,1,hmi.m_45s.2024.06.19_00_01_30_TAI.magnetogram_processed.npy;hmi.m_45s.2024.06.20_00_01_30_TAI.magnetogram_processed.npy;hmi.m_45s.2024.06.23_00_01_30_TAI.magnetogram_processed.npy;hmi.m_45s.2024.06.26_00_01_30_TAI.magnetogram_processed.npy;hmi.m_45s.2024.06.29_00_01_30_TAI.magnetogram_processed.npy
2024-06-20,2024-06-30,10.0,0.2716362476348877,2,hmi.m_45s.2024.06.20_00_01_30_TAI.magnetogram_processed.npy;hmi.m_45s.2024.06.23_00_01_30_TAI.magnetogram_processed.npy;hmi.m_45s.2024.06.26_00_01_30_TAI.magnetogram_processed.npy;hmi.m_45s.2024.06.29_00_01_30_TAI.magnetogram_processed.npy;hmi.m_45s.2024.06.30_00_01_30_TAI.magnetogram_processed.npy
2024-06-23,2024-07-01,8.0,0.3359496593475344,2,hmi.m_45s.2024.06.23_00_01_30_TAI.magnetogram_processed.npy;hmi.m_45s.2024.06.26_00_01_30_TAI.magnetogram_processed.npy;hmi.m_45s.2024.06.29_00_01_30_TAI.magnetogram_processed.npy;hmi.m_45s.2024.06.30_00_01_30_TAI.magnetogram_processed.npy;hmi.m_45s.2024.07.01_00_01_30_TAI.magnetogram_processed.npy
2024-06-26,2024-07-03,7.0,-0.11168122291564941,3,hmi.m_45s.2024.06.26_00_01_30_TAI.magnetogram_processed.npy;hmi.m_45s.2024.06.29_00_01_30_TAI.magnetogram_processed.npy;hmi.m_45s.2024.06.30_00_01_30_TAI.magnetogram_processed.npy;hmi.m_45s.2024.07.01_00_01_30_TAI.magnetogram_processed.npy;hmi.m_45s.2024.07.03_00_01_30_TAI.magnetogram_processed.npy
2024-06-29,2024-07-05,6.0,-0.41193366050720215,4,hmi.m_45s.2024.06.29_00_01_30_TAI.magnetogram_processed.npy;hmi.m_45s.2024.06.30_00_01_30_TAI.magnetogram_processed.npy;hmi.m_45s.2024.07.01_00_01_30_TAI.magnetogram_processed.npy;hmi.m_45s.2024.07.03_00_01_30_TAI.magnetogram_processed.npy;hmi.m_45s.2024.07.05_00_01_30_TAI.magnetogram_processed.npy
2024-06-30,2024-07-07,7.0,-0.4360198974609375,4,hmi.m_45s.2024.06.30_00_01_30_TAI.magnetogram_processed.npy;hmi.m_45s.2024.07.01_00_01_30_TAI.magnetogram_processed.npy;hmi.m_45s.2024.07.03_00_01_30_TAI.magnetogram_processed.npy;hmi.m_45s.2024.07.05_00_01_30_TAI.magnetogram_processed.npy;hmi.m_45s.2024.07.07_00_01_30_TAI.magnetogram_processed.npy
2024-07-01,2024-07-08,7.0,-0.33503174781799316,3,hmi.m_45s.2024.07.01_00_01_30_TAI.magnetogram_processed.npy;hmi.m_45s.2024.07.03_00_01_30_TAI.magnetogram_processed.npy;hmi.m_45s.2024.07.05_00_01_30_TAI.magnetogram_processed.npy;hmi.m_45s.2024.07.07_00_01_30_TAI.magnetogram_processed.npy;hmi.m_45s.2024.07.08_00_01_30_TAI.magnetogram_processed.npy
2024-07-03,2024-07-10,7.0,0.011754035949707031,2,hmi.m_45s.2024.07.03_00_01_30_TAI.magnetogram_processed.npy;hmi.m_45s.2024.07.05_00_01_30_TAI.magnetogram_processed.npy;hmi.m_45s.2024.07.07_00_01_30_TAI.magnetogram_processed.npy;hmi.m_45s.2024.07.08_00_01_30_TAI.magnetogram_processed.npy;hmi.m_45s.2024.07.10_00_01_30_TAI.magnetogram_processed.npy
2024-07-05,2024-07-11,6.0,0.2804994583129883,1,hmi.m_45s.2024.07.05_00_01_30_TAI.magnetogram_processed.npy;hmi.m_45s.2024.07.07_00_01_30_TAI.magnetogram_processed.npy;hmi.m_45s.2024.07.08_00_01_30_TAI.magnetogram_processed.npy;hmi.m_45s.2024.07.10_00_01_30_TAI.magnetogram_processed.npy;hmi.m_45s.2024.07.11_00_01_30_TAI.magnetogram_processed.npy
2024-07-07,2024-07-13,6.0,0.5860626697540283,0,hmi.m_45s.2024.07.07_00_01_30_TAI.magnetogram_processed.npy;hmi.m_45s.2024.07.08_00_01_30_TAI.magnetogram_processed.npy;hmi.m_45s.2024.07.10_00_01_30_TAI.magnetogram_processed.npy;hmi.m_45s.2024.07.11_00_01_30_TAI.magnetogram_processed.npy;hmi.m_45s.2024.07.13_00_01_30_TAI.magnetogram_processed.npy
2024-07-08,2024-07-14,6.0,0.6444275379180908,0,hmi.m_45s.2024.07.08_00_01_30_TAI.magnetogram_processed.npy;hmi.m_45s.2024.07.10_00_01_30_TAI.magnetogram_processed.npy;hmi.m_45s.2024.07.11_00_01_30_TAI.magnetogram_processed.npy;hmi.m_45s.2024.07.13_00_01_30_TAI.magnetogram_processed.npy;hmi.m_45s.2024.07.14_00_01_30_TAI.magnetogram_processed.npy
2024-07-10,2024-07-18,8.0,0.24622082710266113,1,hmi.m_45s.2024.07.10_00_01_30_TAI.magnetogram_processed.npy;hmi.m_45s.2024.07.11_00_01_30_TAI.magnetogram_processed.npy;hmi.m_45s.2024.07.13_00_01_30_TAI.magnetogram_processed.npy;hmi.m_45s.2024.07.14_00_01_30_TAI.magnetogram_processed.npy;hmi.m_45s.2024.07.18_00_01_30_TAI.magnetogram_processed.npy
2024-07-11,2024-07-21,10.0,-0.08054971694946289,2,hmi.m_45s.2024.07.11_00_01_30_TAI.magnetogram_processed.npy;hmi.m_45s.2024.07.13_00_01_30_TAI.magnetogram_processed.npy;hmi.m_45s.2024.07.14_00_01_30_TAI.magnetogram_processed.npy;hmi.m_45s.2024.07.18_00_01_30_TAI.magnetogram_processed.npy;hmi.m_45s.2024.07.21_00_01_30_TAI.magnetogram_processed.npy
2024-07-25,2024-08-02,8.0,0.1971602439880371,1,hmi.m_45s.2024.07.25_00_01_30_TAI.magnetogram_processed.npy;hmi.m_45s.2024.07.28_00_01_30_TAI.magnetogram_processed.npy;hmi.m_45s.2024.07.31_00_01_30_TAI.magnetogram_processed.npy;hmi.m_45s.2024.08.01_00_01_30_TAI.magnetogram_processed.npy;hmi.m_45s.2024.08.02_00_01_30_TAI.magnetogram_processed.npy
2024-07-31,2024-08-09,9.0,0.6166934967041016,1,hmi.m_45s.2024.07.31_00_01_30_TAI.magnetogram_processed.npy;hmi.m_45s.2024.08.01_00_01_30_TAI.magnetogram_processed.npy;hmi.m_45s.2024.08.02_00_01_30_TAI.magnetogram_processed.npy;hmi.m_45s.2024.08.08_00_01_30_TAI.magnetogram_processed.npy;hmi.m_45s.2024.08.09_00_01_30_TAI.magnetogram_processed.npy
2024-08-01,2024-08-10,9.0,0.6375253200531006,1,hmi.m_45s.2024.08.01_00_01_30_TAI.magnetogram_processed.npy;hmi.m_45s.2024.08.02_00_01_30_TAI.magnetogram_processed.npy;hmi.m_45s.2024.08.08_00_01_30_TAI.magnetogram_processed.npy;hmi.m_45s.2024.08.09_00_01_30_TAI.magnetogram_processed.npy;hmi.m_45s.2024.08.10_00_01_30_TAI.magnetogram_processed.npy
2024-08-02,2024-08-11,9.0,0.6326794624328613,1,hmi.m_45s.2024.08.02_00_01_30_TAI.magnetogram_processed.npy;hmi.m_45s.2024.08.08_00_01_30_TAI.magnetogram_processed.npy;hmi.m_45s.2024.08.09_00_01_30_TAI.magnetogram_processed.npy;hmi.m_45s.2024.08.10_00_01_30_TAI.magnetogram_processed.npy;hmi.m_45s.2024.08.11_00_01_30_TAI.magnetogram_processed.npy
2024-08-08,2024-08-12,4.0,0.013083219528198242,2,hmi.m_45s.2024.08.08_00_01_30_TAI.magnetogram_processed.npy;hmi.m_45s.2024.08.09_00_01_30_TAI.magnetogram_processed.npy;hmi.m_45s.2024.08.10_00_01_30_TAI.magnetogram_processed.npy;hmi.m_45s.2024.08.11_00_01_30_TAI.magnetogram_processed.npy;hmi.m_45s.2024.08.12_00_01_30_TAI.magnetogram_processed.npy
2024-08-09,2024-08-16,7.0,-0.5866944789886475,3,hmi.m_45s.2024.08.09_00_01_30_TAI.magnetogram_processed.npy;hmi.m_45s.2024.08.10_00_01_30_TAI.magnetogram_processed.npy;hmi.m_45s.2024.08.11_00_01_30_TAI.magnetogram_processed.npy;hmi.m_45s.2024.08.12_00_01_30_TAI.magnetogram_processed.npy;hmi.m_45s.2024.08.16_00_01_30_TAI.magnetogram_processed.npy
2024-08-10,2024-08-20,10.0,-0.689232349395752,4,hmi.m_45s.2024.08.10_00_01_30_TAI.magnetogram_processed.npy;hmi.m_45s.2024.08.11_00_01_30_TAI.magnetogram_processed.npy;hmi.m_45s.2024.08.12_00_01_30_TAI.magnetogram_processed.npy;hmi.m_45s.2024.08.16_00_01_30_TAI.magnetogram_processed.npy;hmi.m_45s.2024.08.20_00_01_30_TAI.magnetogram_processed.npy
2024-08-16,2024-08-26,10.0,0.054717063903808594,2,hmi.m_45s.2024.08.16_00_01_30_TAI.magnetogram_processed.npy;hmi.m_45s.2024.08.20_00_01_30_TAI.magnetogram_processed.npy;hmi.m_45s.2024.08.22_00_01_30_TAI.magnetogram_processed.npy;hmi.m_45s.2024.08.23_00_01_30_TAI.magnetogram_processed.npy;hmi.m_45s.2024.08.26_00_01_30_TAI.magnetogram_processed.npy
2024-08-20,2024-08-29,9.0,-0.1376509666442871,2,hmi.m_45s.2024.08.20_00_01_30_TAI.magnetogram_processed.npy;hmi.m_45s.2024.08.22_00_01_30_TAI.magnetogram_processed.npy;hmi.m_45s.2024.08.23_00_01_30_TAI.magnetogram_processed.npy;hmi.m_45s.2024.08.26_00_01_30_TAI.magnetogram_processed.npy;hmi.m_45s.2024.08.29_00_01_30_TAI.magnetogram_processed.npy
2024-08-22,2024-08-31,9.0,-0.194549560546875,2,hmi.m_45s.2024.08.22_00_01_30_TAI.magnetogram_processed.npy;hmi.m_45s.2024.08.23_00_01_30_TAI.magnetogram_processed.npy;hmi.m_45s.2024.08.26_00_01_30_TAI.magnetogram_processed.npy;hmi.m_45s.2024.08.29_00_01_30_TAI.magnetogram_processed.npy;hmi.m_45s.2024.08.31_00_01_30_TAI.magnetogram_processed.npy
2024-08-23,2024-09-01,9.0,-0.23038387298583984,2,hmi.m_45s.2024.08.23_00_01_30_TAI.magnetogram_processed.npy;hmi.m_45s.2024.08.26_00_01_30_TAI.magnetogram_processed.npy;hmi.m_45s.2024.08.29_00_01_30_TAI.magnetogram_processed.npy;hmi.m_45s.2024.08.31_00_01_30_TAI.magnetogram_processed.npy;hmi.m_45s.2024.09.01_00_01_30_TAI.magnetogram_processed.npy
2024-08-26,2024-09-02,7.0,-0.09630918502807617,1,hmi.m_45s.2024.08.26_00_01_30_TAI.magnetogram_processed.npy;hmi.m_45s.2024.08.29_00_01_30_TAI.magnetogram_processed.npy;hmi.m_45s.2024.08.31_00_01_30_TAI.magnetogram_processed.npy;hmi.m_45s.2024.09.01_00_01_30_TAI.magnetogram_processed.npy;hmi.m_45s.2024.09.02_00_01_30_TAI.magnetogram_processed.npy
2024-08-29,2024-09-06,8.0,0.3781616687774658,0,hmi.m_45s.2024.08.29_00_01_30_TAI.magnetogram_processed.npy;hmi.m_45s.2024.08.31_00_01_30_TAI.magnetogram_processed.npy;hmi.m_45s.2024.09.01_00_01_30_TAI.magnetogram_processed.npy;hmi.m_45s.2024.09.02_00_01_30_TAI.magnetogram_processed.npy;hmi.m_45s.2024.09.06_00_01_30_TAI.magnetogram_processed.npy
2024-08-31,2024-09-07,7.0,0.33447742462158203,1,hmi.m_45s.2024.08.31_00_01_30_TAI.magnetogram_processed.npy;hmi.m_45s.2024.09.01_00_01_30_TAI.magnetogram_processed.npy;hmi.m_45s.2024.09.02_00_01_30_TAI.magnetogram_processed.npy;hmi.m_45s.2024.09.06_00_01_30_TAI.magnetogram_processed.npy;hmi.m_45s.2024.09.07_00_01_30_TAI.magnetogram_processed.npy
2024-09-01,2024-09-08,7.0,0.2325892448425293,2,hmi.m_45s.2024.09.01_00_01_30_TAI.magnetogram_processed.npy;hmi.m_45s.2024.09.02_00_01_30_TAI.magnetogram_processed.npy;hmi.m_45s.2024.09.06_00_01_30_TAI.magnetogram_processed.npy;hmi.m_45s.2024.09.07_00_01_30_TAI.magnetogram_processed.npy;hmi.m_45s.2024.09.08_00_01_30_TAI.magnetogram_processed.npy
2024-09-02,2024-09-11,9.0,-0.09521245956420898,3,hmi.m_45s.2024.09.02_00_01_30_TAI.magnetogram_processed.npy;hmi.m_45s.2024.09.06_00_01_30_TAI.magnetogram_processed.npy;hmi.m_45s.2024.09.07_00_01_30_TAI.magnetogram_processed.npy;hmi.m_45s.2024.09.08_00_01_30_TAI.magnetogram_processed.npy;hmi.m_45s.2024.09.11_00_01_30_TAI.magnetogram_processed.npy
2024-09-06,2024-09-12,6.0,-0.3977835178375244,4,hmi.m_45s.2024.09.06_00_01_30_TAI.magnetogram_processed.npy;hmi.m_45s.2024.09.07_00_01_30_TAI.magnetogram_processed.npy;hmi.m_45s.2024.09.08_00_01_30_TAI.magnetogram_processed.npy;hmi.m_45s.2024.09.11_00_01_30_TAI.magnetogram_processed.npy;hmi.m_45s.2024.09.12_00_01_30_TAI.magnetogram_processed.npy
2024-09-07,2024-09-16,9.0,-0.5736470222473142,4,hmi.m_45s.2024.09.07_00_01_30_TAI.magnetogram_processed.npy;hmi.m_45s.2024.09.08_00_01_30_TAI.magnetogram_processed.npy;hmi.m_45s.2024.09.11_00_01_30_TAI.magnetogram_processed.npy;hmi.m_45s.2024.09.12_00_01_30_TAI.magnetogram_processed.npy;hmi.m_45s.2024.09.16_00_01_30_TAI.magnetogram_processed.npy
2024-09-08,2024-09-17,9.0,-0.4885613918304441,3,hmi.m_45s.2024.09.08_00_01_30_TAI.magnetogram_processed.npy;hmi.m_45s.2024.09.11_00_01_30_TAI.magnetogram_processed.npy;hmi.m_45s.2024.09.12_00_01_30_TAI.magnetogram_processed.npy;hmi.m_45s.2024.09.16_00_01_30_TAI.magnetogram_processed.npy;hmi.m_45s.2024.09.17_00_01_30_TAI.magnetogram_processed.npy
2024-09-11,2024-09-19,8.0,-0.27090907096862793,2,hmi.m_45s.2024.09.11_00_01_30_TAI.magnetogram_processed.npy;hmi.m_45s.2024.09.12_00_01_30_TAI.magnetogram_processed.npy;hmi.m_45s.2024.09.16_00_01_30_TAI.magnetogram_processed.npy;hmi.m_45s.2024.09.17_00_01_30_TAI.magnetogram_processed.npy;hmi.m_45s.2024.09.19_00_01_30_TAI.magnetogram_processed.npy
2024-09-12,2024-09-20,8.0,-0.13300180435180664,1,hmi.m_45s.2024.09.12_00_01_30_TAI.magnetogram_processed.npy;hmi.m_45s.2024.09.16_00_01_30_TAI.magnetogram_processed.npy;hmi.m_45s.2024.09.17_00_01_30_TAI.magnetogram_processed.npy;hmi.m_45s.2024.09.19_00_01_30_TAI.magnetogram_processed.npy;hmi.m_45s.2024.09.20_00_01_30_TAI.magnetogram_processed.npy
2024-09-16,2024-09-25,9.0,0.0070154666900632545,1,hmi.m_45s.2024.09.16_00_01_30_TAI.magnetogram_processed.npy;hmi.m_45s.2024.09.17_00_01_30_TAI.magnetogram_processed.npy;hmi.m_45s.2024.09.19_00_01_30_TAI.magnetogram_processed.npy;hmi.m_45s.2024.09.20_00_01_30_TAI.magnetogram_processed.npy;hmi.m_45s.2024.09.25_00_01_30_TAI.magnetogram_processed.npy
2024-09-17,2024-09-26,9.0,0.012266635894775169,1,hmi.m_45s.2024.09.17_00_01_30_TAI.magnetogram_processed.npy;hmi.m_45s.2024.09.19_00_01_30_TAI.magnetogram_processed.npy;hmi.m_45s.2024.09.20_00_01_30_TAI.magnetogram_processed.npy;hmi.m_45s.2024.09.25_00_01_30_TAI.magnetogram_processed.npy;hmi.m_45s.2024.09.26_00_01_30_TAI.magnetogram_processed.npy
2024-09-19,2024-09-29,10.0,0.23877620697021484,1,hmi.m_45s.2024.09.19_00_01_30_TAI.magnetogram_processed.npy;hmi.m_45s.2024.09.20_00_01_30_TAI.magnetogram_processed.npy;hmi.m_45s.2024.09.25_00_01_30_TAI.magnetogram_processed.npy;hmi.m_45s.2024.09.26_00_01_30_TAI.magnetogram_processed.npy;hmi.m_45s.2024.09.29_00_01_30_TAI.magnetogram_processed.npy
2024-09-29,2024-10-09,10.0,0.062143802642822266,3,hmi.m_45s.2024.09.29_00_01_30_TAI.magnetogram_processed.npy;hmi.m_45s.2024.10.03_00_01_30_TAI.magnetogram_processed.npy;hmi.m_45s.2024.10.06_00_01_30_TAI.magnetogram_processed.npy;hmi.m_45s.2024.10.07_00_01_30_TAI.magnetogram_processed.npy;hmi.m_45s.2024.10.09_00_01_30_TAI.magnetogram_processed.npy
2024-10-03,2024-10-10,7.0,-0.2070367336273189,3,hmi.m_45s.2024.10.03_00_01_30_TAI.magnetogram_processed.npy;hmi.m_45s.2024.10.06_00_01_30_TAI.magnetogram_processed.npy;hmi.m_45s.2024.10.07_00_01_30_TAI.magnetogram_processed.npy;hmi.m_45s.2024.10.09_00_01_30_TAI.magnetogram_processed.npy;hmi.m_45s.2024.10.10_00_01_30_TAI.magnetogram_processed.npy
2024-10-06,2024-10-13,7.0,-0.25144219398498535,3,hmi.m_45s.2024.10.06_00_01_30_TAI.magnetogram_processed.npy;hmi.m_45s.2024.10.07_00_01_30_TAI.magnetogram_processed.npy;hmi.m_45s.2024.10.09_00_01_30_TAI.magnetogram_processed.npy;hmi.m_45s.2024.10.10_00_01_30_TAI.magnetogram_processed.npy;hmi.m_45s.2024.10.13_00_01_30_TAI.magnetogram_processed.npy
2024-10-07,2024-10-14,7.0,-0.2536296844482422,3,hmi.m_45s.2024.10.07_00_01_30_TAI.magnetogram_processed.npy;hmi.m_45s.2024.10.09_00_01_30_TAI.magnetogram_processed.npy;hmi.m_45s.2024.10.10_00_01_30_TAI.magnetogram_processed.npy;hmi.m_45s.2024.10.13_00_01_30_TAI.magnetogram_processed.npy;hmi.m_45s.2024.10.14_00_01_30_TAI.magnetogram_processed.npy
2024-10-09,2024-10-17,8.0,-0.30537247657775857,3,hmi.m_45s.2024.10.09_00_01_30_TAI.magnetogram_processed.npy;hmi.m_45s.2024.10.10_00_01_30_TAI.magnetogram_processed.npy;hmi.m_45s.2024.10.13_00_01_30_TAI.magnetogram_processed.npy;hmi.m_45s.2024.10.14_00_01_30_TAI.magnetogram_processed.npy;hmi.m_45s.2024.10.17_00_01_30_TAI.magnetogram_processed.npy
2024-10-10,2024-10-19,9.0,-0.4453539848327641,4,hmi.m_45s.2024.10.10_00_01_30_TAI.magnetogram_processed.npy;hmi.m_45s.2024.10.13_00_01_30_TAI.magnetogram_processed.npy;hmi.m_45s.2024.10.14_00_01_30_TAI.magnetogram_processed.npy;hmi.m_45s.2024.10.17_00_01_30_TAI.magnetogram_processed.npy;hmi.m_45s.2024.10.19_00_01_30_TAI.magnetogram_processed.npy
2024-10-13,2024-10-21,8.0,-0.36842823028564475,4,hmi.m_45s.2024.10.13_00_01_30_TAI.magnetogram_processed.npy;hmi.m_45s.2024.10.14_00_01_30_TAI.magnetogram_processed.npy;hmi.m_45s.2024.10.17_00_01_30_TAI.magnetogram_processed.npy;hmi.m_45s.2024.10.19_00_01_30_TAI.magnetogram_processed.npy;hmi.m_45s.2024.10.21_00_01_30_TAI.magnetogram_processed.npy
2024-10-14,2024-10-22,8.0,-0.261843204498291,3,hmi.m_45s.2024.10.14_00_01_30_TAI.magnetogram_processed.npy;hmi.m_45s.2024.10.17_00_01_30_TAI.magnetogram_processed.npy;hmi.m_45s.2024.10.19_00_01_30_TAI.magnetogram_processed.npy;hmi.m_45s.2024.10.21_00_01_30_TAI.magnetogram_processed.npy;hmi.m_45s.2024.10.22_00_01_30_TAI.magnetogram_processed.npy
2024-10-17,2024-10-23,6.0,-0.07697343826293968,2,hmi.m_45s.2024.10.17_00_01_30_TAI.magnetogram_processed.npy;hmi.m_45s.2024.10.19_00_01_30_TAI.magnetogram_processed.npy;hmi.m_45s.2024.10.21_00_01_30_TAI.magnetogram_processed.npy;hmi.m_45s.2024.10.22_00_01_30_TAI.magnetogram_processed.npy;hmi.m_45s.2024.10.23_00_01_30_TAI.magnetogram_processed.npy
2024-10-19,2024-10-24,5.0,0.1189887523651123,1,hmi.m_45s.2024.10.19_00_01_30_TAI.magnetogram_processed.npy;hmi.m_45s.2024.10.21_00_01_30_TAI.magnetogram_processed.npy;hmi.m_45s.2024.10.22_00_01_30_TAI.magnetogram_processed.npy;hmi.m_45s.2024.10.23_00_01_30_TAI.magnetogram_processed.npy;hmi.m_45s.2024.10.24_00_01_30_TAI.magnetogram_processed.npy
2024-10-21,2024-10-25,4.0,0.2718627452850344,0,hmi.m_45s.2024.10.21_00_01_30_TAI.magnetogram_processed.npy;hmi.m_45s.2024.10.22_00_01_30_TAI.magnetogram_processed.npy;hmi.m_45s.2024.10.23_00_01_30_TAI.magnetogram_processed.npy;hmi.m_45s.2024.10.24_00_01_30_TAI.magnetogram_processed.npy;hmi.m_45s.2024.10.25_00_01_30_TAI.magnetogram_processed.npy
2024-10-22,2024-10-26,4.0,0.4350125789642334,0,hmi.m_45s.2024.10.22_00_01_30_TAI.magnetogram_processed.npy;hmi.m_45s.2024.10.23_00_01_30_TAI.magnetogram_processed.npy;hmi.m_45s.2024.10.24_00_01_30_TAI.magnetogram_processed.npy;hmi.m_45s.2024.10.25_00_01_30_TAI.magnetogram_processed.npy;hmi.m_45s.2024.10.26_00_01_30_TAI.magnetogram_processed.npy
2024-10-23,2024-10-30,7.0,0.7183969020843506,0,hmi.m_45s.2024.10.23_00_01_30_TAI.magnetogram_processed.npy;hmi.m_45s.2024.10.24_00_01_30_TAI.magnetogram_processed.npy;hmi.m_45s.2024.10.25_00_01_30_TAI.magnetogram_processed.npy;hmi.m_45s.2024.10.26_00_01_30_TAI.magnetogram_processed.npy;hmi.m_45s.2024.10.30_00_01_30_TAI.magnetogram_processed.npy
2024-10-24,2024-10-31,7.0,0.6053328514099121,1,hmi.m_45s.2024.10.24_00_01_30_TAI.magnetogram_processed.npy;hmi.m_45s.2024.10.25_00_01_30_TAI.magnetogram_processed.npy;hmi.m_45s.2024.10.26_00_01_30_TAI.magnetogram_processed.npy;hmi.m_45s.2024.10.30_00_01_30_TAI.magnetogram_processed.npy;hmi.m_45s.2024.10.31_00_01_30_TAI.magnetogram_processed.npy
2024-10-25,2024-11-01,7.0,0.4010438919067383,2,hmi.m_45s.2024.10.25_00_01_30_TAI.magnetogram_processed.npy;hmi.m_45s.2024.10.26_00_01_30_TAI.magnetogram_processed.npy;hmi.m_45s.2024.10.30_00_01_30_TAI.magnetogram_processed.npy;hmi.m_45s.2024.10.31_00_01_30_TAI.magnetogram_processed.npy;hmi.m_45s.2024.11.01_00_01_30_TAI.magnetogram_processed.npy
2024-10-30,2024-11-08,9.0,-0.24599432945251465,3,hmi.m_45s.2024.10.30_00_01_30_TAI.magnetogram_processed.npy;hmi.m_45s.2024.10.31_00_01_30_TAI.magnetogram_processed.npy;hmi.m_45s.2024.11.01_00_01_30_TAI.magnetogram_processed.npy;hmi.m_45s.2024.11.06_00_01_30_TAI.magnetogram_processed.npy;hmi.m_45s.2024.11.08_00_01_30_TAI.magnetogram_processed.npy
2024-10-31,2024-11-10,10.0,-0.3062427043914795,3,hmi.m_45s.2024.10.31_00_01_30_TAI.magnetogram_processed.npy;hmi.m_45s.2024.11.01_00_01_30_TAI.magnetogram_processed.npy;hmi.m_45s.2024.11.06_00_01_30_TAI.magnetogram_processed.npy;hmi.m_45s.2024.11.08_00_01_30_TAI.magnetogram_processed.npy;hmi.m_45s.2024.11.10_00_01_30_TAI.magnetogram_processed.npy
2024-11-01,2024-11-11,10.0,-0.28384923934936523,3,hmi.m_45s.2024.11.01_00_01_30_TAI.magnetogram_processed.npy;hmi.m_45s.2024.11.06_00_01_30_TAI.magnetogram_processed.npy;hmi.m_45s.2024.11.08_00_01_30_TAI.magnetogram_processed.npy;hmi.m_45s.2024.11.10_00_01_30_TAI.magnetogram_processed.npy;hmi.m_45s.2024.11.11_00_01_30_TAI.magnetogram_processed.npy
2024-11-19,2024-11-26,7.0,0.523984432220459,0,hmi.m_45s.2024.11.19_00_01_30_TAI.magnetogram_processed.npy;hmi.m_45s.2024.11.20_00_01_30_TAI.magnetogram_processed.npy;hmi.m_45s.2024.11.22_00_01_30_TAI.magnetogram_processed.npy;hmi.m_45s.2024.11.25_00_01_30_TAI.magnetogram_processed.npy;hmi.m_45s.2024.11.26_00_01_30_TAI.magnetogram_processed.npy
2024-11-20,2024-11-28,8.0,0.4708588123321533,0,hmi.m_45s.2024.11.20_00_01_30_TAI.magnetogram_processed.npy;hmi.m_45s.2024.11.22_00_01_30_TAI.magnetogram_processed.npy;hmi.m_45s.2024.11.25_00_01_30_TAI.magnetogram_processed.npy;hmi.m_45s.2024.11.26_00_01_30_TAI.magnetogram_processed.npy;hmi.m_45s.2024.11.28_00_01_30_TAI.magnetogram_processed.npy
2024-11-22,2024-11-29,7.0,0.29085874557495117,1,hmi.m_45s.2024.11.22_00_01_30_TAI.magnetogram_processed.npy;hmi.m_45s.2024.11.25_00_01_30_TAI.magnetogram_processed.npy;hmi.m_45s.2024.11.26_00_01_30_TAI.magnetogram_processed.npy;hmi.m_45s.2024.11.28_00_01_30_TAI.magnetogram_processed.npy;hmi.m_45s.2024.11.29_00_01_30_TAI.magnetogram_processed.npy
2024-11-25,2024-11-30,5.0,0.03361701965332031,2,hmi.m_45s.2024.11.25_00_01_30_TAI.magnetogram_processed.npy;hmi.m_45s.2024.11.26_00_01_30_TAI.magnetogram_processed.npy;hmi.m_45s.2024.11.28_00_01_30_TAI.magnetogram_processed.npy;hmi.m_45s.2024.11.29_00_01_30_TAI.magnetogram_processed.npy;hmi.m_45s.2024.11.30_00_01_30_TAI.magnetogram_processed.npy
2024-11-26,2024-12-01,5.0,-0.036215782165527344,3,hmi.m_45s.2024.11.26_00_01_30_TAI.magnetogram_processed.npy;hmi.m_45s.2024.11.28_00_01_30_TAI.magnetogram_processed.npy;hmi.m_45s.2024.11.29_00_01_30_TAI.magnetogram_processed.npy;hmi.m_45s.2024.11.30_00_01_30_TAI.magnetogram_processed.npy;hmi.m_45s.2024.12.01_00_01_30_TAI.magnetogram_processed.npy
2024-11-28,2024-12-02,4.0,-0.11128783226013184,4,hmi.m_45s.2024.11.28_00_01_30_TAI.magnetogram_processed.npy;hmi.m_45s.2024.11.29_00_01_30_TAI.magnetogram_processed.npy;hmi.m_45s.2024.11.30_00_01_30_TAI.magnetogram_processed.npy;hmi.m_45s.2024.12.01_00_01_30_TAI.magnetogram_processed.npy;hmi.m_45s.2024.12.02_00_01_30_TAI.magnetogram_processed.npy
2024-11-29,2024-12-03,4.0,-0.1617431640625,4,hmi.m_45s.2024.11.29_00_01_30_TAI.magnetogram_processed.npy;hmi.m_45s.2024.11.30_00_01_30_TAI.magnetogram_processed.npy;hmi.m_45s.2024.12.01_00_01_30_TAI.magnetogram_processed.npy;hmi.m_45s.2024.12.02_00_01_30_TAI.magnetogram_processed.npy;hmi.m_45s.2024.12.03_00_01_30_TAI.magnetogram_processed.npy
2024-11-30,2024-12-04,4.0,-0.18093585968017578,4,hmi.m_45s.2024.11.30_00_01_30_TAI.magnetogram_processed.npy;hmi.m_45s.2024.12.01_00_01_30_TAI.magnetogram_processed.npy;hmi.m_45s.2024.12.02_00_01_30_TAI.magnetogram_processed.npy;hmi.m_45s.2024.12.03_00_01_30_TAI.magnetogram_processed.npy;hmi.m_45s.2024.12.04_00_01_30_TAI.magnetogram_processed.npy
2024-12-01,2024-12-05,4.0,-0.16483068466186523,4,hmi.m_45s.2024.12.01_00_01_30_TAI.magnetogram_processed.npy;hmi.m_45s.2024.12.02_00_01_30_TAI.magnetogram_processed.npy;hmi.m_45s.2024.12.03_00_01_30_TAI.magnetogram_processed.npy;hmi.m_45s.2024.12.04_00_01_30_TAI.magnetogram_processed.npy;hmi.m_45s.2024.12.05_00_01_30_TAI.magnetogram_processed.npy
2024-12-02,2024-12-06,4.0,-0.12384653091430664,4,hmi.m_45s.2024.12.02_00_01_30_TAI.magnetogram_processed.npy;hmi.m_45s.2024.12.03_00_01_30_TAI.magnetogram_processed.npy;hmi.m_45s.2024.12.04_00_01_30_TAI.magnetogram_processed.npy;hmi.m_45s.2024.12.05_00_01_30_TAI.magnetogram_processed.npy;hmi.m_45s.2024.12.06_00_01_30_TAI.magnetogram_processed.npy
2024-12-03,2024-12-08,5.0,0.01360774040222168,3,hmi.m_45s.2024.12.03_00_01_30_TAI.magnetogram_processed.npy;hmi.m_45s.2024.12.04_00_01_30_TAI.magnetogram_processed.npy;hmi.m_45s.2024.12.05_00_01_30_TAI.magnetogram_processed.npy;hmi.m_45s.2024.12.06_00_01_30_TAI.magnetogram_processed.npy;hmi.m_45s.2024.12.08_00_01_30_TAI.magnetogram_processed.npy
2024-12-04,2024-12-12,8.0,0.014537572860717773,3,hmi.m_45s.2024.12.04_00_01_30_TAI.magnetogram_processed.npy;hmi.m_45s.2024.12.05_00_01_30_TAI.magnetogram_processed.npy;hmi.m_45s.2024.12.06_00_01_30_TAI.magnetogram_processed.npy;hmi.m_45s.2024.12.08_00_01_30_TAI.magnetogram_processed.npy;hmi.m_45s.2024.12.12_00_01_30_TAI.magnetogram_processed.npy
2024-12-05,2024-12-14,9.0,-0.008118152618408203,3,hmi.m_45s.2024.12.05_00_01_30_TAI.magnetogram_processed.npy;hmi.m_45s.2024.12.06_00_01_30_TAI.magnetogram_processed.npy;hmi.m_45s.2024.12.08_00_01_30_TAI.magnetogram_processed.npy;hmi.m_45s.2024.12.12_00_01_30_TAI.magnetogram_processed.npy;hmi.m_45s.2024.12.14_00_01_30_TAI.magnetogram_processed.npy
2024-12-06,2024-12-16,10.0,-0.02124309539794922,3,hmi.m_45s.2024.12.06_00_01_30_TAI.magnetogram_processed.npy;hmi.m_45s.2024.12.08_00_01_30_TAI.magnetogram_processed.npy;hmi.m_45s.2024.12.12_00_01_30_TAI.magnetogram_processed.npy;hmi.m_45s.2024.12.14_00_01_30_TAI.magnetogram_processed.npy;hmi.m_45s.2024.12.16_00_01_30_TAI.magnetogram_processed.npy
2024-12-08,2024-12-17,9.0,-0.11069774627685547,4,hmi.m_45s.2024.12.08_00_01_30_TAI.magnetogram_processed.npy;hmi.m_45s.2024.12.12_00_01_30_TAI.magnetogram_processed.npy;hmi.m_45s.2024.12.14_00_01_30_TAI.magnetogram_processed.npy;hmi.m_45s.2024.12.16_00_01_30_TAI.magnetogram_processed.npy;hmi.m_45s.2024.12.17_00_01_30_TAI.magnetogram_processed.npy
2024-12-12,2024-12-18,6.0,-0.06619095802307129,3,hmi.m_45s.2024.12.12_00_01_30_TAI.magnetogram_processed.npy;hmi.m_45s.2024.12.14_00_01_30_TAI.magnetogram_processed.npy;hmi.m_45s.2024.12.16_00_01_30_TAI.magnetogram_processed.npy;hmi.m_45s.2024.12.17_00_01_30_TAI.magnetogram_processed.npy;hmi.m_45s.2024.12.18_00_01_30_TAI.magnetogram_processed.npy
2024-12-14,2024-12-19,5.0,-0.032585859298706055,3,hmi.m_45s.2024.12.14_00_01_30_TAI.magnetogram_processed.npy;hmi.m_45s.2024.12.16_00_01_30_TAI.magnetogram_processed.npy;hmi.m_45s.2024.12.17_00_01_30_TAI.magnetogram_processed.npy;hmi.m_45s.2024.12.18_00_01_30_TAI.magnetogram_processed.npy;hmi.m_45s.2024.12.19_00_01_30_TAI.magnetogram_processed.npy
2024-12-16,2024-12-22,6.0,0.22908449172973633,2,hmi.m_45s.2024.12.16_00_01_30_TAI.magnetogram_processed.npy;hmi.m_45s.2024.12.17_00_01_30_TAI.magnetogram_processed.npy;hmi.m_45s.2024.12.18_00_01_30_TAI.magnetogram_processed.npy;hmi.m_45s.2024.12.19_00_01_30_TAI.magnetogram_processed.npy;hmi.m_45s.2024.12.22_00_01_30_TAI.magnetogram_processed.npy
2024-12-17,2024-12-24,7.0,0.5014657974243164,1,hmi.m_45s.2024.12.17_00_01_30_TAI.magnetogram_processed.npy;hmi.m_45s.2024.12.18_00_01_30_TAI.magnetogram_processed.npy;hmi.m_45s.2024.12.19_00_01_30_TAI.magnetogram_processed.npy;hmi.m_45s.2024.12.22_00_01_30_TAI.magnetogram_processed.npy;hmi.m_45s.2024.12.24_00_01_30_TAI.magnetogram_processed.npy
2024-12-18,2024-12-25,7.0,0.642162561416626,1,hmi.m_45s.2024.12.18_00_01_30_TAI.magnetogram_processed.npy;hmi.m_45s.2024.12.19_00_01_30_TAI.magnetogram_processed.npy;hmi.m_45s.2024.12.22_00_01_30_TAI.magnetogram_processed.npy;hmi.m_45s.2024.12.24_00_01_30_TAI.magnetogram_processed.npy;hmi.m_45s.2024.12.25_00_01_30_TAI.magnetogram_processed.npy
2024-12-19,2024-12-26,7.0,0.665658712387085,0,hmi.m_45s.2024.12.19_00_01_30_TAI.magnetogram_processed.npy;hmi.m_45s.2024.12.22_00_01_30_TAI.magnetogram_processed.npy;hmi.m_45s.2024.12.24_00_01_30_TAI.magnetogram_processed.npy;hmi.m_45s.2024.12.25_00_01_30_TAI.magnetogram_processed.npy;hmi.m_45s.2024.12.26_00_01_30_TAI.magnetogram_processed.npy
2024-12-22,2024-12-27,5.0,0.44318437576293945,0,hmi.m_45s.2024.12.22_00_01_30_TAI.magnetogram_processed.npy;hmi.m_45s.2024.12.24_00_01_30_TAI.magnetogram_processed.npy;hmi.m_45s.2024.12.25_00_01_30_TAI.magnetogram_processed.npy;hmi.m_45s.2024.12.26_00_01_30_TAI.magnetogram_processed.npy;hmi.m_45s.2024.12.27_00_01_30_TAI.magnetogram_processed.npy
2024-12-24,2025-01-01,8.0,-0.2413332462310791,1,hmi.m_45s.2024.12.24_00_01_30_TAI.magnetogram_processed.npy;hmi.m_45s.2024.12.25_00_01_30_TAI.magnetogram_processed.npy;hmi.m_45s.2024.12.26_00_01_30_TAI.magnetogram_processed.npy;hmi.m_45s.2024.12.27_00_01_30_TAI.magnetogram_processed.npy;hmi.m_45s.2025.01.01_00_01_30_TAI.magnetogram_processed.npy
2024-12-25,2025-01-02,8.0,-0.359952449798584,1,hmi.m_45s.2024.12.25_00_01_30_TAI.magnetogram_processed.npy;hmi.m_45s.2024.12.26_00_01_30_TAI.magnetogram_processed.npy;hmi.m_45s.2024.12.27_00_01_30_TAI.magnetogram_processed.npy;hmi.m_45s.2025.01.01_00_01_30_TAI.magnetogram_processed.npy;hmi.m_45s.2025.01.02_00_01_30_TAI.magnetogram_processed.npy
2024-12-26,2025-01-04,9.0,-0.35364627838134766,1,hmi.m_45s.2024.12.26_00_01_30_TAI.magnetogram_processed.npy;hmi.m_45s.2024.12.27_00_01_30_TAI.magnetogram_processed.npy;hmi.m_45s.2025.01.01_00_01_30_TAI.magnetogram_processed.npy;hmi.m_45s.2025.01.02_00_01_30_TAI.magnetogram_processed.npy;hmi.m_45s.2025.01.04_00_01_30_TAI.magnetogram_processed.npy
2024-12-27,2025-01-05,9.0,-0.3535747528076172,1,hmi.m_45s.2024.12.27_00_01_30_TAI.magnetogram_processed.npy;hmi.m_45s.2025.01.01_00_01_30_TAI.magnetogram_processed.npy;hmi.m_45s.2025.01.02_00_01_30_TAI.magnetogram_processed.npy;hmi.m_45s.2025.01.04_00_01_30_TAI.magnetogram_processed.npy;hmi.m_45s.2025.01.05_00_01_30_TAI.magnetogram_processed.npy
2025-01-01,2025-01-06,5.0,0.05563497543334961,1,hmi.m_45s.2025.01.01_00_01_30_TAI.magnetogram_processed.npy;hmi.m_45s.2025.01.02_00_01_30_TAI.magnetogram_processed.npy;hmi.m_45s.2025.01.04_00_01_30_TAI.magnetogram_processed.npy;hmi.m_45s.2025.01.05_00_01_30_TAI.magnetogram_processed.npy;hmi.m_45s.2025.01.06_00_01_30_TAI.magnetogram_processed.npy
2025-01-02,2025-01-07,5.0,0.001436471939086914,2,hmi.m_45s.2025.01.02_00_01_30_TAI.magnetogram_processed.npy;hmi.m_45s.2025.01.04_00_01_30_TAI.magnetogram_processed.npy;hmi.m_45s.2025.01.05_00_01_30_TAI.magnetogram_processed.npy;hmi.m_45s.2025.01.06_00_01_30_TAI.magnetogram_processed.npy;hmi.m_45s.2025.01.07_00_01_30_TAI.magnetogram_processed.npy
2025-01-04,2025-01-11,7.0,-0.22017955780029297,3,hmi.m_45s.2025.01.04_00_01_30_TAI.magnetogram_processed.npy;hmi.m_45s.2025.01.05_00_01_30_TAI.magnetogram_processed.npy;hmi.m_45s.2025.01.06_00_01_30_TAI.magnetogram_processed.npy;hmi.m_45s.2025.01.07_00_01_30_TAI.magnetogram_processed.npy;hmi.m_45s.2025.01.11_00_01_30_TAI.magnetogram_processed.npy
2025-01-05,2025-01-13,8.0,-0.33856630325317383,4,hmi.m_45s.2025.01.05_00_01_30_TAI.magnetogram_processed.npy;hmi.m_45s.2025.01.06_00_01_30_TAI.magnetogram_processed.npy;hmi.m_45s.2025.01.07_00_01_30_TAI.magnetogram_processed.npy;hmi.m_45s.2025.01.11_00_01_30_TAI.magnetogram_processed.npy;hmi.m_45s.2025.01.13_00_01_30_TAI.magnetogram_processed.npy
2025-01-06,2025-01-16,10.0,-0.1904606819152832,3,hmi.m_45s.2025.01.06_00_01_30_TAI.magnetogram_processed.npy;hmi.m_45s.2025.01.07_00_01_30_TAI.magnetogram_processed.npy;hmi.m_45s.2025.01.11_00_01_30_TAI.magnetogram_processed.npy;hmi.m_45s.2025.01.13_00_01_30_TAI.magnetogram_processed.npy;hmi.m_45s.2025.01.16_00_01_30_TAI.magnetogram_processed.npy
2025-01-11,2025-01-20,9.0,0.67557692527771,1,hmi.m_45s.2025.01.11_00_01_30_TAI.magnetogram_processed.npy;hmi.m_45s.2025.01.13_00_01_30_TAI.magnetogram_processed.npy;hmi.m_45s.2025.01.16_00_01_30_TAI.magnetogram_processed.npy;hmi.m_45s.2025.01.18_00_01_30_TAI.magnetogram_processed.npy;hmi.m_45s.2025.01.20_00_01_30_TAI.magnetogram_processed.npy
2025-01-13,2025-01-23,10.0,0.7044315338134766,1,hmi.m_45s.2025.01.13_00_01_30_TAI.magnetogram_processed.npy;hmi.m_45s.2025.01.16_00_01_30_TAI.magnetogram_processed.npy;hmi.m_45s.2025.01.18_00_01_30_TAI.magnetogram_processed.npy;hmi.m_45s.2025.01.20_00_01_30_TAI.magnetogram_processed.npy;hmi.m_45s.2025.01.23_00_01_30_TAI.magnetogram_processed.npy
2025-01-16,2025-01-24,8.0,0.47005414962768555,2,hmi.m_45s.2025.01.16_00_01_30_TAI.magnetogram_processed.npy;hmi.m_45s.2025.01.18_00_01_30_TAI.magnetogram_processed.npy;hmi.m_45s.2025.01.20_00_01_30_TAI.magnetogram_processed.npy;hmi.m_45s.2025.01.23_00_01_30_TAI.magnetogram_processed.npy;hmi.m_45s.2025.01.24_00_01_30_TAI.magnetogram_processed.npy
2025-01-18,2025-01-27,9.0,-0.42760372161865234,3,hmi.m_45s.2025.01.18_00_01_30_TAI.magnetogram_processed.npy;hmi.m_45s.2025.01.20_00_01_30_TAI.magnetogram_processed.npy;hmi.m_45s.2025.01.23_00_01_30_TAI.magnetogram_processed.npy;hmi.m_45s.2025.01.24_00_01_30_TAI.magnetogram_processed.npy;hmi.m_45s.2025.01.27_00_01_30_TAI.magnetogram_processed.npy
2025-01-20,2025-01-28,8.0,-0.7549881935119629,4,hmi.m_45s.2025.01.20_00_01_30_TAI.magnetogram_processed.npy;hmi.m_45s.2025.01.23_00_01_30_TAI.magnetogram_processed.npy;hmi.m_45s.2025.01.24_00_01_30_TAI.magnetogram_processed.npy;hmi.m_45s.2025.01.27_00_01_30_TAI.magnetogram_processed.npy;hmi.m_45s.2025.01.28_00_01_30_TAI.magnetogram_processed.npy
2025-01-23,2025-01-29,6.0,-0.6819725036621094,3,hmi.m_45s.2025.01.23_00_01_30_TAI.magnetogram_processed.npy;hmi.m_45s.2025.01.24_00_01_30_TAI.magnetogram_processed.npy;hmi.m_45s.2025.01.27_00_01_30_TAI.magnetogram_processed.npy;hmi.m_45s.2025.01.28_00_01_30_TAI.magnetogram_processed.npy;hmi.m_45s.2025.01.29_00_01_30_TAI.magnetogram_processed.npy
2025-01-24,2025-01-30,6.0,-0.49961209297180176,2,hmi.m_45s.2025.01.24_00_01_30_TAI.magnetogram_processed.npy;hmi.m_45s.2025.01.27_00_01_30_TAI.magnetogram_processed.npy;hmi.m_45s.2025.01.28_00_01_30_TAI.magnetogram_processed.npy;hmi.m_45s.2025.01.29_00_01_30_TAI.magnetogram_processed.npy;hmi.m_45s.2025.01.30_00_01_30_TAI.magnetogram_processed.npy
2025-01-27,2025-01-31,4.0,0.18454790115356445,1,hmi.m_45s.2025.01.27_00_01_30_TAI.magnetogram_processed.npy;hmi.m_45s.2025.01.28_00_01_30_TAI.magnetogram_processed.npy;hmi.m_45s.2025.01.29_00_01_30_TAI.magnetogram_processed.npy;hmi.m_45s.2025.01.30_00_01_30_TAI.magnetogram_processed.npy;hmi.m_45s.2025.01.31_00_01_30_TAI.magnetogram_processed.npy
2025-01-28,2025-02-01,4.0,0.3704071044921875,0,hmi.m_45s.2025.01.28_00_01_30_TAI.magnetogram_processed.npy;hmi.m_45s.2025.01.29_00_01_30_TAI.magnetogram_processed.npy;hmi.m_45s.2025.01.30_00_01_30_TAI.magnetogram_processed.npy;hmi.m_45s.2025.01.31_00_01_30_TAI.magnetogram_processed.npy;hmi.m_45s.2025.02.01_00_01_30_TAI.magnetogram_processed.npy
2025-01-29,2025-02-02,4.0,0.49762725830078125,0,hmi.m_45s.2025.01.29_00_01_30_TAI.magnetogram_processed.npy;hmi.m_45s.2025.01.30_00_01_30_TAI.magnetogram_processed.npy;hmi.m_45s.2025.01.31_00_01_30_TAI.magnetogram_processed.npy;hmi.m_45s.2025.02.01_00_01_30_TAI.magnetogram_processed.npy;hmi.m_45s.2025.02.02_00_01_30_TAI.magnetogram_processed.npy
2025-01-30,2025-02-05,6.0,0.48560500144958496,0,hmi.m_45s.2025.01.30_00_01_30_TAI.magnetogram_processed.npy;hmi.m_45s.2025.01.31_00_01_30_TAI.magnetogram_processed.npy;hmi.m_45s.2025.02.01_00_01_30_TAI.magnetogram_processed.npy;hmi.m_45s.2025.02.02_00_01_30_TAI.magnetogram_processed.npy;hmi.m_45s.2025.02.05_00_01_30_TAI.magnetogram_processed.npy
2025-01-31,2025-02-06,6.0,0.1762092113494873,1,hmi.m_45s.2025.01.31_00_01_30_TAI.magnetogram_processed.npy;hmi.m_45s.2025.02.01_00_01_30_TAI.magnetogram_processed.npy;hmi.m_45s.2025.02.02_00_01_30_TAI.magnetogram_processed.npy;hmi.m_45s.2025.02.05_00_01_30_TAI.magnetogram_processed.npy;hmi.m_45s.2025.02.06_00_01_30_TAI.magnetogram_processed.npy
2025-02-01,2025-02-07,6.0,-0.08733272552490234,2,hmi.m_45s.2025.02.01_00_01_30_TAI.magnetogram_processed.npy;hmi.m_45s.2025.02.02_00_01_30_TAI.magnetogram_processed.npy;hmi.m_45s.2025.02.05_00_01_30_TAI.magnetogram_processed.npy;hmi.m_45s.2025.02.06_00_01_30_TAI.magnetogram_processed.npy;hmi.m_45s.2025.02.07_00_01_30_TAI.magnetogram_processed.npy
2025-02-02,2025-02-11,9.0,-0.48960447311401367,3,hmi.m_45s.2025.02.02_00_01_30_TAI.magnetogram_processed.npy;hmi.m_45s.2025.02.05_00_01_30_TAI.magnetogram_processed.npy;hmi.m_45s.2025.02.06_00_01_30_TAI.magnetogram_processed.npy;hmi.m_45s.2025.02.07_00_01_30_TAI.magnetogram_processed.npy;hmi.m_45s.2025.02.11_00_01_30_TAI.magnetogram_processed.npy
2025-02-05,2025-02-15,10.0,-0.18213391304016113,3,hmi.m_45s.2025.02.05_00_01_30_TAI.magnetogram_processed.npy;hmi.m_45s.2025.02.06_00_01_30_TAI.magnetogram_processed.npy;hmi.m_45s.2025.02.07_00_01_30_TAI.magnetogram_processed.npy;hmi.m_45s.2025.02.11_00_01_30_TAI.magnetogram_processed.npy;hmi.m_45s.2025.02.15_00_01_30_TAI.magnetogram_processed.npy
2025-02-11,2025-02-19,8.0,0.46715736389160156,2,hmi.m_45s.2025.02.11_00_01_30_TAI.magnetogram_processed.npy;hmi.m_45s.2025.02.15_00_01_30_TAI.magnetogram_processed.npy;hmi.m_45s.2025.02.17_00_01_30_TAI.magnetogram_processed.npy;hmi.m_45s.2025.02.18_00_01_30_TAI.magnetogram_processed.npy;hmi.m_45s.2025.02.19_00_01_30_TAI.magnetogram_processed.npy
2025-02-15,2025-02-20,5.0,0.05536079406738281,3,hmi.m_45s.2025.02.15_00_01_30_TAI.magnetogram_processed.npy;hmi.m_45s.2025.02.17_00_01_30_TAI.magnetogram_processed.npy;hmi.m_45s.2025.02.18_00_01_30_TAI.magnetogram_processed.npy;hmi.m_45s.2025.02.19_00_01_30_TAI.magnetogram_processed.npy;hmi.m_45s.2025.02.20_00_01_30_TAI.magnetogram_processed.npy
2025-02-17,2025-02-21,4.0,-0.1458287239074707,4,hmi.m_45s.2025.02.17_00_01_30_TAI.magnetogram_processed.npy;hmi.m_45s.2025.02.18_00_01_30_TAI.magnetogram_processed.npy;hmi.m_45s.2025.02.19_00_01_30_TAI.magnetogram_processed.npy;hmi.m_45s.2025.02.20_00_01_30_TAI.magnetogram_processed.npy;hmi.m_45s.2025.02.21_00_01_30_TAI.magnetogram_processed.npy
2025-02-18,2025-02-22,4.0,-0.17190575599670366,4,hmi.m_45s.2025.02.18_00_01_30_TAI.magnetogram_processed.npy;hmi.m_45s.2025.02.19_00_01_30_TAI.magnetogram_processed.npy;hmi.m_45s.2025.02.20_00_01_30_TAI.magnetogram_processed.npy;hmi.m_45s.2025.02.21_00_01_30_TAI.magnetogram_processed.npy;hmi.m_45s.2025.02.22_00_01_30_TAI.magnetogram_processed.npy
2025-02-19,2025-02-23,4.0,-0.12854337692260742,4,hmi.m_45s.2025.02.19_00_01_30_TAI.magnetogram_processed.npy;hmi.m_45s.2025.02.20_00_01_30_TAI.magnetogram_processed.npy;hmi.m_45s.2025.02.21_00_01_30_TAI.magnetogram_processed.npy;hmi.m_45s.2025.02.22_00_01_30_TAI.magnetogram_processed.npy;hmi.m_45s.2025.02.23_00_01_30_TAI.magnetogram_processed.npy
2025-02-20,2025-02-24,4.0,-0.15038847923278809,4,hmi.m_45s.2025.02.20_00_01_30_TAI.magnetogram_processed.npy;hmi.m_45s.2025.02.21_00_01_30_TAI.magnetogram_processed.npy;hmi.m_45s.2025.02.22_00_01_30_TAI.magnetogram_processed.npy;hmi.m_45s.2025.02.23_00_01_30_TAI.magnetogram_processed.npy;hmi.m_45s.2025.02.24_00_01_30_TAI.magnetogram_processed.npy
2025-02-21,2025-02-25,4.0,-0.15077590942382812,4,hmi.m_45s.2025.02.21_00_01_30_TAI.magnetogram_processed.npy;hmi.m_45s.2025.02.22_00_01_30_TAI.magnetogram_processed.npy;hmi.m_45s.2025.02.23_00_01_30_TAI.magnetogram_processed.npy;hmi.m_45s.2025.02.24_00_01_30_TAI.magnetogram_processed.npy;hmi.m_45s.2025.02.25_00_01_30_TAI.magnetogram_processed.npy
2025-02-22,2025-02-26,4.0,-0.13380050659179688,4,hmi.m_45s.2025.02.22_00_01_30_TAI.magnetogram_processed.npy;hmi.m_45s.2025.02.23_00_01_30_TAI.magnetogram_processed.npy;hmi.m_45s.2025.02.24_00_01_30_TAI.magnetogram_processed.npy;hmi.m_45s.2025.02.25_00_01_30_TAI.magnetogram_processed.npy;hmi.m_45s.2025.02.26_00_01_30_TAI.magnetogram_processed.npy
2025-02-23,2025-03-01,6.0,-0.09218454360961914,3,hmi.m_45s.2025.02.23_00_01_30_TAI.magnetogram_processed.npy;hmi.m_45s.2025.02.24_00_01_30_TAI.magnetogram_processed.npy;hmi.m_45s.2025.02.25_00_01_30_TAI.magnetogram_processed.npy;hmi.m_45s.2025.02.26_00_01_30_TAI.magnetogram_processed.npy;hmi.m_45s.2025.03.01_00_01_30_TAI.magnetogram_processed.npy
2025-02-24,2025-03-03,7.0,0.04895329475402832,2,hmi.m_45s.2025.02.24_00_01_30_TAI.magnetogram_processed.npy;hmi.m_45s.2025.02.25_00_01_30_TAI.magnetogram_processed.npy;hmi.m_45s.2025.02.26_00_01_30_TAI.magnetogram_processed.npy;hmi.m_45s.2025.03.01_00_01_30_TAI.magnetogram_processed.npy;hmi.m_45s.2025.03.03_00_01_30_TAI.magnetogram_processed.npy
2025-02-25,2025-03-05,8.0,-0.04590153694152832,2,hmi.m_45s.2025.02.25_00_01_30_TAI.magnetogram_processed.npy;hmi.m_45s.2025.02.26_00_01_30_TAI.magnetogram_processed.npy;hmi.m_45s.2025.03.01_00_01_30_TAI.magnetogram_processed.npy;hmi.m_45s.2025.03.03_00_01_30_TAI.magnetogram_processed.npy;hmi.m_45s.2025.03.05_00_01_30_TAI.magnetogram_processed.npy
2025-02-26,2025-03-07,9.0,-0.12787580490112305,2,hmi.m_45s.2025.02.26_00_01_30_TAI.magnetogram_processed.npy;hmi.m_45s.2025.03.01_00_01_30_TAI.magnetogram_processed.npy;hmi.m_45s.2025.03.03_00_01_30_TAI.magnetogram_processed.npy;hmi.m_45s.2025.03.05_00_01_30_TAI.magnetogram_processed.npy;hmi.m_45s.2025.03.07_00_01_30_TAI.magnetogram_processed.npy
2025-03-01,2025-03-08,7.0,-0.2277672290802002,3,hmi.m_45s.2025.03.01_00_01_30_TAI.magnetogram_processed.npy;hmi.m_45s.2025.03.03_00_01_30_TAI.magnetogram_processed.npy;hmi.m_45s.2025.03.05_00_01_30_TAI.magnetogram_processed.npy;hmi.m_45s.2025.03.07_00_01_30_TAI.magnetogram_processed.npy;hmi.m_45s.2025.03.08_00_01_30_TAI.magnetogram_processed.npy
2025-03-03,2025-03-09,6.0,-0.32263994216918945,4,hmi.m_45s.2025.03.03_00_01_30_TAI.magnetogram_processed.npy;hmi.m_45s.2025.03.05_00_01_30_TAI.magnetogram_processed.npy;hmi.m_45s.2025.03.07_00_01_30_TAI.magnetogram_processed.npy;hmi.m_45s.2025.03.08_00_01_30_TAI.magnetogram_processed.npy;hmi.m_45s.2025.03.09_00_01_30_TAI.magnetogram_processed.npy
2025-03-05,2025-03-11,6.0,0.013345479965209961,3,hmi.m_45s.2025.03.05_00_01_30_TAI.magnetogram_processed.npy;hmi.m_45s.2025.03.07_00_01_30_TAI.magnetogram_processed.npy;hmi.m_45s.2025.03.08_00_01_30_TAI.magnetogram_processed.npy;hmi.m_45s.2025.03.09_00_01_30_TAI.magnetogram_processed.npy;hmi.m_45s.2025.03.11_00_01_30_TAI.magnetogram_processed.npy
2025-03-07,2025-03-15,8.0,0.3020942211151123,2,hmi.m_45s.2025.03.07_00_01_30_TAI.magnetogram_processed.npy;hmi.m_45s.2025.03.08_00_01_30_TAI.magnetogram_processed.npy;hmi.m_45s.2025.03.09_00_01_30_TAI.magnetogram_processed.npy;hmi.m_45s.2025.03.11_00_01_30_TAI.magnetogram_processed.npy;hmi.m_45s.2025.03.15_00_01_30_TAI.magnetogram_processed.npy
2025-03-08,2025-03-17,9.0,0.5125522613525391,1,hmi.m_45s.2025.03.08_00_01_30_TAI.magnetogram_processed.npy;hmi.m_45s.2025.03.09_00_01_30_TAI.magnetogram_processed.npy;hmi.m_45s.2025.03.11_00_01_30_TAI.magnetogram_processed.npy;hmi.m_45s.2025.03.15_00_01_30_TAI.magnetogram_processed.npy;hmi.m_45s.2025.03.17_00_01_30_TAI.magnetogram_processed.npy
2025-03-09,2025-03-19,10.0,0.373607873916626,1,hmi.m_45s.2025.03.09_00_01_30_TAI.magnetogram_processed.npy;hmi.m_45s.2025.03.11_00_01_30_TAI.magnetogram_processed.npy;hmi.m_45s.2025.03.15_00_01_30_TAI.magnetogram_processed.npy;hmi.m_45s.2025.03.17_00_01_30_TAI.magnetogram_processed.npy;hmi.m_45s.2025.03.19_00_01_30_TAI.magnetogram_processed.npy
2025-03-11,2025-03-20,9.0,0.10631680488586426,2,hmi.m_45s.2025.03.11_00_01_30_TAI.magnetogram_processed.npy;hmi.m_45s.2025.03.15_00_01_30_TAI.magnetogram_processed.npy;hmi.m_45s.2025.03.17_00_01_30_TAI.magnetogram_processed.npy;hmi.m_45s.2025.03.19_00_01_30_TAI.magnetogram_processed.npy;hmi.m_45s.2025.03.20_00_01_30_TAI.magnetogram_processed.npy
2025-03-15,2025-03-21,6.0,-0.1711130142211914,3,hmi.m_45s.2025.03.15_00_01_30_TAI.magnetogram_processed.npy;hmi.m_45s.2025.03.17_00_01_30_TAI.magnetogram_processed.npy;hmi.m_45s.2025.03.19_00_01_30_TAI.magnetogram_processed.npy;hmi.m_45s.2025.03.20_00_01_30_TAI.magnetogram_processed.npy;hmi.m_45s.2025.03.21_00_01_30_TAI.magnetogram_processed.npy
2025-03-17,2025-03-23,6.0,-0.4399240016937256,4,hmi.m_45s.2025.03.17_00_01_30_TAI.magnetogram_processed.npy;hmi.m_45s.2025.03.19_00_01_30_TAI.magnetogram_processed.npy;hmi.m_45s.2025.03.20_00_01_30_TAI.magnetogram_processed.npy;hmi.m_45s.2025.03.21_00_01_30_TAI.magnetogram_processed.npy;hmi.m_45s.2025.03.23_00_01_30_TAI.magnetogram_processed.npy
2025-03-19,2025-03-25,6.0,-0.36956071853637695,4,hmi.m_45s.2025.03.19_00_01_30_TAI.magnetogram_processed.npy;hmi.m_45s.2025.03.20_00_01_30_TAI.magnetogram_processed.npy;hmi.m_45s.2025.03.21_00_01_30_TAI.magnetogram_processed.npy;hmi.m_45s.2025.03.23_00_01_30_TAI.magnetogram_processed.npy;hmi.m_45s.2025.03.25_00_01_30_TAI.magnetogram_processed.npy
2025-03-20,2025-03-29,9.0,-0.05716085433959961,3,hmi.m_45s.2025.03.20_00_01_30_TAI.magnetogram_processed.npy;hmi.m_45s.2025.03.21_00_01_30_TAI.magnetogram_processed.npy;hmi.m_45s.2025.03.23_00_01_30_TAI.magnetogram_processed.npy;hmi.m_45s.2025.03.25_00_01_30_TAI.magnetogram_processed.npy;hmi.m_45s.2025.03.29_00_01_30_TAI.magnetogram_processed.npy
2025-03-21,2025-03-30,9.0,0.10256767272949219,2,hmi.m_45s.2025.03.21_00_01_30_TAI.magnetogram_processed.npy;hmi.m_45s.2025.03.23_00_01_30_TAI.magnetogram_processed.npy;hmi.m_45s.2025.03.25_00_01_30_TAI.magnetogram_processed.npy;hmi.m_45s.2025.03.29_00_01_30_TAI.magnetogram_processed.npy;hmi.m_45s.2025.03.30_00_01_30_TAI.magnetogram_processed.npy
2025-03-23,2025-04-02,10.0,0.2328336238861084,1,hmi.m_45s.2025.03.23_00_01_30_TAI.magnetogram_processed.npy;hmi.m_45s.2025.03.25_00_01_30_TAI.magnetogram_processed.npy;hmi.m_45s.2025.03.29_00_01_30_TAI.magnetogram_processed.npy;hmi.m_45s.2025.03.30_00_01_30_TAI.magnetogram_processed.npy;hmi.m_45s.2025.04.02_00_01_30_TAI.magnetogram_processed.npy
2025-03-29,2025-04-07,9.0,-0.0801384449005127,1,hmi.m_45s.2025.03.29_00_01_30_TAI.magnetogram_processed.npy;hmi.m_45s.2025.03.30_00_01_30_TAI.magnetogram_processed.npy;hmi.m_45s.2025.04.02_00_01_30_TAI.magnetogram_processed.npy;hmi.m_45s.2025.04.05_00_01_30_TAI.magnetogram_processed.npy;hmi.m_45s.2025.04.07_00_01_30_TAI.magnetogram_processed.npy
2025-03-30,2025-04-08,9.0,-0.306469202041626,2,hmi.m_45s.2025.03.30_00_01_30_TAI.magnetogram_processed.npy;hmi.m_45s.2025.04.02_00_01_30_TAI.magnetogram_processed.npy;hmi.m_45s.2025.04.05_00_01_30_TAI.magnetogram_processed.npy;hmi.m_45s.2025.04.07_00_01_30_TAI.magnetogram_processed.npy;hmi.m_45s.2025.04.08_00_01_30_TAI.magnetogram_processed.npy
2025-04-02,2025-04-09,7.0,-0.3708064556121826,3,hmi.m_45s.2025.04.02_00_01_30_TAI.magnetogram_processed.npy;hmi.m_45s.2025.04.05_00_01_30_TAI.magnetogram_processed.npy;hmi.m_45s.2025.04.07_00_01_30_TAI.magnetogram_processed.npy;hmi.m_45s.2025.04.08_00_01_30_TAI.magnetogram_processed.npy;hmi.m_45s.2025.04.09_00_01_30_TAI.magnetogram_processed.npy
2025-04-05,2025-04-13,8.0,-0.10004043579101562,2,hmi.m_45s.2025.04.05_00_01_30_TAI.magnetogram_processed.npy;hmi.m_45s.2025.04.07_00_01_30_TAI.magnetogram_processed.npy;hmi.m_45s.2025.04.08_00_01_30_TAI.magnetogram_processed.npy;hmi.m_45s.2025.04.09_00_01_30_TAI.magnetogram_processed.npy;hmi.m_45s.2025.04.13_00_01_30_TAI.magnetogram_processed.npy
2025-04-07,2025-04-15,8.0,-0.20254254341125488,3,hmi.m_45s.2025.04.07_00_01_30_TAI.magnetogram_processed.npy;hmi.m_45s.2025.04.08_00_01_30_TAI.magnetogram_processed.npy;hmi.m_45s.2025.04.09_00_01_30_TAI.magnetogram_processed.npy;hmi.m_45s.2025.04.13_00_01_30_TAI.magnetogram_processed.npy;hmi.m_45s.2025.04.15_00_01_30_TAI.magnetogram_processed.npy
2025-04-13,2025-04-23,10.0,0.06349682807922363,1,hmi.m_45s.2025.04.13_00_01_30_TAI.magnetogram_processed.npy;hmi.m_45s.2025.04.15_00_01_30_TAI.magnetogram_processed.npy;hmi.m_45s.2025.04.19_00_01_30_TAI.magnetogram_processed.npy;hmi.m_45s.2025.04.21_00_01_30_TAI.magnetogram_processed.npy;hmi.m_45s.2025.04.23_00_01_30_TAI.magnetogram_processed.npy
2025-04-15,2025-04-24,9.0,0.22342801094055176,0,hmi.m_45s.2025.04.15_00_01_30_TAI.magnetogram_processed.npy;hmi.m_45s.2025.04.19_00_01_30_TAI.magnetogram_processed.npy;hmi.m_45s.2025.04.21_00_01_30_TAI.magnetogram_processed.npy;hmi.m_45s.2025.04.23_00_01_30_TAI.magnetogram_processed.npy;hmi.m_45s.2025.04.24_00_01_30_TAI.magnetogram_processed.npy
2025-04-19,2025-04-25,6.0,0.24803876876831055,0,hmi.m_45s.2025.04.19_00_01_30_TAI.magnetogram_processed.npy;hmi.m_45s.2025.04.21_00_01_30_TAI.magnetogram_processed.npy;hmi.m_45s.2025.04.23_00_01_30_TAI.magnetogram_processed.npy;hmi.m_45s.2025.04.24_00_01_30_TAI.magnetogram_processed.npy;hmi.m_45s.2025.04.25_00_01_30_TAI.magnetogram_processed.npy
2025-04-21,2025-04-29,8.0,0.06717443466186523,1,hmi.m_45s.2025.04.21_00_01_30_TAI.magnetogram_processed.npy;hmi.m_45s.2025.04.23_00_01_30_TAI.magnetogram_processed.npy;hmi.m_45s.2025.04.24_00_01_30_TAI.magnetogram_processed.npy;hmi.m_45s.2025.04.25_00_01_30_TAI.magnetogram_processed.npy;hmi.m_45s.2025.04.29_00_01_30_TAI.magnetogram_processed.npy
2025-04-23,2025-05-03,10.0,-0.1147150993347168,2,hmi.m_45s.2025.04.23_00_01_30_TAI.magnetogram_processed.npy;hmi.m_45s.2025.04.24_00_01_30_TAI.magnetogram_processed.npy;hmi.m_45s.2025.04.25_00_01_30_TAI.magnetogram_processed.npy;hmi.m_45s.2025.04.29_00_01_30_TAI.magnetogram_processed.npy;hmi.m_45s.2025.05.03_00_01_30_TAI.magnetogram_processed.npy
2025-04-24,2025-05-04,10.0,-0.18701553344726562,2,hmi.m_45s.2025.04.24_00_01_30_TAI.magnetogram_processed.npy;hmi.m_45s.2025.04.25_00_01_30_TAI.magnetogram_processed.npy;hmi.m_45s.2025.04.29_00_01_30_TAI.magnetogram_processed.npy;hmi.m_45s.2025.05.03_00_01_30_TAI.magnetogram_processed.npy;hmi.m_45s.2025.05.04_00_01_30_TAI.magnetogram_processed.npy
2025-04-29,2025-05-07,8.0,-0.02777576446533203,2,hmi.m_45s.2025.04.29_00_01_30_TAI.magnetogram_processed.npy;hmi.m_45s.2025.05.03_00_01_30_TAI.magnetogram_processed.npy;hmi.m_45s.2025.05.04_00_01_30_TAI.magnetogram_processed.npy;hmi.m_45s.2025.05.06_00_01_30_TAI.magnetogram_processed.npy;hmi.m_45s.2025.05.07_00_01_30_TAI.magnetogram_processed.npy
2025-05-03,2025-05-08,5.0,-0.016891956329345703,2,hmi.m_45s.2025.05.03_00_01_30_TAI.magnetogram_processed.npy;hmi.m_45s.2025.05.04_00_01_30_TAI.magnetogram_processed.npy;hmi.m_45s.2025.05.06_00_01_30_TAI.magnetogram_processed.npy;hmi.m_45s.2025.05.07_00_01_30_TAI.magnetogram_processed.npy;hmi.m_45s.2025.05.08_00_01_30_TAI.magnetogram_processed.npy
2025-05-04,2025-05-09,5.0,-0.09272098541259766,3,hmi.m_45s.2025.05.04_00_01_30_TAI.magnetogram_processed.npy;hmi.m_45s.2025.05.06_00_01_30_TAI.magnetogram_processed.npy;hmi.m_45s.2025.05.07_00_01_30_TAI.magnetogram_processed.npy;hmi.m_45s.2025.05.08_00_01_30_TAI.magnetogram_processed.npy;hmi.m_45s.2025.05.09_00_01_30_TAI.magnetogram_processed.npy
2025-05-06,2025-05-10,4.0,-0.19143223762512207,4,hmi.m_45s.2025.05.06_00_01_30_TAI.magnetogram_processed.npy;hmi.m_45s.2025.05.07_00_01_30_TAI.magnetogram_processed.npy;hmi.m_45s.2025.05.08_00_01_30_TAI.magnetogram_processed.npy;hmi.m_45s.2025.05.09_00_01_30_TAI.magnetogram_processed.npy;hmi.m_45s.2025.05.10_00_01_30_TAI.magnetogram_processed.npy
2025-05-07,2025-05-15,8.0,-0.3063797950744629,4,hmi.m_45s.2025.05.07_00_01_30_TAI.magnetogram_processed.npy;hmi.m_45s.2025.05.08_00_01_30_TAI.magnetogram_processed.npy;hmi.m_45s.2025.05.09_00_01_30_TAI.magnetogram_processed.npy;hmi.m_45s.2025.05.10_00_01_30_TAI.magnetogram_processed.npy;hmi.m_45s.2025.05.15_00_01_30_TAI.magnetogram_processed.npy
2025-05-08,2025-05-16,8.0,-0.24655461311340354,3,hmi.m_45s.2025.05.08_00_01_30_TAI.magnetogram_processed.npy;hmi.m_45s.2025.05.09_00_01_30_TAI.magnetogram_processed.npy;hmi.m_45s.2025.05.10_00_01_30_TAI.magnetogram_processed.npy;hmi.m_45s.2025.05.15_00_01_30_TAI.magnetogram_processed.npy;hmi.m_45s.2025.05.16_00_01_30_TAI.magnetogram_processed.npy
2025-05-09,2025-05-19,10.0,-0.09331703186035156,2,hmi.m_45s.2025.05.09_00_01_30_TAI.magnetogram_processed.npy;hmi.m_45s.2025.05.10_00_01_30_TAI.magnetogram_processed.npy;hmi.m_45s.2025.05.15_00_01_30_TAI.magnetogram_processed.npy;hmi.m_45s.2025.05.16_00_01_30_TAI.magnetogram_processed.npy;hmi.m_45s.2025.05.19_00_01_30_TAI.magnetogram_processed.npy
2025-05-10,2025-05-20,10.0,0.004839897155761719,1,hmi.m_45s.2025.05.10_00_01_30_TAI.magnetogram_processed.npy;hmi.m_45s.2025.05.15_00_01_30_TAI.magnetogram_processed.npy;hmi.m_45s.2025.05.16_00_01_30_TAI.magnetogram_processed.npy;hmi.m_45s.2025.05.19_00_01_30_TAI.magnetogram_processed.npy;hmi.m_45s.2025.05.20_00_01_30_TAI.magnetogram_processed.npy
2025-05-15,2025-05-24,9.0,0.173109769821167,0,hmi.m_45s.2025.05.15_00_01_30_TAI.magnetogram_processed.npy;hmi.m_45s.2025.05.16_00_01_30_TAI.magnetogram_processed.npy;hmi.m_45s.2025.05.19_00_01_30_TAI.magnetogram_processed.npy;hmi.m_45s.2025.05.20_00_01_30_TAI.magnetogram_processed.npy;hmi.m_45s.2025.05.24_00_01_30_TAI.magnetogram_processed.npy
2025-05-16,2025-05-25,9.0,0.14835000038146995,1,hmi.m_45s.2025.05.16_00_01_30_TAI.magnetogram_processed.npy;hmi.m_45s.2025.05.19_00_01_30_TAI.magnetogram_processed.npy;hmi.m_45s.2025.05.20_00_01_30_TAI.magnetogram_processed.npy;hmi.m_45s.2025.05.24_00_01_30_TAI.magnetogram_processed.npy;hmi.m_45s.2025.05.25_00_01_30_TAI.magnetogram_processed.npy
2025-05-19,2025-05-26,7.0,0.07356405258178711,1,hmi.m_45s.2025.05.19_00_01_30_TAI.magnetogram_processed.npy;hmi.m_45s.2025.05.20_00_01_30_TAI.magnetogram_processed.npy;hmi.m_45s.2025.05.24_00_01_30_TAI.magnetogram_processed.npy;hmi.m_45s.2025.05.25_00_01_30_TAI.magnetogram_processed.npy;hmi.m_45s.2025.05.26_00_01_30_TAI.magnetogram_processed.npy
2025-05-20,2025-05-27,7.0,0.045955181121826394,2,hmi.m_45s.2025.05.20_00_01_30_TAI.magnetogram_processed.npy;hmi.m_45s.2025.05.24_00_01_30_TAI.magnetogram_processed.npy;hmi.m_45s.2025.05.25_00_01_30_TAI.magnetogram_processed.npy;hmi.m_45s.2025.05.26_00_01_30_TAI.magnetogram_processed.npy;hmi.m_45s.2025.05.27_00_01_30_TAI.magnetogram_processed.npy
2025-05-24,2025-05-28,4.0,0.012826919555664062,2,hmi.m_45s.2025.05.24_00_01_30_TAI.magnetogram_processed.npy;hmi.m_45s.2025.05.25_00_01_30_TAI.magnetogram_processed.npy;hmi.m_45s.2025.05.26_00_01_30_TAI.magnetogram_processed.npy;hmi.m_45s.2025.05.27_00_01_30_TAI.magnetogram_processed.npy;hmi.m_45s.2025.05.28_00_01_30_TAI.magnetogram_processed.npy
2025-05-25,2025-05-31,6.0,0.16146302223205566,1,hmi.m_45s.2025.05.25_00_01_30_TAI.magnetogram_processed.npy;hmi.m_45s.2025.05.26_00_01_30_TAI.magnetogram_processed.npy;hmi.m_45s.2025.05.27_00_01_30_TAI.magnetogram_processed.npy;hmi.m_45s.2025.05.28_00_01_30_TAI.magnetogram_processed.npy;hmi.m_45s.2025.05.31_00_01_30_TAI.magnetogram_processed.npy
2025-05-26,2025-06-01,6.0,0.13451576232910156,2,hmi.m_45s.2025.05.26_00_01_30_TAI.magnetogram_processed.npy;hmi.m_45s.2025.05.27_00_01_30_TAI.magnetogram_processed.npy;hmi.m_45s.2025.05.28_00_01_30_TAI.magnetogram_processed.npy;hmi.m_45s.2025.05.31_00_01_30_TAI.magnetogram_processed.npy;hmi.m_45s.2025.06.01_00_01_30_TAI.magnetogram_processed.npy
2025-05-27,2025-06-02,6.0,0.07302761077880837,2,hmi.m_45s.2025.05.27_00_01_30_TAI.magnetogram_processed.npy;hmi.m_45s.2025.05.28_00_01_30_TAI.magnetogram_processed.npy;hmi.m_45s.2025.05.31_00_01_30_TAI.magnetogram_processed.npy;hmi.m_45s.2025.06.01_00_01_30_TAI.magnetogram_processed.npy;hmi.m_45s.2025.06.02_00_01_30_TAI.magnetogram_processed.npy
2025-05-28,2025-06-03,6.0,0.009518861770629883,3,hmi.m_45s.2025.05.28_00_01_30_TAI.magnetogram_processed.npy;hmi.m_45s.2025.05.31_00_01_30_TAI.magnetogram_processed.npy;hmi.m_45s.2025.06.01_00_01_30_TAI.magnetogram_processed.npy;hmi.m_45s.2025.06.02_00_01_30_TAI.magnetogram_processed.npy;hmi.m_45s.2025.06.03_00_01_30_TAI.magnetogram_processed.npy
2025-05-31,2025-06-04,4.0,-0.19342899322509766,4,hmi.m_45s.2025.05.31_00_01_30_TAI.magnetogram_processed.npy;hmi.m_45s.2025.06.01_00_01_30_TAI.magnetogram_processed.npy;hmi.m_45s.2025.06.02_00_01_30_TAI.magnetogram_processed.npy;hmi.m_45s.2025.06.03_00_01_30_TAI.magnetogram_processed.npy;hmi.m_45s.2025.06.04_00_01_30_TAI.magnetogram_processed.npy
2025-06-01,2025-06-05,4.0,-0.23069977760314941,4,hmi.m_45s.2025.06.01_00_01_30_TAI.magnetogram_processed.npy;hmi.m_45s.2025.06.02_00_01_30_TAI.magnetogram_processed.npy;hmi.m_45s.2025.06.03_00_01_30_TAI.magnetogram_processed.npy;hmi.m_45s.2025.06.04_00_01_30_TAI.magnetogram_processed.npy;hmi.m_45s.2025.06.05_00_01_30_TAI.magnetogram_processed.npy
2025-06-02,2025-06-06,4.0,-0.1745760440826416,4,hmi.m_45s.2025.06.02_00_01_30_TAI.magnetogram_processed.npy;hmi.m_45s.2025.06.03_00_01_30_TAI.magnetogram_processed.npy;hmi.m_45s.2025.06.04_00_01_30_TAI.magnetogram_processed.npy;hmi.m_45s.2025.06.05_00_01_30_TAI.magnetogram_processed.npy;hmi.m_45s.2025.06.06_00_01_30_TAI.magnetogram_processed.npy
2025-06-03,2025-06-10,7.0,-0.054383277893066406,3,hmi.m_45s.2025.06.03_00_01_30_TAI.magnetogram_processed.npy;hmi.m_45s.2025.06.04_00_01_30_TAI.magnetogram_processed.npy;hmi.m_45s.2025.06.05_00_01_30_TAI.magnetogram_processed.npy;hmi.m_45s.2025.06.06_00_01_30_TAI.magnetogram_processed.npy;hmi.m_45s.2025.06.10_00_01_30_TAI.magnetogram_processed.npy
2025-06-04,2025-06-11,7.0,0.03860592842102051,2,hmi.m_45s.2025.06.04_00_01_30_TAI.magnetogram_processed.npy;hmi.m_45s.2025.06.05_00_01_30_TAI.magnetogram_processed.npy;hmi.m_45s.2025.06.06_00_01_30_TAI.magnetogram_processed.npy;hmi.m_45s.2025.06.10_00_01_30_TAI.magnetogram_processed.npy;hmi.m_45s.2025.06.11_00_01_30_TAI.magnetogram_processed.npy
2025-06-05,2025-06-12,7.0,0.11150240898132324,1,hmi.m_45s.2025.06.05_00_01_30_TAI.magnetogram_processed.npy;hmi.m_45s.2025.06.06_00_01_30_TAI.magnetogram_processed.npy;hmi.m_45s.2025.06.10_00_01_30_TAI.magnetogram_processed.npy;hmi.m_45s.2025.06.11_00_01_30_TAI.magnetogram_processed.npy;hmi.m_45s.2025.06.12_00_01_30_TAI.magnetogram_processed.npy
2025-06-06,2025-06-13,7.0,0.10543465614318848,1,hmi.m_45s.2025.06.06_00_01_30_TAI.magnetogram_processed.npy;hmi.m_45s.2025.06.10_00_01_30_TAI.magnetogram_processed.npy;hmi.m_45s.2025.06.11_00_01_30_TAI.magnetogram_processed.npy;hmi.m_45s.2025.06.12_00_01_30_TAI.magnetogram_processed.npy;hmi.m_45s.2025.06.13_00_01_30_TAI.magnetogram_processed.npy
2025-06-10,2025-06-14,4.0,0.04723668098449707,1,hmi.m_45s.2025.06.10_00_01_30_TAI.magnetogram_processed.npy;hmi.m_45s.2025.06.11_00_01_30_TAI.magnetogram_processed.npy;hmi.m_45s.2025.06.12_00_01_30_TAI.magnetogram_processed.npy;hmi.m_45s.2025.06.13_00_01_30_TAI.magnetogram_processed.npy;hmi.m_45s.2025.06.14_00_01_30_TAI.magnetogram_processed.npy
2025-07-20,2025-07-27,7.0,0.07243156433105469,3,hmi.m_45s.2025.07.20_00_01_30_TAI.magnetogram_processed.npy;hmi.m_45s.2025.07.21_00_01_30_TAI.magnetogram_processed.npy;hmi.m_45s.2025.07.22_00_01_30_TAI.magnetogram_processed.npy;hmi.m_45s.2025.07.23_00_01_30_TAI.magnetogram_processed.npy;hmi.m_45s.2025.07.27_00_01_30_TAI.magnetogram_processed.npy
2025-07-21,2025-07-28,7.0,0.09728074073791504,3,hmi.m_45s.2025.07.21_00_01_30_TAI.magnetogram_processed.npy;hmi.m_45s.2025.07.22_00_01_30_TAI.magnetogram_processed.npy;hmi.m_45s.2025.07.23_00_01_30_TAI.magnetogram_processed.npy;hmi.m_45s.2025.07.27_00_01_30_TAI.magnetogram_processed.npy;hmi.m_45s.2025.07.28_00_01_30_TAI.magnetogram_processed.npy
2025-07-22,2025-08-01,10.0,0.09648799896240212,3,hmi.m_45s.2025.07.22_00_01_30_TAI.magnetogram_processed.npy;hmi.m_45s.2025.07.23_00_01_30_TAI.magnetogram_processed.npy;hmi.m_45s.2025.07.27_00_01_30_TAI.magnetogram_processed.npy;hmi.m_45s.2025.07.28_00_01_30_TAI.magnetogram_processed.npy;hmi.m_45s.2025.08.01_00_01_30_TAI.magnetogram_processed.npy
2025-07-27,2025-08-04,8.0,-0.11740326881408691,4,hmi.m_45s.2025.07.27_00_01_30_TAI.magnetogram_processed.npy;hmi.m_45s.2025.07.28_00_01_30_TAI.magnetogram_processed.npy;hmi.m_45s.2025.08.01_00_01_30_TAI.magnetogram_processed.npy;hmi.m_45s.2025.08.03_00_01_30_TAI.magnetogram_processed.npy;hmi.m_45s.2025.08.04_00_01_30_TAI.magnetogram_processed.npy
2025-07-28,2025-08-05,8.0,-0.09492635726928711,3,hmi.m_45s.2025.07.28_00_01_30_TAI.magnetogram_processed.npy;hmi.m_45s.2025.08.01_00_01_30_TAI.magnetogram_processed.npy;hmi.m_45s.2025.08.03_00_01_30_TAI.magnetogram_processed.npy;hmi.m_45s.2025.08.04_00_01_30_TAI.magnetogram_processed.npy;hmi.m_45s.2025.08.05_00_01_30_TAI.magnetogram_processed.npy
2025-08-01,2025-08-07,6.0,-0.06968975067138694,3,hmi.m_45s.2025.08.01_00_01_30_TAI.magnetogram_processed.npy;hmi.m_45s.2025.08.03_00_01_30_TAI.magnetogram_processed.npy;hmi.m_45s.2025.08.04_00_01_30_TAI.magnetogram_processed.npy;hmi.m_45s.2025.08.05_00_01_30_TAI.magnetogram_processed.npy;hmi.m_45s.2025.08.07_00_01_30_TAI.magnetogram_processed.npy
2025-08-03,2025-08-09,6.0,-0.06618499755859375,3,hmi.m_45s.2025.08.03_00_01_30_TAI.magnetogram_processed.npy;hmi.m_45s.2025.08.04_00_01_30_TAI.magnetogram_processed.npy;hmi.m_45s.2025.08.05_00_01_30_TAI.magnetogram_processed.npy;hmi.m_45s.2025.08.07_00_01_30_TAI.magnetogram_processed.npy;hmi.m_45s.2025.08.09_00_01_30_TAI.magnetogram_processed.npy
2025-08-04,2025-08-11,7.0,-0.019538402557373047,2,hmi.m_45s.2025.08.04_00_01_30_TAI.magnetogram_processed.npy;hmi.m_45s.2025.08.05_00_01_30_TAI.magnetogram_processed.npy;hmi.m_45s.2025.08.07_00_01_30_TAI.magnetogram_processed.npy;hmi.m_45s.2025.08.09_00_01_30_TAI.magnetogram_processed.npy;hmi.m_45s.2025.08.11_00_01_30_TAI.magnetogram_processed.npy
2025-08-05,2025-08-12,7.0,-0.0031948089599611595,2,hmi.m_45s.2025.08.05_00_01_30_TAI.magnetogram_processed.npy;hmi.m_45s.2025.08.07_00_01_30_TAI.magnetogram_processed.npy;hmi.m_45s.2025.08.09_00_01_30_TAI.magnetogram_processed.npy;hmi.m_45s.2025.08.11_00_01_30_TAI.magnetogram_processed.npy;hmi.m_45s.2025.08.12_00_01_30_TAI.magnetogram_processed.npy
2025-08-07,2025-08-13,6.0,0.03378987312316917,1,hmi.m_45s.2025.08.07_00_01_30_TAI.magnetogram_processed.npy;hmi.m_45s.2025.08.09_00_01_30_TAI.magnetogram_processed.npy;hmi.m_45s.2025.08.11_00_01_30_TAI.magnetogram_processed.npy;hmi.m_45s.2025.08.12_00_01_30_TAI.magnetogram_processed.npy;hmi.m_45s.2025.08.13_00_01_30_TAI.magnetogram_processed.npy
2025-08-09,2025-08-18,9.0,-0.1666724681854248,1,hmi.m_45s.2025.08.09_00_01_30_TAI.magnetogram_processed.npy;hmi.m_45s.2025.08.11_00_01_30_TAI.magnetogram_processed.npy;hmi.m_45s.2025.08.12_00_01_30_TAI.magnetogram_processed.npy;hmi.m_45s.2025.08.13_00_01_30_TAI.magnetogram_processed.npy;hmi.m_45s.2025.08.18_00_01_30_TAI.magnetogram_processed.npy
2025-08-11,2025-08-19,8.0,-0.2147674560546875,2,hmi.m_45s.2025.08.11_00_01_30_TAI.magnetogram_processed.npy;hmi.m_45s.2025.08.12_00_01_30_TAI.magnetogram_processed.npy;hmi.m_45s.2025.08.13_00_01_30_TAI.magnetogram_processed.npy;hmi.m_45s.2025.08.18_00_01_30_TAI.magnetogram_processed.npy;hmi.m_45s.2025.08.19_00_01_30_TAI.magnetogram_processed.npy
2025-08-12,2025-08-21,9.0,-0.2275526523590088,2,hmi.m_45s.2025.08.12_00_01_30_TAI.magnetogram_processed.npy;hmi.m_45s.2025.08.13_00_01_30_TAI.magnetogram_processed.npy;hmi.m_45s.2025.08.18_00_01_30_TAI.magnetogram_processed.npy;hmi.m_45s.2025.08.19_00_01_30_TAI.magnetogram_processed.npy;hmi.m_45s.2025.08.21_00_01_30_TAI.magnetogram_processed.npy
2025-08-13,2025-08-22,9.0,-0.2451002597808838,2,hmi.m_45s.2025.08.13_00_01_30_TAI.magnetogram_processed.npy;hmi.m_45s.2025.08.18_00_01_30_TAI.magnetogram_processed.npy;hmi.m_45s.2025.08.19_00_01_30_TAI.magnetogram_processed.npy;hmi.m_45s.2025.08.21_00_01_30_TAI.magnetogram_processed.npy;hmi.m_45s.2025.08.22_00_01_30_TAI.magnetogram_processed.npy
2025-08-18,2025-08-23,5.0,0.015813112258911133,1,hmi.m_45s.2025.08.18_00_01_30_TAI.magnetogram_processed.npy;hmi.m_45s.2025.08.19_00_01_30_TAI.magnetogram_processed.npy;hmi.m_45s.2025.08.21_00_01_30_TAI.magnetogram_processed.npy;hmi.m_45s.2025.08.22_00_01_30_TAI.magnetogram_processed.npy;hmi.m_45s.2025.08.23_00_01_30_TAI.magnetogram_processed.npy
2025-08-19,2025-08-24,5.0,0.10719895362854004,0,hmi.m_45s.2025.08.19_00_01_30_TAI.magnetogram_processed.npy;hmi.m_45s.2025.08.21_00_01_30_TAI.magnetogram_processed.npy;hmi.m_45s.2025.08.22_00_01_30_TAI.magnetogram_processed.npy;hmi.m_45s.2025.08.23_00_01_30_TAI.magnetogram_processed.npy;hmi.m_45s.2025.08.24_00_01_30_TAI.magnetogram_processed.npy
2025-08-21,2025-08-27,6.0,0.4560649394989016,0,hmi.m_45s.2025.08.21_00_01_30_TAI.magnetogram_processed.npy;hmi.m_45s.2025.08.22_00_01_30_TAI.magnetogram_processed.npy;hmi.m_45s.2025.08.23_00_01_30_TAI.magnetogram_processed.npy;hmi.m_45s.2025.08.24_00_01_30_TAI.magnetogram_processed.npy;hmi.m_45s.2025.08.27_00_01_30_TAI.magnetogram_processed.npy
2025-08-22,2025-08-31,9.0,0.7054746150970459,0,hmi.m_45s.2025.08.22_00_01_30_TAI.magnetogram_processed.npy;hmi.m_45s.2025.08.23_00_01_30_TAI.magnetogram_processed.npy;hmi.m_45s.2025.08.24_00_01_30_TAI.magnetogram_processed.npy;hmi.m_45s.2025.08.27_00_01_30_TAI.magnetogram_processed.npy;hmi.m_45s.2025.08.31_00_01_30_TAI.magnetogram_processed.npy
2025-08-23,2025-09-01,9.0,0.6124734878540039,1,hmi.m_45s.2025.08.23_00_01_30_TAI.magnetogram_processed.npy;hmi.m_45s.2025.08.24_00_01_30_TAI.magnetogram_processed.npy;hmi.m_45s.2025.08.27_00_01_30_TAI.magnetogram_processed.npy;hmi.m_45s.2025.08.31_00_01_30_TAI.magnetogram_processed.npy;hmi.m_45s.2025.09.01_00_01_30_TAI.magnetogram_processed.npy
2025-08-24,2025-09-02,9.0,0.4143834114074707,2,hmi.m_45s.2025.08.24_00_01_30_TAI.magnetogram_processed.npy;hmi.m_45s.2025.08.27_00_01_30_TAI.magnetogram_processed.npy;hmi.m_45s.2025.08.31_00_01_30_TAI.magnetogram_processed.npy;hmi.m_45s.2025.09.01_00_01_30_TAI.magnetogram_processed.npy;hmi.m_45s.2025.09.02_00_01_30_TAI.magnetogram_processed.npy
2025-08-27,2025-09-04,8.0,-0.1137077808380127,3,hmi.m_45s.2025.08.27_00_01_30_TAI.magnetogram_processed.npy;hmi.m_45s.2025.08.31_00_01_30_TAI.magnetogram_processed.npy;hmi.m_45s.2025.09.01_00_01_30_TAI.magnetogram_processed.npy;hmi.m_45s.2025.09.02_00_01_30_TAI.magnetogram_processed.npy;hmi.m_45s.2025.09.04_00_01_30_TAI.magnetogram_processed.npy
2025-08-31,2025-09-06,6.0,-0.568997859954834,4,hmi.m_45s.2025.08.31_00_01_30_TAI.magnetogram_processed.npy;hmi.m_45s.2025.09.01_00_01_30_TAI.magnetogram_processed.npy;hmi.m_45s.2025.09.02_00_01_30_TAI.magnetogram_processed.npy;hmi.m_45s.2025.09.04_00_01_30_TAI.magnetogram_processed.npy;hmi.m_45s.2025.09.06_00_01_30_TAI.magnetogram_processed.npy
2025-09-01,2025-09-09,8.0,-0.5424559116363528,4,hmi.m_45s.2025.09.01_00_01_30_TAI.magnetogram_processed.npy;hmi.m_45s.2025.09.02_00_01_30_TAI.magnetogram_processed.npy;hmi.m_45s.2025.09.04_00_01_30_TAI.magnetogram_processed.npy;hmi.m_45s.2025.09.06_00_01_30_TAI.magnetogram_processed.npy;hmi.m_45s.2025.09.09_00_01_30_TAI.magnetogram_processed.npy
2025-09-02,2025-09-11,9.0,-0.5730867385864258,4,hmi.m_45s.2025.09.02_00_01_30_TAI.magnetogram_processed.npy;hmi.m_45s.2025.09.04_00_01_30_TAI.magnetogram_processed.npy;hmi.m_45s.2025.09.06_00_01_30_TAI.magnetogram_processed.npy;hmi.m_45s.2025.09.09_00_01_30_TAI.magnetogram_processed.npy;hmi.m_45s.2025.09.11_00_01_30_TAI.magnetogram_processed.npy
2025-09-04,2025-09-12,8.0,-0.46083927154540993,4,hmi.m_45s.2025.09.04_00_01_30_TAI.magnetogram_processed.npy;hmi.m_45s.2025.09.06_00_01_30_TAI.magnetogram_processed.npy;hmi.m_45s.2025.09.09_00_01_30_TAI.magnetogram_processed.npy;hmi.m_45s.2025.09.11_00_01_30_TAI.magnetogram_processed.npy;hmi.m_45s.2025.09.12_00_01_30_TAI.magnetogram_processed.npy
2025-09-06,2025-09-13,7.0,-0.28913021087646484,4,hmi.m_45s.2025.09.06_00_01_30_TAI.magnetogram_processed.npy;hmi.m_45s.2025.09.09_00_01_30_TAI.magnetogram_processed.npy;hmi.m_45s.2025.09.11_00_01_30_TAI.magnetogram_processed.npy;hmi.m_45s.2025.09.12_00_01_30_TAI.magnetogram_processed.npy;hmi.m_45s.2025.09.13_00_01_30_TAI.magnetogram_processed.npy
2025-09-09,2025-09-14,5.0,-0.24904608726501443,4,hmi.m_45s.2025.09.09_00_01_30_TAI.magnetogram_processed.npy;hmi.m_45s.2025.09.11_00_01_30_TAI.magnetogram_processed.npy;hmi.m_45s.2025.09.12_00_01_30_TAI.magnetogram_processed.npy;hmi.m_45s.2025.09.13_00_01_30_TAI.magnetogram_processed.npy;hmi.m_45s.2025.09.14_00_01_30_TAI.magnetogram_processed.npy
2025-09-11,2025-09-15,4.0,-0.02619028091430664,3,hmi.m_45s.2025.09.11_00_01_30_TAI.magnetogram_processed.npy;hmi.m_45s.2025.09.12_00_01_30_TAI.magnetogram_processed.npy;hmi.m_45s.2025.09.13_00_01_30_TAI.magnetogram_processed.npy;hmi.m_45s.2025.09.14_00_01_30_TAI.magnetogram_processed.npy;hmi.m_45s.2025.09.15_00_01_30_TAI.magnetogram_processed.npy
2025-09-12,2025-09-16,4.0,0.08138418197631814,2,hmi.m_45s.2025.09.12_00_01_30_TAI.magnetogram_processed.npy;hmi.m_45s.2025.09.13_00_01_30_TAI.magnetogram_processed.npy;hmi.m_45s.2025.09.14_00_01_30_TAI.magnetogram_processed.npy;hmi.m_45s.2025.09.15_00_01_30_TAI.magnetogram_processed.npy;hmi.m_45s.2025.09.16_00_01_30_TAI.magnetogram_processed.npy
2025-09-13,2025-09-18,5.0,0.37314295768737793,1,hmi.m_45s.2025.09.13_00_01_30_TAI.magnetogram_processed.npy;hmi.m_45s.2025.09.14_00_01_30_TAI.magnetogram_processed.npy;hmi.m_45s.2025.09.15_00_01_30_TAI.magnetogram_processed.npy;hmi.m_45s.2025.09.16_00_01_30_TAI.magnetogram_processed.npy;hmi.m_45s.2025.09.18_00_01_30_TAI.magnetogram_processed.npy
2025-09-26,2025-10-03,7.0,-0.004106760025024414,1,hmi.m_45s.2025.09.26_00_01_30_TAI.magnetogram_processed.npy;hmi.m_45s.2025.09.30_00_01_30_TAI.magnetogram_processed.npy;hmi.m_45s.2025.10.01_00_01_30_TAI.magnetogram_processed.npy;hmi.m_45s.2025.10.02_00_01_30_TAI.magnetogram_processed.npy;hmi.m_45s.2025.10.03_00_01_30_TAI.magnetogram_processed.npy
2025-09-30,2025-10-04,4.0,0.028574466705322266,1,hmi.m_45s.2025.09.30_00_01_30_TAI.magnetogram_processed.npy;hmi.m_45s.2025.10.01_00_01_30_TAI.magnetogram_processed.npy;hmi.m_45s.2025.10.02_00_01_30_TAI.magnetogram_processed.npy;hmi.m_45s.2025.10.03_00_01_30_TAI.magnetogram_processed.npy;hmi.m_45s.2025.10.04_00_01_30_TAI.magnetogram_processed.npy
2025-10-01,2025-10-07,6.0,-0.05332827568054199,2,hmi.m_45s.2025.10.01_00_01_30_TAI.magnetogram_processed.npy;hmi.m_45s.2025.10.02_00_01_30_TAI.magnetogram_processed.npy;hmi.m_45s.2025.10.03_00_01_30_TAI.magnetogram_processed.npy;hmi.m_45s.2025.10.04_00_01_30_TAI.magnetogram_processed.npy;hmi.m_45s.2025.10.07_00_01_30_TAI.magnetogram_processed.npy
2025-10-02,2025-10-09,7.0,-0.5209684371948242,3,hmi.m_45s.2025.10.02_00_01_30_TAI.magnetogram_processed.npy;hmi.m_45s.2025.10.03_00_01_30_TAI.magnetogram_processed.npy;hmi.m_45s.2025.10.04_00_01_30_TAI.magnetogram_processed.npy;hmi.m_45s.2025.10.07_00_01_30_TAI.magnetogram_processed.npy;hmi.m_45s.2025.10.09_00_01_30_TAI.magnetogram_processed.npy
2025-10-03,2025-10-11,8.0,-0.5228817462921143,3,hmi.m_45s.2025.10.03_00_01_30_TAI.magnetogram_processed.npy;hmi.m_45s.2025.10.04_00_01_30_TAI.magnetogram_processed.npy;hmi.m_45s.2025.10.07_00_01_30_TAI.magnetogram_processed.npy;hmi.m_45s.2025.10.09_00_01_30_TAI.magnetogram_processed.npy;hmi.m_45s.2025.10.11_00_01_30_TAI.magnetogram_processed.npy
2025-10-04,2025-10-12,8.0,-0.4919588565826416,3,hmi.m_45s.2025.10.04_00_01_30_TAI.magnetogram_processed.npy;hmi.m_45s.2025.10.07_00_01_30_TAI.magnetogram_processed.npy;hmi.m_45s.2025.10.09_00_01_30_TAI.magnetogram_processed.npy;hmi.m_45s.2025.10.11_00_01_30_TAI.magnetogram_processed.npy;hmi.m_45s.2025.10.12_00_01_30_TAI.magnetogram_processed.npy
2025-10-07,2025-10-14,7.0,-0.050890445709228516,2,hmi.m_45s.2025.10.07_00_01_30_TAI.magnetogram_processed.npy;hmi.m_45s.2025.10.09_00_01_30_TAI.magnetogram_processed.npy;hmi.m_45s.2025.10.11_00_01_30_TAI.magnetogram_processed.npy;hmi.m_45s.2025.10.12_00_01_30_TAI.magnetogram_processed.npy;hmi.m_45s.2025.10.14_00_01_30_TAI.magnetogram_processed.npy
2025-10-09,2025-10-15,6.0,0.4779040813446045,1,hmi.m_45s.2025.10.09_00_01_30_TAI.magnetogram_processed.npy;hmi.m_45s.2025.10.11_00_01_30_TAI.magnetogram_processed.npy;hmi.m_45s.2025.10.12_00_01_30_TAI.magnetogram_processed.npy;hmi.m_45s.2025.10.14_00_01_30_TAI.magnetogram_processed.npy;hmi.m_45s.2025.10.15_00_01_30_TAI.magnetogram_processed.npy
2025-10-11,2025-10-16,5.0,0.4414498805999756,1,hmi.m_45s.2025.10.11_00_01_30_TAI.magnetogram_processed.npy;hmi.m_45s.2025.10.12_00_01_30_TAI.magnetogram_processed.npy;hmi.m_45s.2025.10.14_00_01_30_TAI.magnetogram_processed.npy;hmi.m_45s.2025.10.15_00_01_30_TAI.magnetogram_processed.npy;hmi.m_45s.2025.10.16_00_01_30_TAI.magnetogram_processed.npy
2025-10-12,2025-10-17,5.0,0.32384395599365234,2,hmi.m_45s.2025.10.12_00_01_30_TAI.magnetogram_processed.npy;hmi.m_45s.2025.10.14_00_01_30_TAI.magnetogram_processed.npy;hmi.m_45s.2025.10.15_00_01_30_TAI.magnetogram_processed.npy;hmi.m_45s.2025.10.16_00_01_30_TAI.magnetogram_processed.npy;hmi.m_45s.2025.10.17_00_01_30_TAI.magnetogram_processed.npy
2025-10-14,2025-10-18,4.0,-0.17623305320739768,3,hmi.m_45s.2025.10.14_00_01_30_TAI.magnetogram_processed.npy;hmi.m_45s.2025.10.15_00_01_30_TAI.magnetogram_processed.npy;hmi.m_45s.2025.10.16_00_01_30_TAI.magnetogram_processed.npy;hmi.m_45s.2025.10.17_00_01_30_TAI.magnetogram_processed.npy;hmi.m_45s.2025.10.18_00_01_30_TAI.magnetogram_processed.npy
2025-10-15,2025-10-20,5.0,-0.32342076301574707,4,hmi.m_45s.2025.10.15_00_01_30_TAI.magnetogram_processed.npy;hmi.m_45s.2025.10.16_00_01_30_TAI.magnetogram_processed.npy;hmi.m_45s.2025.10.17_00_01_30_TAI.magnetogram_processed.npy;hmi.m_45s.2025.10.18_00_01_30_TAI.magnetogram_processed.npy;hmi.m_45s.2025.10.20_00_01_30_TAI.magnetogram_processed.npy
2025-10-16,2025-10-22,6.0,-0.25653839111328125,4,hmi.m_45s.2025.10.16_00_01_30_TAI.magnetogram_processed.npy;hmi.m_45s.2025.10.17_00_01_30_TAI.magnetogram_processed.npy;hmi.m_45s.2025.10.18_00_01_30_TAI.magnetogram_processed.npy;hmi.m_45s.2025.10.20_00_01_30_TAI.magnetogram_processed.npy;hmi.m_45s.2025.10.22_00_01_30_TAI.magnetogram_processed.npy
2025-10-17,2025-10-23,6.0,-0.1659810543060305,3,hmi.m_45s.2025.10.17_00_01_30_TAI.magnetogram_processed.npy;hmi.m_45s.2025.10.18_00_01_30_TAI.magnetogram_processed.npy;hmi.m_45s.2025.10.20_00_01_30_TAI.magnetogram_processed.npy;hmi.m_45s.2025.10.22_00_01_30_TAI.magnetogram_processed.npy;hmi.m_45s.2025.10.23_00_01_30_TAI.magnetogram_processed.npy
2025-10-18,2025-10-27,9.0,-0.03590583801269531,2,hmi.m_45s.2025.10.18_00_01_30_TAI.magnetogram_processed.npy;hmi.m_45s.2025.10.20_00_01_30_TAI.magnetogram_processed.npy;hmi.m_45s.2025.10.22_00_01_30_TAI.magnetogram_processed.npy;hmi.m_45s.2025.10.23_00_01_30_TAI.magnetogram_processed.npy;hmi.m_45s.2025.10.27_00_01_30_TAI.magnetogram_processed.npy
2025-10-20,2025-10-28,8.0,0.03286600112915039,2,hmi.m_45s.2025.10.20_00_01_30_TAI.magnetogram_processed.npy;hmi.m_45s.2025.10.22_00_01_30_TAI.magnetogram_processed.npy;hmi.m_45s.2025.10.23_00_01_30_TAI.magnetogram_processed.npy;hmi.m_45s.2025.10.27_00_01_30_TAI.magnetogram_processed.npy;hmi.m_45s.2025.10.28_00_01_30_TAI.magnetogram_processed.npy
2025-10-22,2025-10-29,7.0,0.02410411834716797,2,hmi.m_45s.2025.10.22_00_01_30_TAI.magnetogram_processed.npy;hmi.m_45s.2025.10.23_00_01_30_TAI.magnetogram_processed.npy;hmi.m_45s.2025.10.27_00_01_30_TAI.magnetogram_processed.npy;hmi.m_45s.2025.10.28_00_01_30_TAI.magnetogram_processed.npy;hmi.m_45s.2025.10.29_00_01_30_TAI.magnetogram_processed.npy
2025-10-27,2025-11-05,9.0,-0.10942220687866189,3,hmi.m_45s.2025.10.27_00_01_30_TAI.magnetogram_processed.npy;hmi.m_45s.2025.10.28_00_01_30_TAI.magnetogram_processed.npy;hmi.m_45s.2025.10.29_00_01_30_TAI.magnetogram_processed.npy;hmi.m_45s.2025.11.03_00_01_30_TAI.magnetogram_processed.npy;hmi.m_45s.2025.11.05_00_01_30_TAI.magnetogram_processed.npy
2025-11-03,2025-11-13,10.0,0.43581724166870117,1,hmi.m_45s.2025.11.03_00_01_30_TAI.magnetogram_processed.npy;hmi.m_45s.2025.11.05_00_01_30_TAI.magnetogram_processed.npy;hmi.m_45s.2025.11.08_00_01_30_TAI.magnetogram_processed.npy;hmi.m_45s.2025.11.12_00_01_30_TAI.magnetogram_processed.npy;hmi.m_45s.2025.11.13_00_01_30_TAI.magnetogram_processed.npy
2025-11-05,2025-11-14,9.0,0.293886661529541,2,hmi.m_45s.2025.11.05_00_01_30_TAI.magnetogram_processed.npy;hmi.m_45s.2025.11.08_00_01_30_TAI.magnetogram_processed.npy;hmi.m_45s.2025.11.12_00_01_30_TAI.magnetogram_processed.npy;hmi.m_45s.2025.11.13_00_01_30_TAI.magnetogram_processed.npy;hmi.m_45s.2025.11.14_00_01_30_TAI.magnetogram_processed.npy
2025-11-08,2025-11-16,8.0,-0.3657817840576172,3,hmi.m_45s.2025.11.08_00_01_30_TAI.magnetogram_processed.npy;hmi.m_45s.2025.11.12_00_01_30_TAI.magnetogram_processed.npy;hmi.m_45s.2025.11.13_00_01_30_TAI.magnetogram_processed.npy;hmi.m_45s.2025.11.14_00_01_30_TAI.magnetogram_processed.npy;hmi.m_45s.2025.11.16_00_01_30_TAI.magnetogram_processed.npy
2025-11-12,2025-11-17,5.0,-0.7661998271942139,3,hmi.m_45s.2025.11.12_00_01_30_TAI.magnetogram_processed.npy;hmi.m_45s.2025.11.13_00_01_30_TAI.magnetogram_processed.npy;hmi.m_45s.2025.11.14_00_01_30_TAI.magnetogram_processed.npy;hmi.m_45s.2025.11.16_00_01_30_TAI.magnetogram_processed.npy;hmi.m_45s.2025.11.17_00_01_30_TAI.magnetogram_processed.npy
2025-11-13,2025-11-18,5.0,-0.3866255283355713,2,hmi.m_45s.2025.11.13_00_01_30_TAI.magnetogram_processed.npy;hmi.m_45s.2025.11.14_00_01_30_TAI.magnetogram_processed.npy;hmi.m_45s.2025.11.16_00_01_30_TAI.magnetogram_processed.npy;hmi.m_45s.2025.11.17_00_01_30_TAI.magnetogram_processed.npy;hmi.m_45s.2025.11.18_00_01_30_TAI.magnetogram_processed.npy
2025-11-14,2025-11-19,5.0,-0.310748815536499,2,hmi.m_45s.2025.11.14_00_01_30_TAI.magnetogram_processed.npy;hmi.m_45s.2025.11.16_00_01_30_TAI.magnetogram_processed.npy;hmi.m_45s.2025.11.17_00_01_30_TAI.magnetogram_processed.npy;hmi.m_45s.2025.11.18_00_01_30_TAI.magnetogram_processed.npy;hmi.m_45s.2025.11.19_00_01_30_TAI.magnetogram_processed.npy
2025-11-16,2025-11-22,6.0,-0.033605098724365234,2,hmi.m_45s.2025.11.16_00_01_30_TAI.magnetogram_processed.npy;hmi.m_45s.2025.11.17_00_01_30_TAI.magnetogram_processed.npy;hmi.m_45s.2025.11.18_00_01_30_TAI.magnetogram_processed.npy;hmi.m_45s.2025.11.19_00_01_30_TAI.magnetogram_processed.npy;hmi.m_45s.2025.11.22_00_01_30_TAI.magnetogram_processed.npy
2025-11-17,2025-11-23,6.0,-0.017958879470825195,2,hmi.m_45s.2025.11.17_00_01_30_TAI.magnetogram_processed.npy;hmi.m_45s.2025.11.18_00_01_30_TAI.magnetogram_processed.npy;hmi.m_45s.2025.11.19_00_01_30_TAI.magnetogram_processed.npy;hmi.m_45s.2025.11.22_00_01_30_TAI.magnetogram_processed.npy;hmi.m_45s.2025.11.23_00_01_30_TAI.magnetogram_processed.npy
2025-11-18,2025-11-25,7.0,0.08643269538879395,2,hmi.m_45s.2025.11.18_00_01_30_TAI.magnetogram_processed.npy;hmi.m_45s.2025.11.19_00_01_30_TAI.magnetogram_processed.npy;hmi.m_45s.2025.11.22_00_01_30_TAI.magnetogram_processed.npy;hmi.m_45s.2025.11.23_00_01_30_TAI.magnetogram_processed.npy;hmi.m_45s.2025.11.25_00_01_30_TAI.magnetogram_processed.npy
2025-11-19,2025-11-26,7.0,0.13234615325927757,1,hmi.m_45s.2025.11.19_00_01_30_TAI.magnetogram_processed.npy;hmi.m_45s.2025.11.22_00_01_30_TAI.magnetogram_processed.npy;hmi.m_45s.2025.11.23_00_01_30_TAI.magnetogram_processed.npy;hmi.m_45s.2025.11.25_00_01_30_TAI.magnetogram_processed.npy;hmi.m_45s.2025.11.26_00_01_30_TAI.magnetogram_processed.npy
2025-11-22,2025-11-27,5.0,0.20217895507812522,0,hmi.m_45s.2025.11.22_00_01_30_TAI.magnetogram_processed.npy;hmi.m_45s.2025.11.23_00_01_30_TAI.magnetogram_processed.npy;hmi.m_45s.2025.11.25_00_01_30_TAI.magnetogram_processed.npy;hmi.m_45s.2025.11.26_00_01_30_TAI.magnetogram_processed.npy;hmi.m_45s.2025.11.27_00_01_30_TAI.magnetogram_processed.npy
2025-11-23,2025-11-30,7.0,0.16083717346191384,1,hmi.m_45s.2025.11.23_00_01_30_TAI.magnetogram_processed.npy;hmi.m_45s.2025.11.25_00_01_30_TAI.magnetogram_processed.npy;hmi.m_45s.2025.11.26_00_01_30_TAI.magnetogram_processed.npy;hmi.m_45s.2025.11.27_00_01_30_TAI.magnetogram_processed.npy;hmi.m_45s.2025.11.30_00_01_30_TAI.magnetogram_processed.npy
2025-11-25,2025-12-02,7.0,0.24921894073486328,1,hmi.m_45s.2025.11.25_00_01_30_TAI.magnetogram_processed.npy;hmi.m_45s.2025.11.26_00_01_30_TAI.magnetogram_processed.npy;hmi.m_45s.2025.11.27_00_01_30_TAI.magnetogram_processed.npy;hmi.m_45s.2025.11.30_00_01_30_TAI.magnetogram_processed.npy;hmi.m_45s.2025.12.02_00_01_30_TAI.magnetogram_processed.npy
2025-11-26,2025-12-03,7.0,0.310629606246948,1,hmi.m_45s.2025.11.26_00_01_30_TAI.magnetogram_processed.npy;hmi.m_45s.2025.11.27_00_01_30_TAI.magnetogram_processed.npy;hmi.m_45s.2025.11.30_00_01_30_TAI.magnetogram_processed.npy;hmi.m_45s.2025.12.02_00_01_30_TAI.magnetogram_processed.npy;hmi.m_45s.2025.12.03_00_01_30_TAI.magnetogram_processed.npy
2025-11-27,2025-12-05,8.0,0.5109429359436033,1,hmi.m_45s.2025.11.27_00_01_30_TAI.magnetogram_processed.npy;hmi.m_45s.2025.11.30_00_01_30_TAI.magnetogram_processed.npy;hmi.m_45s.2025.12.02_00_01_30_TAI.magnetogram_processed.npy;hmi.m_45s.2025.12.03_00_01_30_TAI.magnetogram_processed.npy;hmi.m_45s.2025.12.05_00_01_30_TAI.magnetogram_processed.npy
2025-11-30,2025-12-06,6.0,0.5702137947082522,0,hmi.m_45s.2025.11.30_00_01_30_TAI.magnetogram_processed.npy;hmi.m_45s.2025.12.02_00_01_30_TAI.magnetogram_processed.npy;hmi.m_45s.2025.12.03_00_01_30_TAI.magnetogram_processed.npy;hmi.m_45s.2025.12.05_00_01_30_TAI.magnetogram_processed.npy;hmi.m_45s.2025.12.06_00_01_30_TAI.magnetogram_processed.npy
2025-12-02,2025-12-08,6.0,0.2843141555786133,1,hmi.m_45s.2025.12.02_00_01_30_TAI.magnetogram_processed.npy;hmi.m_45s.2025.12.03_00_01_30_TAI.magnetogram_processed.npy;hmi.m_45s.2025.12.05_00_01_30_TAI.magnetogram_processed.npy;hmi.m_45s.2025.12.06_00_01_30_TAI.magnetogram_processed.npy;hmi.m_45s.2025.12.08_00_01_30_TAI.magnetogram_processed.npy
2025-12-03,2025-12-09,6.0,0.08702278137207031,2,hmi.m_45s.2025.12.03_00_01_30_TAI.magnetogram_processed.npy;hmi.m_45s.2025.12.05_00_01_30_TAI.magnetogram_processed.npy;hmi.m_45s.2025.12.06_00_01_30_TAI.magnetogram_processed.npy;hmi.m_45s.2025.12.08_00_01_30_TAI.magnetogram_processed.npy;hmi.m_45s.2025.12.09_00_01_30_TAI.magnetogram_processed.npy
2025-12-05,2025-12-11,6.0,-0.44201016426086426,3,hmi.m_45s.2025.12.05_00_01_30_TAI.magnetogram_processed.npy;hmi.m_45s.2025.12.06_00_01_30_TAI.magnetogram_processed.npy;hmi.m_45s.2025.12.08_00_01_30_TAI.magnetogram_processed.npy;hmi.m_45s.2025.12.09_00_01_30_TAI.magnetogram_processed.npy;hmi.m_45s.2025.12.11_00_01_30_TAI.magnetogram_processed.npy
2025-12-06,2025-12-12,6.0,-0.6055057048797607,4,hmi.m_45s.2025.12.06_00_01_30_TAI.magnetogram_processed.npy;hmi.m_45s.2025.12.08_00_01_30_TAI.magnetogram_processed.npy;hmi.m_45s.2025.12.09_00_01_30_TAI.magnetogram_processed.npy;hmi.m_45s.2025.12.11_00_01_30_TAI.magnetogram_processed.npy;hmi.m_45s.2025.12.12_00_01_30_TAI.magnetogram_processed.npy
2025-12-08,2025-12-13,5.0,-0.6059288978576662,4,hmi.m_45s.2025.12.08_00_01_30_TAI.magnetogram_processed.npy;hmi.m_45s.2025.12.09_00_01_30_TAI.magnetogram_processed.npy;hmi.m_45s.2025.12.11_00_01_30_TAI.magnetogram_processed.npy;hmi.m_45s.2025.12.12_00_01_30_TAI.magnetogram_processed.npy;hmi.m_45s.2025.12.13_00_01_30_TAI.magnetogram_processed.npy
2025-12-09,2025-12-14,5.0,-0.5174756050109863,4,hmi.m_45s.2025.12.09_00_01_30_TAI.magnetogram_processed.npy;hmi.m_45s.2025.12.11_00_01_30_TAI.magnetogram_processed.npy;hmi.m_45s.2025.12.12_00_01_30_TAI.magnetogram_processed.npy;hmi.m_45s.2025.12.13_00_01_30_TAI.magnetogram_processed.npy;hmi.m_45s.2025.12.14_00_01_30_TAI.magnetogram_processed.npy
2025-12-11,2025-12-15,4.0,-0.20804405212402344,3,hmi.m_45s.2025.12.11_00_01_30_TAI.magnetogram_processed.npy;hmi.m_45s.2025.12.12_00_01_30_TAI.magnetogram_processed.npy;hmi.m_45s.2025.12.13_00_01_30_TAI.magnetogram_processed.npy;hmi.m_45s.2025.12.14_00_01_30_TAI.magnetogram_processed.npy;hmi.m_45s.2025.12.15_00_01_30_TAI.magnetogram_processed.npy
2025-12-12,2025-12-17,5.0,-0.1043081283569336,3,hmi.m_45s.2025.12.12_00_01_30_TAI.magnetogram_processed.npy;hmi.m_45s.2025.12.13_00_01_30_TAI.magnetogram_processed.npy;hmi.m_45s.2025.12.14_00_01_30_TAI.magnetogram_processed.npy;hmi.m_45s.2025.12.15_00_01_30_TAI.magnetogram_processed.npy;hmi.m_45s.2025.12.17_00_01_30_TAI.magnetogram_processed.npy
2025-12-13,2025-12-20,7.0,0.0006437301635744408,2,hmi.m_45s.2025.12.13_00_01_30_TAI.magnetogram_processed.npy;hmi.m_45s.2025.12.14_00_01_30_TAI.magnetogram_processed.npy;hmi.m_45s.2025.12.15_00_01_30_TAI.magnetogram_processed.npy;hmi.m_45s.2025.12.17_00_01_30_TAI.magnetogram_processed.npy;hmi.m_45s.2025.12.20_00_01_30_TAI.magnetogram_processed.npy
2026-01-07,2026-01-17,10.0,0.11778473854064941,2,hmi.m_45s.2026.01.07_00_01_30_TAI.magnetogram_processed.npy;hmi.m_45s.2026.01.12_00_01_30_TAI.magnetogram_processed.npy;hmi.m_45s.2026.01.14_00_01_30_TAI.magnetogram_processed.npy;hmi.m_45s.2026.01.16_00_01_30_TAI.magnetogram_processed.npy;hmi.m_45s.2026.01.17_00_01_30_TAI.magnetogram_processed.npy
2026-01-12,2026-01-18,6.0,0.3080010414123535,1,hmi.m_45s.2026.01.12_00_01_30_TAI.magnetogram_processed.npy;hmi.m_45s.2026.01.14_00_01_30_TAI.magnetogram_processed.npy;hmi.m_45s.2026.01.16_00_01_30_TAI.magnetogram_processed.npy;hmi.m_45s.2026.01.17_00_01_30_TAI.magnetogram_processed.npy;hmi.m_45s.2026.01.18_00_01_30_TAI.magnetogram_processed.npy
2026-01-14,2026-01-21,7.0,0.5030095577239992,0,hmi.m_45s.2026.01.14_00_01_30_TAI.magnetogram_processed.npy;hmi.m_45s.2026.01.16_00_01_30_TAI.magnetogram_processed.npy;hmi.m_45s.2026.01.17_00_01_30_TAI.magnetogram_processed.npy;hmi.m_45s.2026.01.18_00_01_30_TAI.magnetogram_processed.npy;hmi.m_45s.2026.01.21_00_01_30_TAI.magnetogram_processed.npy
2026-01-16,2026-01-22,6.0,0.36038756370544456,0,hmi.m_45s.2026.01.16_00_01_30_TAI.magnetogram_processed.npy;hmi.m_45s.2026.01.17_00_01_30_TAI.magnetogram_processed.npy;hmi.m_45s.2026.01.18_00_01_30_TAI.magnetogram_processed.npy;hmi.m_45s.2026.01.21_00_01_30_TAI.magnetogram_processed.npy;hmi.m_45s.2026.01.22_00_01_30_TAI.magnetogram_processed.npy
2026-01-17,2026-01-25,8.0,0.24515986442565918,1,hmi.m_45s.2026.01.17_00_01_30_TAI.magnetogram_processed.npy;hmi.m_45s.2026.01.18_00_01_30_TAI.magnetogram_processed.npy;hmi.m_45s.2026.01.21_00_01_30_TAI.magnetogram_processed.npy;hmi.m_45s.2026.01.22_00_01_30_TAI.magnetogram_processed.npy;hmi.m_45s.2026.01.25_00_01_30_TAI.magnetogram_processed.npy
2026-01-18,2026-01-26,8.0,0.11548399925231978,2,hmi.m_45s.2026.01.18_00_01_30_TAI.magnetogram_processed.npy;hmi.m_45s.2026.01.21_00_01_30_TAI.magnetogram_processed.npy;hmi.m_45s.2026.01.22_00_01_30_TAI.magnetogram_processed.npy;hmi.m_45s.2026.01.25_00_01_30_TAI.magnetogram_processed.npy;hmi.m_45s.2026.01.26_00_01_30_TAI.magnetogram_processed.npy
2026-01-21,2026-01-29,8.0,-0.19332170486450195,3,hmi.m_45s.2026.01.21_00_01_30_TAI.magnetogram_processed.npy;hmi.m_45s.2026.01.22_00_01_30_TAI.magnetogram_processed.npy;hmi.m_45s.2026.01.25_00_01_30_TAI.magnetogram_processed.npy;hmi.m_45s.2026.01.26_00_01_30_TAI.magnetogram_processed.npy;hmi.m_45s.2026.01.29_00_01_30_TAI.magnetogram_processed.npy
2026-01-22,2026-02-01,10.0,-0.16533732414245605,3,hmi.m_45s.2026.01.22_00_01_30_TAI.magnetogram_processed.npy;hmi.m_45s.2026.01.25_00_01_30_TAI.magnetogram_processed.npy;hmi.m_45s.2026.01.26_00_01_30_TAI.magnetogram_processed.npy;hmi.m_45s.2026.01.29_00_01_30_TAI.magnetogram_processed.npy;hmi.m_45s.2026.02.01_00_01_30_TAI.magnetogram_processed.npy
2026-01-25,2026-02-02,8.0,-0.18839240074157715,3,hmi.m_45s.2026.01.25_00_01_30_TAI.magnetogram_processed.npy;hmi.m_45s.2026.01.26_00_01_30_TAI.magnetogram_processed.npy;hmi.m_45s.2026.01.29_00_01_30_TAI.magnetogram_processed.npy;hmi.m_45s.2026.02.01_00_01_30_TAI.magnetogram_processed.npy;hmi.m_45s.2026.02.02_00_01_30_TAI.magnetogram_processed.npy
2026-01-26,2026-02-05,10.0,0.012004375457763228,2,hmi.m_45s.2026.01.26_00_01_30_TAI.magnetogram_processed.npy;hmi.m_45s.2026.01.29_00_01_30_TAI.magnetogram_processed.npy;hmi.m_45s.2026.02.01_00_01_30_TAI.magnetogram_processed.npy;hmi.m_45s.2026.02.02_00_01_30_TAI.magnetogram_processed.npy;hmi.m_45s.2026.02.05_00_01_30_TAI.magnetogram_processed.npy
2026-01-29,2026-02-06,8.0,0.15804171562194824,1,hmi.m_45s.2026.01.29_00_01_30_TAI.magnetogram_processed.npy;hmi.m_45s.2026.02.01_00_01_30_TAI.magnetogram_processed.npy;hmi.m_45s.2026.02.02_00_01_30_TAI.magnetogram_processed.npy;hmi.m_45s.2026.02.05_00_01_30_TAI.magnetogram_processed.npy;hmi.m_45s.2026.02.06_00_01_30_TAI.magnetogram_processed.npy
2026-02-01,2026-02-09,8.0,0.012487173080444336,2,hmi.m_45s.2026.02.01_00_01_30_TAI.magnetogram_processed.npy;hmi.m_45s.2026.02.02_00_01_30_TAI.magnetogram_processed.npy;hmi.m_45s.2026.02.05_00_01_30_TAI.magnetogram_processed.npy;hmi.m_45s.2026.02.06_00_01_30_TAI.magnetogram_processed.npy;hmi.m_45s.2026.02.09_00_01_30_TAI.magnetogram_processed.npy
2026-02-02,2026-02-11,9.0,-0.12017488479614258,2,hmi.m_45s.2026.02.02_00_01_30_TAI.magnetogram_processed.npy;hmi.m_45s.2026.02.05_00_01_30_TAI.magnetogram_processed.npy;hmi.m_45s.2026.02.06_00_01_30_TAI.magnetogram_processed.npy;hmi.m_45s.2026.02.09_00_01_30_TAI.magnetogram_processed.npy;hmi.m_45s.2026.02.11_00_01_30_TAI.magnetogram_processed.npy
2026-02-05,2026-02-13,8.0,-0.2923429012298586,3,hmi.m_45s.2026.02.05_00_01_30_TAI.magnetogram_processed.npy;hmi.m_45s.2026.02.06_00_01_30_TAI.magnetogram_processed.npy;hmi.m_45s.2026.02.09_00_01_30_TAI.magnetogram_processed.npy;hmi.m_45s.2026.02.11_00_01_30_TAI.magnetogram_processed.npy;hmi.m_45s.2026.02.13_00_01_30_TAI.magnetogram_processed.npy
2026-02-06,2026-02-15,9.0,-0.31468868255615234,3,hmi.m_45s.2026.02.06_00_01_30_TAI.magnetogram_processed.npy;hmi.m_45s.2026.02.09_00_01_30_TAI.magnetogram_processed.npy;hmi.m_45s.2026.02.11_00_01_30_TAI.magnetogram_processed.npy;hmi.m_45s.2026.02.13_00_01_30_TAI.magnetogram_processed.npy;hmi.m_45s.2026.02.15_00_01_30_TAI.magnetogram_processed.npy
2026-02-09,2026-02-17,8.0,-0.16903281211853027,2,hmi.m_45s.2026.02.09_00_01_30_TAI.magnetogram_processed.npy;hmi.m_45s.2026.02.11_00_01_30_TAI.magnetogram_processed.npy;hmi.m_45s.2026.02.13_00_01_30_TAI.magnetogram_processed.npy;hmi.m_45s.2026.02.15_00_01_30_TAI.magnetogram_processed.npy;hmi.m_45s.2026.02.17_00_01_30_TAI.magnetogram_processed.npy
2026-02-11,2026-02-19,8.0,0.0068187713623046875,2,hmi.m_45s.2026.02.11_00_01_30_TAI.magnetogram_processed.npy;hmi.m_45s.2026.02.13_00_01_30_TAI.magnetogram_processed.npy;hmi.m_45s.2026.02.15_00_01_30_TAI.magnetogram_processed.npy;hmi.m_45s.2026.02.17_00_01_30_TAI.magnetogram_processed.npy;hmi.m_45s.2026.02.19_00_01_30_TAI.magnetogram_processed.npy
2026-02-13,2026-02-22,9.0,-0.07219910621643044,2,hmi.m_45s.2026.02.13_00_01_30_TAI.magnetogram_processed.npy;hmi.m_45s.2026.02.15_00_01_30_TAI.magnetogram_processed.npy;hmi.m_45s.2026.02.17_00_01_30_TAI.magnetogram_processed.npy;hmi.m_45s.2026.02.19_00_01_30_TAI.magnetogram_processed.npy;hmi.m_45s.2026.02.22_00_01_30_TAI.magnetogram_processed.npy
2026-02-15,2026-02-24,9.0,0.07653236389160156,2,hmi.m_45s.2026.02.15_00_01_30_TAI.magnetogram_processed.npy;hmi.m_45s.2026.02.17_00_01_30_TAI.magnetogram_processed.npy;hmi.m_45s.2026.02.19_00_01_30_TAI.magnetogram_processed.npy;hmi.m_45s.2026.02.22_00_01_30_TAI.magnetogram_processed.npy;hmi.m_45s.2026.02.24_00_01_30_TAI.magnetogram_processed.npy
2026-02-17,2026-02-26,9.0,0.03452897071838379,2,hmi.m_45s.2026.02.17_00_01_30_TAI.magnetogram_processed.npy;hmi.m_45s.2026.02.19_00_01_30_TAI.magnetogram_processed.npy;hmi.m_45s.2026.02.22_00_01_30_TAI.magnetogram_processed.npy;hmi.m_45s.2026.02.24_00_01_30_TAI.magnetogram_processed.npy;hmi.m_45s.2026.02.26_00_01_30_TAI.magnetogram_processed.npy
2026-02-19,2026-02-27,8.0,0.026714801788330078,2,hmi.m_45s.2026.02.19_00_01_30_TAI.magnetogram_processed.npy;hmi.m_45s.2026.02.22_00_01_30_TAI.magnetogram_processed.npy;hmi.m_45s.2026.02.24_00_01_30_TAI.magnetogram_processed.npy;hmi.m_45s.2026.02.26_00_01_30_TAI.magnetogram_processed.npy;hmi.m_45s.2026.02.27_00_01_30_TAI.magnetogram_processed.npy
2026-02-22,2026-02-28,6.0,0.1157224178314209,2,hmi.m_45s.2026.02.22_00_01_30_TAI.magnetogram_processed.npy;hmi.m_45s.2026.02.24_00_01_30_TAI.magnetogram_processed.npy;hmi.m_45s.2026.02.26_00_01_30_TAI.magnetogram_processed.npy;hmi.m_45s.2026.02.27_00_01_30_TAI.magnetogram_processed.npy;hmi.m_45s.2026.02.28_00_01_30_TAI.magnetogram_processed.npy
2026-02-24,2026-03-02,6.0,0.12620091438293457,2,hmi.m_45s.2026.02.24_00_01_30_TAI.magnetogram_processed.npy;hmi.m_45s.2026.02.26_00_01_30_TAI.magnetogram_processed.npy;hmi.m_45s.2026.02.27_00_01_30_TAI.magnetogram_processed.npy;hmi.m_45s.2026.02.28_00_01_30_TAI.magnetogram_processed.npy;hmi.m_45s.2026.03.02_00_01_30_TAI.magnetogram_processed.npy
2026-02-26,2026-03-03,5.0,0.21259784698486328,2,hmi.m_45s.2026.02.26_00_01_30_TAI.magnetogram_processed.npy;hmi.m_45s.2026.02.27_00_01_30_TAI.magnetogram_processed.npy;hmi.m_45s.2026.02.28_00_01_30_TAI.magnetogram_processed.npy;hmi.m_45s.2026.03.02_00_01_30_TAI.magnetogram_processed.npy;hmi.m_45s.2026.03.03_00_01_30_TAI.magnetogram_processed.npy
2026-02-27,2026-03-04,5.0,0.1951456069946289,2,hmi.m_45s.2026.02.27_00_01_30_TAI.magnetogram_processed.npy;hmi.m_45s.2026.02.28_00_01_30_TAI.magnetogram_processed.npy;hmi.m_45s.2026.03.02_00_01_30_TAI.magnetogram_processed.npy;hmi.m_45s.2026.03.03_00_01_30_TAI.magnetogram_processed.npy;hmi.m_45s.2026.03.04_00_01_30_TAI.magnetogram_processed.npy
2026-02-28,2026-03-05,5.0,0.21045804023742676,2,hmi.m_45s.2026.02.28_00_01_30_TAI.magnetogram_processed.npy;hmi.m_45s.2026.03.02_00_01_30_TAI.magnetogram_processed.npy;hmi.m_45s.2026.03.03_00_01_30_TAI.magnetogram_processed.npy;hmi.m_45s.2026.03.04_00_01_30_TAI.magnetogram_processed.npy;hmi.m_45s.2026.03.05_00_01_30_TAI.magnetogram_processed.npy
2026-03-02,2026-03-06,4.0,0.051140785217285156,2,hmi.m_45s.2026.03.02_00_01_30_TAI.magnetogram_processed.npy;hmi.m_45s.2026.03.03_00_01_30_TAI.magnetogram_processed.npy;hmi.m_45s.2026.03.04_00_01_30_TAI.magnetogram_processed.npy;hmi.m_45s.2026.03.05_00_01_30_TAI.magnetogram_processed.npy;hmi.m_45s.2026.03.06_00_01_30_TAI.magnetogram_processed.npy
2026-03-03,2026-03-09,6.0,-0.25992393493652344,3,hmi.m_45s.2026.03.03_00_01_30_TAI.magnetogram_processed.npy;hmi.m_45s.2026.03.04_00_01_30_TAI.magnetogram_processed.npy;hmi.m_45s.2026.03.05_00_01_30_TAI.magnetogram_processed.npy;hmi.m_45s.2026.03.06_00_01_30_TAI.magnetogram_processed.npy;hmi.m_45s.2026.03.09_00_01_30_TAI.magnetogram_processed.npy
2026-03-04,2026-03-10,6.0,-0.3081560134887693,3,hmi.m_45s.2026.03.04_00_01_30_TAI.magnetogram_processed.npy;hmi.m_45s.2026.03.05_00_01_30_TAI.magnetogram_processed.npy;hmi.m_45s.2026.03.06_00_01_30_TAI.magnetogram_processed.npy;hmi.m_45s.2026.03.09_00_01_30_TAI.magnetogram_processed.npy;hmi.m_45s.2026.03.10_00_01_30_TAI.magnetogram_processed.npy
2026-03-05,2026-03-13,8.0,-0.31185150146484353,3,hmi.m_45s.2026.03.05_00_01_30_TAI.magnetogram_processed.npy;hmi.m_45s.2026.03.06_00_01_30_TAI.magnetogram_processed.npy;hmi.m_45s.2026.03.09_00_01_30_TAI.magnetogram_processed.npy;hmi.m_45s.2026.03.10_00_01_30_TAI.magnetogram_processed.npy;hmi.m_45s.2026.03.13_00_01_30_TAI.magnetogram_processed.npy
2026-03-06,2026-03-15,9.0,-0.35135149955749534,4,hmi.m_45s.2026.03.06_00_01_30_TAI.magnetogram_processed.npy;hmi.m_45s.2026.03.09_00_01_30_TAI.magnetogram_processed.npy;hmi.m_45s.2026.03.10_00_01_30_TAI.magnetogram_processed.npy;hmi.m_45s.2026.03.13_00_01_30_TAI.magnetogram_processed.npy;hmi.m_45s.2026.03.15_00_01_30_TAI.magnetogram_processed.npy
2026-03-09,2026-03-16,7.0,-0.06346702575683572,3,hmi.m_45s.2026.03.09_00_01_30_TAI.magnetogram_processed.npy;hmi.m_45s.2026.03.10_00_01_30_TAI.magnetogram_processed.npy;hmi.m_45s.2026.03.13_00_01_30_TAI.magnetogram_processed.npy;hmi.m_45s.2026.03.15_00_01_30_TAI.magnetogram_processed.npy;hmi.m_45s.2026.03.16_00_01_30_TAI.magnetogram_processed.npy
2026-03-10,2026-03-17,7.0,0.032824277877807395,2,hmi.m_45s.2026.03.10_00_01_30_TAI.magnetogram_processed.npy;hmi.m_45s.2026.03.13_00_01_30_TAI.magnetogram_processed.npy;hmi.m_45s.2026.03.15_00_01_30_TAI.magnetogram_processed.npy;hmi.m_45s.2026.03.16_00_01_30_TAI.magnetogram_processed.npy;hmi.m_45s.2026.03.17_00_01_30_TAI.magnetogram_processed.npy
2026-03-13,2026-03-20,7.0,-0.03955960273742698,2,hmi.m_45s.2026.03.13_00_01_30_TAI.magnetogram_processed.npy;hmi.m_45s.2026.03.15_00_01_30_TAI.magnetogram_processed.npy;hmi.m_45s.2026.03.16_00_01_30_TAI.magnetogram_processed.npy;hmi.m_45s.2026.03.17_00_01_30_TAI.magnetogram_processed.npy;hmi.m_45s.2026.03.20_00_01_30_TAI.magnetogram_processed.npy
2026-03-15,2026-03-21,6.0,-0.11259913444519021,2,hmi.m_45s.2026.03.15_00_01_30_TAI.magnetogram_processed.npy;hmi.m_45s.2026.03.16_00_01_30_TAI.magnetogram_processed.npy;hmi.m_45s.2026.03.17_00_01_30_TAI.magnetogram_processed.npy;hmi.m_45s.2026.03.20_00_01_30_TAI.magnetogram_processed.npy;hmi.m_45s.2026.03.21_00_01_30_TAI.magnetogram_processed.npy
2026-03-16,2026-03-22,6.0,-0.13523101806640647,2,hmi.m_45s.2026.03.16_00_01_30_TAI.magnetogram_processed.npy;hmi.m_45s.2026.03.17_00_01_30_TAI.magnetogram_processed.npy;hmi.m_45s.2026.03.20_00_01_30_TAI.magnetogram_processed.npy;hmi.m_45s.2026.03.21_00_01_30_TAI.magnetogram_processed.npy;hmi.m_45s.2026.03.22_00_01_30_TAI.magnetogram_processed.npy
2026-03-17,2026-03-23,6.0,-0.04717707633972146,2,hmi.m_45s.2026.03.17_00_01_30_TAI.magnetogram_processed.npy;hmi.m_45s.2026.03.20_00_01_30_TAI.magnetogram_processed.npy;hmi.m_45s.2026.03.21_00_01_30_TAI.magnetogram_processed.npy;hmi.m_45s.2026.03.22_00_01_30_TAI.magnetogram_processed.npy;hmi.m_45s.2026.03.23_00_01_30_TAI.magnetogram_processed.npy
2026-03-20,2026-03-27,7.0,0.2016305923461914,1,hmi.m_45s.2026.03.20_00_01_30_TAI.magnetogram_processed.npy;hmi.m_45s.2026.03.21_00_01_30_TAI.magnetogram_processed.npy;hmi.m_45s.2026.03.22_00_01_30_TAI.magnetogram_processed.npy;hmi.m_45s.2026.03.23_00_01_30_TAI.magnetogram_processed.npy;hmi.m_45s.2026.03.27_00_01_30_TAI.magnetogram_processed.npy
2026-03-21,2026-03-28,7.0,0.3156304359436035,0,hmi.m_45s.2026.03.21_00_01_30_TAI.magnetogram_processed.npy;hmi.m_45s.2026.03.22_00_01_30_TAI.magnetogram_processed.npy;hmi.m_45s.2026.03.23_00_01_30_TAI.magnetogram_processed.npy;hmi.m_45s.2026.03.27_00_01_30_TAI.magnetogram_processed.npy;hmi.m_45s.2026.03.28_00_01_30_TAI.magnetogram_processed.npy
2026-03-22,2026-03-29,7.0,0.28607845306396484,0,hmi.m_45s.2026.03.22_00_01_30_TAI.magnetogram_processed.npy;hmi.m_45s.2026.03.23_00_01_30_TAI.magnetogram_processed.npy;hmi.m_45s.2026.03.27_00_01_30_TAI.magnetogram_processed.npy;hmi.m_45s.2026.03.28_00_01_30_TAI.magnetogram_processed.npy;hmi.m_45s.2026.03.29_00_01_30_TAI.magnetogram_processed.npy
2026-03-23,2026-04-01,9.0,0.1923561096191404,0,hmi.m_45s.2026.03.23_00_01_30_TAI.magnetogram_processed.npy;hmi.m_45s.2026.03.27_00_01_30_TAI.magnetogram_processed.npy;hmi.m_45s.2026.03.28_00_01_30_TAI.magnetogram_processed.npy;hmi.m_45s.2026.03.29_00_01_30_TAI.magnetogram_processed.npy;hmi.m_45s.2026.04.01_00_01_30_TAI.magnetogram_processed.npy
2026-03-27,2026-04-04,8.0,-0.1097083091735842,1,hmi.m_45s.2026.03.27_00_01_30_TAI.magnetogram_processed.npy;hmi.m_45s.2026.03.28_00_01_30_TAI.magnetogram_processed.npy;hmi.m_45s.2026.03.29_00_01_30_TAI.magnetogram_processed.npy;hmi.m_45s.2026.04.01_00_01_30_TAI.magnetogram_processed.npy;hmi.m_45s.2026.04.04_00_01_30_TAI.magnetogram_processed.npy
2026-03-28,2026-04-06,9.0,-0.2044081687927246,2,hmi.m_45s.2026.03.28_00_01_30_TAI.magnetogram_processed.npy;hmi.m_45s.2026.03.29_00_01_30_TAI.magnetogram_processed.npy;hmi.m_45s.2026.04.01_00_01_30_TAI.magnetogram_processed.npy;hmi.m_45s.2026.04.04_00_01_30_TAI.magnetogram_processed.npy;hmi.m_45s.2026.04.06_00_01_30_TAI.magnetogram_processed.npy
2026-03-29,2026-04-07,9.0,-0.25097131729126,3,hmi.m_45s.2026.03.29_00_01_30_TAI.magnetogram_processed.npy;hmi.m_45s.2026.04.01_00_01_30_TAI.magnetogram_processed.npy;hmi.m_45s.2026.04.04_00_01_30_TAI.magnetogram_processed.npy;hmi.m_45s.2026.04.06_00_01_30_TAI.magnetogram_processed.npy;hmi.m_45s.2026.04.07_00_01_30_TAI.magnetogram_processed.npy
2026-04-01,2026-04-08,7.0,-0.34241676330566406,4,hmi.m_45s.2026.04.01_00_01_30_TAI.magnetogram_processed.npy;hmi.m_45s.2026.04.04_00_01_30_TAI.magnetogram_processed.npy;hmi.m_45s.2026.04.06_00_01_30_TAI.magnetogram_processed.npy;hmi.m_45s.2026.04.07_00_01_30_TAI.magnetogram_processed.npy;hmi.m_45s.2026.04.08_00_01_30_TAI.magnetogram_processed.npy
2026-04-04,2026-04-09,5.0,-0.2366065979003904,4,hmi.m_45s.2026.04.04_00_01_30_TAI.magnetogram_processed.npy;hmi.m_45s.2026.04.06_00_01_30_TAI.magnetogram_processed.npy;hmi.m_45s.2026.04.07_00_01_30_TAI.magnetogram_processed.npy;hmi.m_45s.2026.04.08_00_01_30_TAI.magnetogram_processed.npy;hmi.m_45s.2026.04.09_00_01_30_TAI.magnetogram_processed.npy
2026-04-06,2026-04-12,6.0,-0.1679539680480957,4,hmi.m_45s.2026.04.06_00_01_30_TAI.magnetogram_processed.npy;hmi.m_45s.2026.04.07_00_01_30_TAI.magnetogram_processed.npy;hmi.m_45s.2026.04.08_00_01_30_TAI.magnetogram_processed.npy;hmi.m_45s.2026.04.09_00_01_30_TAI.magnetogram_processed.npy;hmi.m_45s.2026.04.12_00_01_30_TAI.magnetogram_processed.npy
