source_row,metadata_rows,local_file,processed_file,sha256,record_tai,record_utc,day,csv_date_unknown_scale,target_si,target_provenance,split,shape,dtype
0,0,data/processed/hmi.m_45s.2016.02.03_00_01_30_TAI.magnetogram_processed.npy,hmi.m_45s.2016.02.03_00_01_30_TAI.magnetogram_processed.npy,1eb213cc891f9ac651080589ab1f58ebcf372d214899b933b0f375a564424f5f,2016-02-03T00:01:30,2016-02-03T00:00:54.000Z,2016-02-03,2016-02-03 00:00:24.200,1.6141116619110107,stored_original_4096x4096_pixel_percentage_not_recomputed_from_npy,train,"(512, 512)",float32
1,1,data/processed/hmi.m_45s.2016.02.06_00_01_30_TAI.magnetogram_processed.npy,hmi.m_45s.2016.02.06_00_01_30_TAI.magnetogram_processed.npy,da9cd0bdd41b6533ebda7e59982562ce6db2702be1d49283c1d01ef4527c34f6,2016-02-06T00:01:30,2016-02-06T00:00:54.000Z,2016-02-06,2016-02-06 00:00:24.500,1.7181217670440674,stored_original_4096x4096_pixel_percentage_not_recomputed_from_npy,train,"(512, 512)",float32
2,2,data/processed/hmi.m_45s.2016.02.08_00_01_30_TAI.magnetogram_processed.npy,hmi.m_45s.2016.02.08_00_01_30_TAI.magnetogram_processed.npy,04bd3dd09518bfd1352e7317df8e6cae035c8186eb815a99f7263ed4cb2e9e3d,2016-02-08T00:01:30,2016-02-08T00:00:54.000Z,2016-02-08,2016-02-08 00:00:24.600,1.807492971420288,stored_original_4096x4096_pixel_percentage_not_recomputed_from_npy,train,"(512, 512)",float32
3,3,data/processed/hmi.m_45s.2016.02.10_00_01_30_TAI.magnetogram_processed.npy,hmi.m_45s.2016.02.10_00_01_30_TAI.magnetogram_processed.npy,23da37767ccc0a6d5aee9d54edf11f08616a1950a0a3f6da953bd92a360d806a,2016-02-10T00:01:30,2016-02-10T00:00:54.000Z,2016-02-10,2016-02-10 00:00:24.800,1.8072664737701416,stored_original_4096x4096_pixel_percentage_not_recomputed_from_npy,train,"(512, 512)",float32
4,4,data/processed/hmi.m_45s.2016.02.12_00_01_30_TAI.magnetogram_processed.npy,hmi.m_45s.2016.02.12_00_01_30_TAI.magnetogram_processed.npy,3b813cdeae398307d87910b5f853a4f3a420cdf059bec734ae321b0dec74a6ba,2016-02-12T00:01:30,2016-02-12T00:00:54.000Z,2016-02-12,2016-02-12 00:00:25.000,1.728832721710205,stored_original_4096x4096_pixel_percentage_not_recomputed_from_npy,train,"(512, 512)",float32
5,5,data/processed/hmi.m_45s.2016.02.14_00_01_30_TAI.magnetogram_processed.npy,hmi.m_45s.2016.02.14_00_01_30_TAI.magnetogram_processed.npy,3c5588e7dcafa842d3b9c35705ab5ef9956844a9a16afdca3b241fec183313e5,2016-02-14T00:01:30,2016-02-14T00:00:54.000Z,2016-02-14,2016-02-14 00:00:25.200,1.675194501876831,stored_original_4096x4096_pixel_percentage_not_recomputed_from_npy,train,"(512, 512)",float32
6,6,data/processed/hmi.m_45s.2016.02.17_00_01_30_TAI.magnetogram_processed.npy,hmi.m_45s.2016.02.17_00_01_30_TAI.magnetogram_processed.npy,6fb8435aea6da6928067329656acde3fadf4093964a5f04415ca3ebe60662c7f,2016-02-17T00:01:30,2016-02-17T00:00:54.000Z,2016-02-17,2016-02-17 00:00:25.400,1.6606271266937256,stored_original_4096x4096_pixel_percentage_not_recomputed_from_npy,train,"(512, 512)",float32
7,7,data/processed/hmi.m_45s.2016.02.19_00_01_30_TAI.magnetogram_processed.npy,hmi.m_45s.2016.02.19_00_01_30_TAI.magnetogram_processed.npy,cfc92fce85df6845d5a8826c2d51c71393caea829b4d1fb6fe721e89da0c91b0,2016-02-19T00:01:30,2016-02-19T00:00:54.000Z,2016-02-19,2016-02-19 00:00:25.600,1.6949594020843506,stored_original_4096x4096_pixel_percentage_not_recomputed_from_npy,train,"(512, 512)",float32
8,8,data/processed/hmi.m_45s.2016.02.20_00_01_30_TAI.magnetogram_processed.npy,hmi.m_45s.2016.02.20_00_01_30_TAI.magnetogram_processed.npy,43de5b072890ee003a312be412c51bb5f15e97b5355799b3cd54bb512ef8c7c1,2016-02-20T00:01:30,2016-02-20T00:00:54.000Z,2016-02-20,2016-02-20 00:00:25.700,1.703554391860962,stored_original_4096x4096_pixel_percentage_not_recomputed_from_npy,train,"(512, 512)",float32
9,9;10,data/processed/hmi.m_45s.2016.02.21_00_01_30_TAI.magnetogram_processed.npy,hmi.m_45s.2016.02.21_00_01_30_TAI.magnetogram_processed.npy,db872162c24ad4d3e2647d3d6f1a17ebd2fac8793ef1c13efdceff1063d1f17f,2016-02-21T00:01:30,2016-02-21T00:00:54.000Z,2016-02-21,2016-02-21 00:00:25.800,1.7577707767486572,stored_original_4096x4096_pixel_percentage_not_recomputed_from_npy,train,"(512, 512)",float32
11,11,data/processed/hmi.m_45s.2016.02.23_00_01_30_TAI.magnetogram_processed.npy,hmi.m_45s.2016.02.23_00_01_30_TAI.magnetogram_processed.npy,48e26e00070937d747d6fc678443c4337e4edad71aacfdf7a94053871d21c968,2016-02-23T00:01:30,2016-02-23T00:00:54.000Z,2016-02-23,2016-02-23 00:00:26.100,1.6902685165405271,stored_original_4096x4096_pixel_percentage_not_recomputed_from_npy,train,"(512, 512)",float32
12,12,data/processed/hmi.m_45s.2016.02.28_00_01_30_TAI.magnetogram_processed.npy,hmi.m_45s.2016.02.28_00_01_30_TAI.magnetogram_processed.npy,13e3cf5a3da1f61a38494927ace479a3ddf91dec78a7e6dec26d616b2049c33d,2016-02-28T00:01:30,2016-02-28T00:00:54.000Z,2016-02-28,2016-02-28 00:00:26.700,1.701819896697998,stored_original_4096x4096_pixel_percentage_not_recomputed_from_npy,train,"(512, 512)",float32
13,13,data/processed/hmi.m_45s.2016.02.29_00_01_30_TAI.magnetogram_processed.npy,hmi.m_45s.2016.02.29_00_01_30_TAI.magnetogram_processed.npy,0e0649adde340f2031e927a55cf8c15b8531d31d3704e2836ab81913b29356f9,2016-02-29T00:01:30,2016-02-29T00:00:54.000Z,2016-02-29,2016-02-29 00:00:26.800,1.7044484615325928,stored_original_4096x4096_pixel_percentage_not_recomputed_from_npy,train,"(512, 512)",float32
14,14,data/processed/hmi.m_45s.2016.03.01_00_01_30_TAI.magnetogram_processed.npy,hmi.m_45s.2016.03.01_00_01_30_TAI.magnetogram_processed.npy,387ec9c350a52dbca5fd99766017aae4f349626cbcd87327219dbfeb4bc9e47f,2016-03-01T00:01:30,2016-03-01T00:00:54.000Z,2016-03-01,2016-03-01 00:00:26.900,1.6945123672485352,stored_original_4096x4096_pixel_percentage_not_recomputed_from_npy,train,"(512, 512)",float32
15,15,data/processed/hmi.m_45s.2016.03.02_00_01_30_TAI.magnetogram_processed.npy,hmi.m_45s.2016.03.02_00_01_30_TAI.magnetogram_processed.npy,6ffb8ad557fc5c1d6e8edfd601754abd16e9e8e50b02d16d50db835629e14414,2016-03-02T00:01:30,2016-03-02T00:00:54.000Z,2016-03-02,2016-03-02 00:00:27.000,1.678389310836792,stored_original_4096x4096_pixel_percentage_not_recomputed_from_npy,train,"(512, 512)",float32
16,16,data/processed/hmi.m_45s.2016.03.03_00_01_30_TAI.magnetogram_processed.npy,hmi.m_45s.2016.03.03_00_01_30_TAI.magnetogram_processed.npy,b879f24ae0467e21d2e3de5c5f7af47c6ac22e011662fd4d6a588d853c377ee8,2016-03-03T00:01:30,2016-03-03T00:00:54.000Z,2016-03-03,2016-03-03 00:00:27.200,1.6823947429656982,stored_original_4096x4096_pixel_percentage_not_recomputed_from_npy,train,"(512, 512)",float32
17,17,data/processed/hmi.m_45s.2016.03.09_00_01_30_TAI.magnetogram_processed.npy,hmi.m_45s.2016.03.09_00_01_30_TAI.magnetogram_processed.npy,c98e3ed77badb9408c61da132240cca153d61bdbf876064df9f4f66c492bd928,2016-03-09T00:01:30,2016-03-09T00:00:54.000Z,2016-03-09,2016-03-09 00:00:27.900,1.7582893371582031,stored_original_4096x4096_pixel_percentage_not_recomputed_from_npy,train,"(512, 512)",float32
18,18;19,data/processed/hmi.m_45s.2016.03.10_00_01_30_TAI.magnetogram_processed.npy,hmi.m_45s.2016.03.10_00_01_30_TAI.magnetogram_processed.npy,91e9da6ad2c5772ba24e81a35a278e28c8de90bf69c0a4bc7a50d58c48ce26a6,2016-03-10T00:01:30,2016-03-10T00:00:54.000Z,2016-03-10,2016-03-10 00:00:28.100,1.7211973667144775,stored_original_4096x4096_pixel_percentage_not_recomputed_from_npy,train,"(512, 512)",float32
20,20;21;22,data/processed/hmi.m_45s.2016.03.16_00_01_30_TAI.magnetogram_processed.npy,hmi.m_45s.2016.03.16_00_01_30_TAI.magnetogram_processed.npy,fdb425274600d578f070f94a0034a114e8be44e77c6e4fd6cde90ecfaa9c8167,2016-03-16T00:01:30,2016-03-16T00:00:54.000Z,2016-03-16,2016-03-16 00:00:28.900,1.716327667236328,stored_original_4096x4096_pixel_percentage_not_recomputed_from_npy,train,"(512, 512)",float32
23,23,data/processed/hmi.m_45s.2016.03.20_00_01_30_TAI.magnetogram_processed.npy,hmi.m_45s.2016.03.20_00_01_30_TAI.magnetogram_processed.npy,8bd1cc8171b1a68f15bb0110ed64cea3f9903a0ba2daa672e14015719ee53950,2016-03-20T00:01:30,2016-03-20T00:00:54.000Z,2016-03-20,2016-03-20 00:00:29.400,1.7047762870788574,stored_original_4096x4096_pixel_percentage_not_recomputed_from_npy,train,"(512, 512)",float32
24,24;25,data/processed/hmi.m_45s.2016.03.23_00_01_30_TAI.magnetogram_processed.npy,hmi.m_45s.2016.03.23_00_01_30_TAI.magnetogram_processed.npy,b35cd3aa4bbf752e5d3915f514d987762c828029824fdff1a4bc739b498e1419,2016-03-23T00:01:30,2016-03-23T00:00:54.000Z,2016-03-23,2016-03-23 00:00:29.800,1.676088571548462,stored_original_4096x4096_pixel_percentage_not_recomputed_from_npy,train,"(512, 512)",float32
26,26;27,data/processed/hmi.m_45s.2016.03.25_00_01_30_TAI.magnetogram_processed.npy,hmi.m_45s.2016.03.25_00_01_30_TAI.magnetogram_processed.npy,4bc3f8cfcd8492c0b0a0fcaf4ac505d550cab29ffb364b44c56f12564a7b754e,2016-03-25T00:01:30,2016-03-25T00:00:54.000Z,2016-03-25,2016-03-25 00:00:30.100,1.6830861568450928,stored_original_4096x4096_pixel_percentage_not_recomputed_from_npy,train,"(512, 512)",float32
28,28;29,data/processed/hmi.m_45s.2016.03.26_00_01_30_TAI.magnetogram_processed.npy,hmi.m_45s.2016.03.26_00_01_30_TAI.magnetogram_processed.npy,718d1f42dbf30002d0b6533511ec0839986279dbb6fa9c758cc83f1405a05805,2016-03-26T00:01:30,2016-03-26T00:00:54.000Z,2016-03-26,2016-03-26 00:00:30.300,1.682579517364502,stored_original_4096x4096_pixel_percentage_not_recomputed_from_npy,train,"(512, 512)",float32
30,30;31;32,data/processed/hmi.m_45s.2016.03.29_00_01_30_TAI.magnetogram_processed.npy,hmi.m_45s.2016.03.29_00_01_30_TAI.magnetogram_processed.npy,2920c38c848b8f65f7052e1f6701bdeeef907fd2c0ffc7328b7e21acfa94e9b7,2016-03-29T00:01:30,2016-03-29T00:00:54.000Z,2016-03-29,2016-03-29 00:00:30.700,1.621764898300171,stored_original_4096x4096_pixel_percentage_not_recomputed_from_npy,selection_validation,"(512, 512)",float32
33,33,data/processed/hmi.m_45s.2016.03.30_00_01_30_TAI.magnetogram_processed.npy,hmi.m_45s.2016.03.30_00_01_30_TAI.magnetogram_processed.npy,38bb32260c1ddf7b092c6b955a1074bb501a911f0e9c3065ecc58548c5247538,2016-03-30T00:01:30,2016-03-30T00:00:54.000Z,2016-03-30,2016-03-30 00:00:30.800,1.6189098358154297,stored_original_4096x4096_pixel_percentage_not_recomputed_from_npy,train,"(512, 512)",float32
34,34,data/processed/hmi.m_45s.2016.03.31_00_01_30_TAI.magnetogram_processed.npy,hmi.m_45s.2016.03.31_00_01_30_TAI.magnetogram_processed.npy,b64ff56be3d6e7f5679ff38d03e7c95671209cf7c08b40c7185c87259bd69bd2,2016-03-31T00:01:30,2016-03-31T00:00:54.000Z,2016-03-31,2016-03-31 00:00:31.000,1.6248345375061035,stored_original_4096x4096_pixel_percentage_not_recomputed_from_npy,train,"(512, 512)",float32
35,35,data/processed/hmi.m_45s.2016.04.02_00_01_30_TAI.magnetogram_processed.npy,hmi.m_45s.2016.04.02_00_01_30_TAI.magnetogram_processed.npy,233d77179d1f244c16f3eb1a304737e32e01d4f863abbe2f89c4e9e8f07b91ae,2016-04-02T00:01:30,2016-04-02T00:00:54.000Z,2016-04-02,2016-04-02 00:00:31.300,1.6419410705566406,stored_original_4096x4096_pixel_percentage_not_recomputed_from_npy,train,"(512, 512)",float32
36,36,data/processed/hmi.m_45s.2016.04.04_00_01_30_TAI.magnetogram_processed.npy,hmi.m_45s.2016.04.04_00_01_30_TAI.magnetogram_processed.npy,e017280ab23e22694569af144ea62647f71e5aaa07f1ea5fa88d7115740d2e93,2016-04-04T00:01:30,2016-04-04T00:00:54.000Z,2016-04-04,2016-04-04 00:00:31.600,1.6240298748016355,stored_original_4096x4096_pixel_percentage_not_recomputed_from_npy,train,"(512, 512)",float32
37,37;38,data/processed/hmi.m_45s.2016.04.05_00_01_30_TAI.magnetogram_processed.npy,hmi.m_45s.2016.04.05_00_01_30_TAI.magnetogram_processed.npy,efe77fabfb6f181ac71233d6807d35e3006bc8a75713a69be9792f35c320df26,2016-04-05T00:01:30,2016-04-05T00:00:54.000Z,2016-04-05,2016-04-05 00:00:31.700,1.656949520111084,stored_original_4096x4096_pixel_percentage_not_recomputed_from_npy,train,"(512, 512)",float32
39,39;40,data/processed/hmi.m_45s.2016.04.06_00_01_30_TAI.magnetogram_processed.npy,hmi.m_45s.2016.04.06_00_01_30_TAI.magnetogram_processed.npy,a300dc4fec4cf04ed040ae68d6186bf4e781ffc5e5201509ce4512cedb5adf6c,2016-04-06T00:01:30,2016-04-06T00:00:54.000Z,2016-04-06,2016-04-06 00:00:31.900,1.6188561916351318,stored_original_4096x4096_pixel_percentage_not_recomputed_from_npy,selection_validation,"(512, 512)",float32
41,41;42,data/processed/hmi.m_45s.2016.04.07_00_01_30_TAI.magnetogram_processed.npy,hmi.m_45s.2016.04.07_00_01_30_TAI.magnetogram_processed.npy,eb6a50965ff0487612c755f608cfe68247a6496931e07b24c9963de61a713caf,2016-04-07T00:01:30,2016-04-07T00:00:54.000Z,2016-04-07,2016-04-07 00:00:32.000,1.564168930053711,stored_original_4096x4096_pixel_percentage_not_recomputed_from_npy,train,"(512, 512)",float32
43,43,data/processed/hmi.m_45s.2016.04.11_00_01_30_TAI.magnetogram_processed.npy,hmi.m_45s.2016.04.11_00_01_30_TAI.magnetogram_processed.npy,73dc15eb1d25bcb693516f6c8a5aba8e4f4f6223996ec8a36856288334cb8274,2016-04-11T00:01:30,2016-04-11T00:00:54.000Z,2016-04-11,2016-04-11 00:00:32.600,1.685953140258789,stored_original_4096x4096_pixel_percentage_not_recomputed_from_npy,selection_validation,"(512, 512)",float32
44,44,data/processed/hmi.m_45s.2016.04.12_00_01_30_TAI.magnetogram_processed.npy,hmi.m_45s.2016.04.12_00_01_30_TAI.magnetogram_processed.npy,dbad0a3e9f9a8c46f68f3c0a469ebf857bef76a446c9dae734d9fe15c3ef9613,2016-04-12T00:01:30,2016-04-12T00:00:54.000Z,2016-04-12,2016-04-12 00:00:32.700,1.7225325107574463,stored_original_4096x4096_pixel_percentage_not_recomputed_from_npy,selection_validation,"(512, 512)",float32
45,45,data/processed/hmi.m_45s.2016.04.15_00_01_30_TAI.magnetogram_processed.npy,hmi.m_45s.2016.04.15_00_01_30_TAI.magnetogram_processed.npy,84dd25922f6b1055fff99cf764c41b582dfeae91ee6b883a4df9a55367c4f7e3,2016-04-15T00:01:30,2016-04-15T00:00:54.000Z,2016-04-15,2016-04-15 00:00:33.100,1.756197214126587,stored_original_4096x4096_pixel_percentage_not_recomputed_from_npy,train,"(512, 512)",float32
46,46,data/processed/hmi.m_45s.2016.04.18_00_01_30_TAI.magnetogram_processed.npy,hmi.m_45s.2016.04.18_00_01_30_TAI.magnetogram_processed.npy,2479e1aaa937e49585413557ecbf7b3ef5d2c7a1ae1c83ce5a2da1006b5f0384,2016-04-18T00:01:30,2016-04-18T00:00:54.000Z,2016-04-18,2016-04-18 00:00:33.500,1.639699935913086,stored_original_4096x4096_pixel_percentage_not_recomputed_from_npy,train,"(512, 512)",float32
47,47,data/processed/hmi.m_45s.2016.04.22_00_01_30_TAI.magnetogram_processed.npy,hmi.m_45s.2016.04.22_00_01_30_TAI.magnetogram_processed.npy,d4a012e3e88b2fc52ef7ab2822c04325a5b9202965a0343a096c7022446d9789,2016-04-22T00:01:30,2016-04-22T00:00:54.000Z,2016-04-22,2016-04-22 00:00:34.100,1.5061438083648682,stored_original_4096x4096_pixel_percentage_not_recomputed_from_npy,train,"(512, 512)",float32
48,48;49,data/processed/hmi.m_45s.2016.04.23_00_01_30_TAI.magnetogram_processed.npy,hmi.m_45s.2016.04.23_00_01_30_TAI.magnetogram_processed.npy,362681aed30a98056820a2eb87974090c0fa030bacd1babbda5bf5d261ecb938,2016-04-23T00:01:30,2016-04-23T00:00:54.000Z,2016-04-23,2016-04-23 00:00:34.200,1.494830846786499,stored_original_4096x4096_pixel_percentage_not_recomputed_from_npy,train,"(512, 512)",float32
50,50;51,data/processed/hmi.m_45s.2016.04.25_00_01_30_TAI.magnetogram_processed.npy,hmi.m_45s.2016.04.25_00_01_30_TAI.magnetogram_processed.npy,d021ca09b8120230c35dab276d69d1c312f7157f67ce457279205985cc9152ab,2016-04-25T00:01:30,2016-04-25T00:00:54.000Z,2016-04-25,2016-04-25 00:00:34.500,1.5110254287719729,stored_original_4096x4096_pixel_percentage_not_recomputed_from_npy,train,"(512, 512)",float32
52,52,data/processed/hmi.m_45s.2016.04.26_00_01_30_TAI.magnetogram_processed.npy,hmi.m_45s.2016.04.26_00_01_30_TAI.magnetogram_processed.npy,196add569ce68d27ef4a8ae8e1d94762d660e01155f544051f60ba50fde631f7,2016-04-26T00:01:30,2016-04-26T00:00:54.000Z,2016-04-26,2016-04-26 00:00:34.600,1.502394676208496,stored_original_4096x4096_pixel_percentage_not_recomputed_from_npy,train,"(512, 512)",float32
53,53,data/processed/hmi.m_45s.2016.05.01_00_01_30_TAI.magnetogram_processed.npy,hmi.m_45s.2016.05.01_00_01_30_TAI.magnetogram_processed.npy,07677de91aae03067c048627bc3bf73e93c8086ccb9ed0bc8c1ddbda9ad376df,2016-05-01T00:01:30,2016-05-01T00:00:54.000Z,2016-05-01,2016-05-01 00:00:35.300,1.53467059135437,stored_original_4096x4096_pixel_percentage_not_recomputed_from_npy,train,"(512, 512)",float32
54,54;55,data/processed/hmi.m_45s.2016.05.05_00_01_30_TAI.magnetogram_processed.npy,hmi.m_45s.2016.05.05_00_01_30_TAI.magnetogram_processed.npy,3b199d838045f7867efd917e5e71be3554b393b50b4eaa18f20af2a35ec68f96,2016-05-05T00:01:30,2016-05-05T00:00:54.000Z,2016-05-05,2016-05-05 00:00:35.800,1.6720950603485107,stored_original_4096x4096_pixel_percentage_not_recomputed_from_npy,train,"(512, 512)",float32
56,56,data/processed/hmi.m_45s.2016.05.08_00_01_30_TAI.magnetogram_processed.npy,hmi.m_45s.2016.05.08_00_01_30_TAI.magnetogram_processed.npy,3118c75f6e7c789ab6fb21fb101fbf630157e885bc1327e0680e0a037573d312,2016-05-08T00:01:30,2016-05-08T00:00:54.000Z,2016-05-08,2016-05-08 00:00:36.200,1.5258491039276123,stored_original_4096x4096_pixel_percentage_not_recomputed_from_npy,train,"(512, 512)",float32
57,57,data/processed/hmi.m_45s.2016.05.13_00_01_30_TAI.magnetogram_processed.npy,hmi.m_45s.2016.05.13_00_01_30_TAI.magnetogram_processed.npy,85b5b5c4e84f6ea5d02aa29f2c2136aa47043cd7d2b99035a68e48a505f2d04c,2016-05-13T00:01:30,2016-05-13T00:00:54.000Z,2016-05-13,2016-05-13 00:00:36.700,2.399522066116333,stored_original_4096x4096_pixel_percentage_not_recomputed_from_npy,train,"(512, 512)",float32
58,58,data/processed/hmi.m_45s.2016.05.17_00_01_30_TAI.magnetogram_processed.npy,hmi.m_45s.2016.05.17_00_01_30_TAI.magnetogram_processed.npy,7be1e8c76f865f8f31d3386c16a26a553c2130cbfd2b9b12b957532aa9086988,2016-05-17T00:01:30,2016-05-17T00:00:54.000Z,2016-05-17,2016-05-17 00:00:37.100,1.5255391597747805,stored_original_4096x4096_pixel_percentage_not_recomputed_from_npy,selection_validation,"(512, 512)",float32
59,59,data/processed/hmi.m_45s.2016.05.18_00_01_30_TAI.magnetogram_processed.npy,hmi.m_45s.2016.05.18_00_01_30_TAI.magnetogram_processed.npy,412b913221b01ba3afde1668c7d6f01acdc4b94c3d68d79cdb96567517b7b920,2016-05-18T00:01:30,2016-05-18T00:00:54.000Z,2016-05-18,2016-05-18 00:00:37.200,1.5886783599853516,stored_original_4096x4096_pixel_percentage_not_recomputed_from_npy,selection_validation,"(512, 512)",float32
60,60,data/processed/hmi.m_45s.2016.05.19_00_01_30_TAI.magnetogram_processed.npy,hmi.m_45s.2016.05.19_00_01_30_TAI.magnetogram_processed.npy,00267fa3876c42a53a1400157572867fa85ae856c6f59cf5d40cb0fbcda7ce37,2016-05-19T00:01:30,2016-05-19T00:00:54.000Z,2016-05-19,2016-05-19 00:00:37.300,1.5778064727783203,stored_original_4096x4096_pixel_percentage_not_recomputed_from_npy,train,"(512, 512)",float32
61,61,data/processed/hmi.m_45s.2016.05.20_00_01_30_TAI.magnetogram_processed.npy,hmi.m_45s.2016.05.20_00_01_30_TAI.magnetogram_processed.npy,acf39a1665cfa8d2febeabd84cfa46a2a9f99be8d865e67de675161b14d743a5,2016-05-20T00:01:30,2016-05-20T00:00:54.000Z,2016-05-20,2016-05-20 00:00:37.400,1.5599429607391355,stored_original_4096x4096_pixel_percentage_not_recomputed_from_npy,train,"(512, 512)",float32
62,62;63,data/processed/hmi.m_45s.2016.05.21_00_01_30_TAI.magnetogram_processed.npy,hmi.m_45s.2016.05.21_00_01_30_TAI.magnetogram_processed.npy,77214b942d3d6d5a0d0b1e413faf139253265754de60444b4a1a2ca94c184cad,2016-05-21T00:01:30,2016-05-21T00:00:54.000Z,2016-05-21,2016-05-21 00:00:37.500,1.5538036823272705,stored_original_4096x4096_pixel_percentage_not_recomputed_from_npy,train,"(512, 512)",float32
64,64,data/processed/hmi.m_45s.2016.05.22_00_01_30_TAI.magnetogram_processed.npy,hmi.m_45s.2016.05.22_00_01_30_TAI.magnetogram_processed.npy,986f63bc8688bfb79dd9031a9eb6f485f14560c246a24ac1ac65fc467a78b128,2016-05-22T00:01:30,2016-05-22T00:00:54.000Z,2016-05-22,2016-05-22 00:00:37.600,1.5210390090942385,stored_original_4096x4096_pixel_percentage_not_recomputed_from_npy,selection_validation,"(512, 512)",float32
65,65,data/processed/hmi.m_45s.2016.06.01_00_01_30_TAI.magnetogram_processed.npy,hmi.m_45s.2016.06.01_00_01_30_TAI.magnetogram_processed.npy,cb94e0dcf1c55c9c47c6fc14e317d02553932e2b38eb5adba018e153b2fa1591,2016-06-01T00:01:30,2016-06-01T00:00:54.000Z,2016-06-01,2016-06-01 00:00:38.500,1.4202415943145752,stored_original_4096x4096_pixel_percentage_not_recomputed_from_npy,selection_validation,"(512, 512)",float32
66,66;67,data/processed/hmi.m_45s.2016.06.02_00_01_30_TAI.magnetogram_processed.npy,hmi.m_45s.2016.06.02_00_01_30_TAI.magnetogram_processed.npy,09cea1594aab60c810370ae86151855ae9411e125fe09bdbcc82cf66ba5a770e,2016-06-02T00:01:30,2016-06-02T00:00:54.000Z,2016-06-02,2016-06-02 00:00:38.600,1.4130651950836182,stored_original_4096x4096_pixel_percentage_not_recomputed_from_npy,train,"(512, 512)",float32
68,68;69,data/processed/hmi.m_45s.2016.06.05_00_01_30_TAI.magnetogram_processed.npy,hmi.m_45s.2016.06.05_00_01_30_TAI.magnetogram_processed.npy,069cec9ca71909f1ef85ea22aadeb8ba15897015a42622db4b4fd21440fd9b43,2016-06-05T00:01:30,2016-06-05T00:00:54.000Z,2016-06-05,2016-06-05 00:00:38.800,1.4080345630645752,stored_original_4096x4096_pixel_percentage_not_recomputed_from_npy,selection_validation,"(512, 512)",float32
70,70,data/processed/hmi.m_45s.2016.06.07_00_01_30_TAI.magnetogram_processed.npy,hmi.m_45s.2016.06.07_00_01_30_TAI.magnetogram_processed.npy,ca63f0512d5a4bee1c93c34a705a508dde6b4c205feca1ffb911012cf1323f89,2016-06-07T00:01:30,2016-06-07T00:00:54.000Z,2016-06-07,2016-06-07 00:00:38.900,1.440960168838501,stored_original_4096x4096_pixel_percentage_not_recomputed_from_npy,train,"(512, 512)",float32
71,71,data/processed/hmi.m_45s.2016.06.09_00_01_30_TAI.magnetogram_processed.npy,hmi.m_45s.2016.06.09_00_01_30_TAI.magnetogram_processed.npy,3ccbb0edeccb56c16a2da59f08b774b2815474949883aac8fd56825fbd3e0f72,2016-06-09T00:01:30,2016-06-09T00:00:54.000Z,2016-06-09,2016-06-09 00:00:39.000,1.3797760009765625,stored_original_4096x4096_pixel_percentage_not_recomputed_from_npy,train,"(512, 512)",float32
72,72;73;74,data/processed/hmi.m_45s.2016.06.11_00_01_30_TAI.magnetogram_processed.npy,hmi.m_45s.2016.06.11_00_01_30_TAI.magnetogram_processed.npy,88966cd7183b75d2227c928e71021acd51fa18779188b6d2a44cba56f850b795,2016-06-11T00:01:30,2016-06-11T00:00:54.000Z,2016-06-11,2016-06-11 00:00:39.200,1.3547539710998535,stored_original_4096x4096_pixel_percentage_not_recomputed_from_npy,selection_validation,"(512, 512)",float32
75,75,data/processed/hmi.m_45s.2016.06.13_00_01_30_TAI.magnetogram_processed.npy,hmi.m_45s.2016.06.13_00_01_30_TAI.magnetogram_processed.npy,40ae3c4f334e1c55815068b400434c68e967ba847cc15176e0d052a5f41b5084,2016-06-13T00:01:30,2016-06-13T00:00:54.000Z,2016-06-13,2016-06-13 00:00:39.300,1.4049172401428225,stored_original_4096x4096_pixel_percentage_not_recomputed_from_npy,train,"(512, 512)",float32
76,76,data/processed/hmi.m_45s.2016.06.15_00_01_30_TAI.magnetogram_processed.npy,hmi.m_45s.2016.06.15_00_01_30_TAI.magnetogram_processed.npy,12a4849d73e03b80072b6ef430f20512922ede9e962832c358cff79e2727afdc,2016-06-15T00:01:30,2016-06-15T00:00:54.000Z,2016-06-15,2016-06-15 00:00:39.300,1.4504790306091309,stored_original_4096x4096_pixel_percentage_not_recomputed_from_npy,selection_validation,"(512, 512)",float32
77,77,data/processed/hmi.m_45s.2016.06.16_00_01_30_TAI.magnetogram_processed.npy,hmi.m_45s.2016.06.16_00_01_30_TAI.magnetogram_processed.npy,54dcb33d1b90bea05eb87b25eb9168bcd548f11760b91e1083256cfbc3155889,2016-06-16T00:01:30,2016-06-16T00:00:54.000Z,2016-06-16,2016-06-16 00:00:39.400,1.4442503452301023,stored_original_4096x4096_pixel_percentage_not_recomputed_from_npy,train,"(512, 512)",float32
78,78,data/processed/hmi.m_45s.2016.06.19_00_01_30_TAI.magnetogram_processed.npy,hmi.m_45s.2016.06.19_00_01_30_TAI.magnetogram_processed.npy,85569b97a29853354daac513b5c7de23a8a477b3a054a755a49dc84059f8f14e,2016-06-19T00:01:30,2016-06-19T00:00:54.000Z,2016-06-19,2016-06-19 00:00:39.500,1.4405786991119385,stored_original_4096x4096_pixel_percentage_not_recomputed_from_npy,selection_validation,"(512, 512)",float32
79,79,data/processed/hmi.m_45s.2016.06.21_00_01_30_TAI.magnetogram_processed.npy,hmi.m_45s.2016.06.21_00_01_30_TAI.magnetogram_processed.npy,ed444a81c4b00e514bff068f337bdf3b64838e24716a23889a50d300ece8cf1c,2016-06-21T00:01:30,2016-06-21T00:00:54.000Z,2016-06-21,2016-06-21 00:00:39.600,1.3901174068450928,stored_original_4096x4096_pixel_percentage_not_recomputed_from_npy,train,"(512, 512)",float32
80,80;81,data/processed/hmi.m_45s.2016.06.25_00_01_30_TAI.magnetogram_processed.npy,hmi.m_45s.2016.06.25_00_01_30_TAI.magnetogram_processed.npy,421ff2ae37ad30cad664db7ad9e6bbc1d51425d72d39deebdf37b67ad8fa9a28,2016-06-25T00:01:30,2016-06-25T00:00:54.000Z,2016-06-25,2016-06-25 00:00:39.700,1.2684345245361328,stored_original_4096x4096_pixel_percentage_not_recomputed_from_npy,train,"(512, 512)",float32
82,82;83,data/processed/hmi.m_45s.2016.06.28_00_01_30_TAI.magnetogram_processed.npy,hmi.m_45s.2016.06.28_00_01_30_TAI.magnetogram_processed.npy,39af1aeb3e77b910eaa4a9fa2d3df5233095e73083c4e42c61058d0767410306,2016-06-28T00:01:30,2016-06-28T00:00:54.000Z,2016-06-28,2016-06-28 00:00:39.700,1.2852013111114502,stored_original_4096x4096_pixel_percentage_not_recomputed_from_npy,train,"(512, 512)",float32
84,84,data/processed/hmi.m_45s.2016.06.29_00_01_30_TAI.magnetogram_processed.npy,hmi.m_45s.2016.06.29_00_01_30_TAI.magnetogram_processed.npy,e3e83fbff6fc9c3d35ce408139dd33d74dfba7c5943c0194f94f890188eeee8f,2016-06-29T00:01:30,2016-06-29T00:00:54.000Z,2016-06-29,2016-06-29 00:00:39.800,1.3061165809631348,stored_original_4096x4096_pixel_percentage_not_recomputed_from_npy,train,"(512, 512)",float32
85,85,data/processed/hmi.m_45s.2016.07.05_00_01_30_TAI.magnetogram_processed.npy,hmi.m_45s.2016.07.05_00_01_30_TAI.magnetogram_processed.npy,2caa0196cb28281a772f9f40d1a45a52ba8f2cdb98028c7a7b4d3dde7a0e9acd,2016-07-05T00:01:30,2016-07-05T00:00:54.000Z,2016-07-05,2016-07-05 00:00:39.800,1.324141025543213,stored_original_4096x4096_pixel_percentage_not_recomputed_from_npy,selection_validation,"(512, 512)",float32
86,86,data/processed/hmi.m_45s.2016.07.06_00_01_30_TAI.magnetogram_processed.npy,hmi.m_45s.2016.07.06_00_01_30_TAI.magnetogram_processed.npy,b992ccd1a1c7442b1305e8d801c44b777d77cf45b70c4209e3d9c490e50ab8ee,2016-07-06T00:01:30,2016-07-06T00:00:54.000Z,2016-07-06,2016-07-06 00:00:39.800,1.3056278228759766,stored_original_4096x4096_pixel_percentage_not_recomputed_from_npy,train,"(512, 512)",float32
87,87,data/processed/hmi.m_45s.2016.07.07_00_01_30_TAI.magnetogram_processed.npy,hmi.m_45s.2016.07.07_00_01_30_TAI.magnetogram_processed.npy,da24898ffb404d298496aa7d4e5442ca65c159ea8c7b44ab24f6fea130acf14f,2016-07-07T00:01:30,2016-07-07T00:00:54.000Z,2016-07-07,2016-07-07 00:00:39.800,1.3107776641845703,stored_original_4096x4096_pixel_percentage_not_recomputed_from_npy,selection_validation,"(512, 512)",float32
88,88,data/processed/hmi.m_45s.2016.07.10_00_01_30_TAI.magnetogram_processed.npy,hmi.m_45s.2016.07.10_00_01_30_TAI.magnetogram_processed.npy,585a181f4ed6e4108818fb6a7080a457658d41b9930cc0807075046b62db843c,2016-07-10T00:01:30,2016-07-10T00:00:54.000Z,2016-07-10,2016-07-10 00:00:39.800,1.3736188411712646,stored_original_4096x4096_pixel_percentage_not_recomputed_from_npy,train,"(512, 512)",float32
89,89,data/processed/hmi.m_45s.2016.07.17_00_01_30_TAI.magnetogram_processed.npy,hmi.m_45s.2016.07.17_00_01_30_TAI.magnetogram_processed.npy,bbcb134c4e6dd17cea9aceb753228b61cb49f9b0cdc1c939fc21e8def0b31cc0,2016-07-17T00:01:30,2016-07-17T00:00:54.000Z,2016-07-17,2016-07-17 00:00:39.600,1.592099666595459,stored_original_4096x4096_pixel_percentage_not_recomputed_from_npy,train,"(512, 512)",float32
90,90,data/processed/hmi.m_45s.2016.07.18_00_01_30_TAI.magnetogram_processed.npy,hmi.m_45s.2016.07.18_00_01_30_TAI.magnetogram_processed.npy,fca7e7d534294b1448bc6aaec8578fa7d94276b350bb2ae3da129bde3af5c04e,2016-07-18T00:01:30,2016-07-18T00:00:54.000Z,2016-07-18,2016-07-18 00:00:39.600,1.5951156616210938,stored_original_4096x4096_pixel_percentage_not_recomputed_from_npy,train,"(512, 512)",float32
91,91;92,data/processed/hmi.m_45s.2016.07.21_00_01_30_TAI.magnetogram_processed.npy,hmi.m_45s.2016.07.21_00_01_30_TAI.magnetogram_processed.npy,a4a722348d0048f326fdf15640d3e2340be060f97d7b68a64a5d766c24bf8150,2016-07-21T00:01:30,2016-07-21T00:00:54.000Z,2016-07-21,2016-07-21 00:00:39.500,1.467907428741455,stored_original_4096x4096_pixel_percentage_not_recomputed_from_npy,train,"(512, 512)",float32
93,93,data/processed/hmi.m_45s.2016.07.22_00_01_30_TAI.magnetogram_processed.npy,hmi.m_45s.2016.07.22_00_01_30_TAI.magnetogram_processed.npy,ee63e0a7f315c975cc098156a5526f3977fc3661c7337ca2a0904d5ccabc7c20,2016-07-22T00:01:30,2016-07-22T00:00:54.000Z,2016-07-22,2016-07-22 00:00:39.400,1.4044761657714844,stored_original_4096x4096_pixel_percentage_not_recomputed_from_npy,selection_validation,"(512, 512)",float32
94,94,data/processed/hmi.m_45s.2016.07.24_00_01_30_TAI.magnetogram_processed.npy,hmi.m_45s.2016.07.24_00_01_30_TAI.magnetogram_processed.npy,0ccab78bf7ae34731e986d1a7d0aac089fbfd8d741a3282421f90b4fbb52b7dc,2016-07-24T00:01:30,2016-07-24T00:00:54.000Z,2016-07-24,2016-07-24 00:00:39.300,1.3158619403839111,stored_original_4096x4096_pixel_percentage_not_recomputed_from_npy,train,"(512, 512)",float32
95,95,data/processed/hmi.m_45s.2016.07.27_00_01_30_TAI.magnetogram_processed.npy,hmi.m_45s.2016.07.27_00_01_30_TAI.magnetogram_processed.npy,de779949e4d73ae7725527388ffe4fef876817d30e57ca059f4e613c3342fd0d,2016-07-27T00:01:30,2016-07-27T00:00:54.000Z,2016-07-27,2016-07-27 00:00:39.200,1.311415433883667,stored_original_4096x4096_pixel_percentage_not_recomputed_from_npy,train,"(512, 512)",float32
96,96,data/processed/hmi.m_45s.2016.07.29_00_01_30_TAI.magnetogram_processed.npy,hmi.m_45s.2016.07.29_00_01_30_TAI.magnetogram_processed.npy,573a297d692e84329d0c37710724dafcd4f3dd137e1addcf755ecf2f1a726e5b,2016-07-29T00:01:30,2016-07-29T00:00:54.000Z,2016-07-29,2016-07-29 00:00:39.100,1.3504385948181152,stored_original_4096x4096_pixel_percentage_not_recomputed_from_npy,train,"(512, 512)",float32
97,97,data/processed/hmi.m_45s.2016.07.30_00_01_30_TAI.magnetogram_processed.npy,hmi.m_45s.2016.07.30_00_01_30_TAI.magnetogram_processed.npy,b972f0bbd79bf14cbd650053b1b0895d2f559a2cf662c281f6f73456cb788fa4,2016-07-30T00:01:30,2016-07-30T00:00:54.000Z,2016-07-30,2016-07-30 00:00:39.000,1.3718485832214355,stored_original_4096x4096_pixel_percentage_not_recomputed_from_npy,train,"(512, 512)",float32
98,98,data/processed/hmi.m_45s.2016.08.01_00_01_30_TAI.magnetogram_processed.npy,hmi.m_45s.2016.08.01_00_01_30_TAI.magnetogram_processed.npy,e00ab055c38f6e530807777378da9f8ab7a4740be0446ee6e101bcbe1e6fc00d,2016-08-01T00:01:30,2016-08-01T00:00:54.000Z,2016-08-01,2016-08-01 00:00:38.900,1.3627469539642334,stored_original_4096x4096_pixel_percentage_not_recomputed_from_npy,train,"(512, 512)",float32
99,99,data/processed/hmi.m_45s.2016.08.02_00_01_30_TAI.magnetogram_processed.npy,hmi.m_45s.2016.08.02_00_01_30_TAI.magnetogram_processed.npy,fddbe51bb993077932240bd8a9948aa291cecba7a8b35873a85dd8d7e89888ec,2016-08-02T00:01:30,2016-08-02T00:00:54.000Z,2016-08-02,2016-08-02 00:00:38.900,1.3513028621673584,stored_original_4096x4096_pixel_percentage_not_recomputed_from_npy,selection_validation,"(512, 512)",float32
100,100,data/processed/hmi.m_45s.2016.08.06_00_01_30_TAI.magnetogram_processed.npy,hmi.m_45s.2016.08.06_00_01_30_TAI.magnetogram_processed.npy,956fd553645f26ddb9f405b1b5bbe0ab3194b2616784f137832d9688702c10b6,2016-08-06T00:01:30,2016-08-06T00:00:54.000Z,2016-08-06,2016-08-06 00:00:38.600,1.3750553131103516,stored_original_4096x4096_pixel_percentage_not_recomputed_from_npy,train,"(512, 512)",float32
101,101,data/processed/hmi.m_45s.2016.08.07_00_01_30_TAI.magnetogram_processed.npy,hmi.m_45s.2016.08.07_00_01_30_TAI.magnetogram_processed.npy,8390912e8bf2583680b8191c937b5307ff9d4097d68257e8fa2a52edbc7548a4,2016-08-07T00:01:30,2016-08-07T00:00:54.000Z,2016-08-07,2016-08-07 00:00:38.500,1.3957083225250244,stored_original_4096x4096_pixel_percentage_not_recomputed_from_npy,selection_validation,"(512, 512)",float32
102,102,data/processed/hmi.m_45s.2016.08.13_00_01_30_TAI.magnetogram_processed.npy,hmi.m_45s.2016.08.13_00_01_30_TAI.magnetogram_processed.npy,c38233bc14c88f849c835565de9e0372b8d61712e461486bc5446fca36ca7c3d,2016-08-13T00:01:30,2016-08-13T00:00:54.000Z,2016-08-13,2016-08-13 00:00:38.000,1.5590369701385498,stored_original_4096x4096_pixel_percentage_not_recomputed_from_npy,train,"(512, 512)",float32
103,103,data/processed/hmi.m_45s.2016.08.17_00_01_30_TAI.magnetogram_processed.npy,hmi.m_45s.2016.08.17_00_01_30_TAI.magnetogram_processed.npy,9360b856d7f612c7597dbfbe8d3c90ac98c53f7630745f966ab1552626b82669,2016-08-17T00:01:30,2016-08-17T00:00:54.000Z,2016-08-17,2016-08-17 00:00:37.600,1.4484941959381104,stored_original_4096x4096_pixel_percentage_not_recomputed_from_npy,train,"(512, 512)",float32
104,104,data/processed/hmi.m_45s.2016.08.18_00_01_30_TAI.magnetogram_processed.npy,hmi.m_45s.2016.08.18_00_01_30_TAI.magnetogram_processed.npy,80eb77ca34b32ec809095dacdf09a6562328e9924234d51e658f80f6e1f37493,2016-08-18T00:01:30,2016-08-18T00:00:54.000Z,2016-08-18,2016-08-18 00:00:37.500,1.412403583526611,stored_original_4096x4096_pixel_percentage_not_recomputed_from_npy,selection_validation,"(512, 512)",float32
105,105,data/processed/hmi.m_45s.2016.08.22_00_01_30_TAI.magnetogram_processed.npy,hmi.m_45s.2016.08.22_00_01_30_TAI.magnetogram_processed.npy,941de45bd13ef57d002a616029c808d179d5bf19f03a1f8ea726dca8c5bb0ee1,2016-08-22T00:01:30,2016-08-22T00:00:54.000Z,2016-08-22,2016-08-22 00:00:37.100,1.380401849746704,stored_original_4096x4096_pixel_percentage_not_recomputed_from_npy,train,"(512, 512)",float32
106,106,data/processed/hmi.m_45s.2016.08.24_00_01_30_TAI.magnetogram_processed.npy,hmi.m_45s.2016.08.24_00_01_30_TAI.magnetogram_processed.npy,6766b3dd6abf5e3a6981cfb6eacc68430b6651236007b9c0f6a2dae8bf71c92f,2016-08-24T00:01:30,2016-08-24T00:00:54.000Z,2016-08-24,2016-08-24 00:00:36.900,1.4230310916900637,stored_original_4096x4096_pixel_percentage_not_recomputed_from_npy,train,"(512, 512)",float32
107,107,data/processed/hmi.m_45s.2016.08.25_00_01_30_TAI.magnetogram_processed.npy,hmi.m_45s.2016.08.25_00_01_30_TAI.magnetogram_processed.npy,efaa52ea71bdb0eb7a6a5dd57a231e43fd3681bf4bb6a787e1584a4ab17a2bbb,2016-08-25T00:01:30,2016-08-25T00:00:54.000Z,2016-08-25,2016-08-25 00:00:36.800,1.427692174911499,stored_original_4096x4096_pixel_percentage_not_recomputed_from_npy,train,"(512, 512)",float32
108,108;109,data/processed/hmi.m_45s.2016.08.28_00_01_30_TAI.magnetogram_processed.npy,hmi.m_45s.2016.08.28_00_01_30_TAI.magnetogram_processed.npy,bb518000a386137c95a957487b2e6a81e14abbd9ec3fb7c5960c34ff914b712f,2016-08-28T00:01:30,2016-08-28T00:00:54.000Z,2016-08-28,2016-08-28 00:00:36.500,1.5124142169952393,stored_original_4096x4096_pixel_percentage_not_recomputed_from_npy,train,"(512, 512)",float32
110,110,data/processed/hmi.m_45s.2016.08.30_00_01_30_TAI.magnetogram_processed.npy,hmi.m_45s.2016.08.30_00_01_30_TAI.magnetogram_processed.npy,d46d6267ce6988dd939111636b307aa08f65362a082cd63cfc19ea7d48fe8390,2016-08-30T00:01:30,2016-08-30T00:00:54.000Z,2016-08-30,2016-08-30 00:00:36.300,1.4910459518432615,stored_original_4096x4096_pixel_percentage_not_recomputed_from_npy,selection_validation,"(512, 512)",float32
111,111,data/processed/hmi.m_45s.2016.08.31_00_01_30_TAI.magnetogram_processed.npy,hmi.m_45s.2016.08.31_00_01_30_TAI.magnetogram_processed.npy,900c04b7d93c06b0902fcea9fb0429ac02a13b8e092e6e9008e4ffc825390b00,2016-08-31T00:01:30,2016-08-31T00:00:54.000Z,2016-08-31,2016-08-31 00:00:36.200,1.486063003540039,stored_original_4096x4096_pixel_percentage_not_recomputed_from_npy,train,"(512, 512)",float32
112,112,data/processed/hmi.m_45s.2016.09.01_00_01_30_TAI.magnetogram_processed.npy,hmi.m_45s.2016.09.01_00_01_30_TAI.magnetogram_processed.npy,ca8d8a53da6186ecbcbf32616ed31bb141aa81c01ae1fd9e36018b753f2e40da,2016-09-01T00:01:30,2016-09-01T00:00:54.000Z,2016-09-01,2016-09-01 00:00:36.100,1.488620042800903,stored_original_4096x4096_pixel_percentage_not_recomputed_from_npy,train,"(512, 512)",float32
113,113,data/processed/hmi.m_45s.2016.09.10_00_01_30_TAI.magnetogram_processed.npy,hmi.m_45s.2016.09.10_00_01_30_TAI.magnetogram_processed.npy,4ef11952e80b06bc38f5db964be5395b924fd0487fe34acf6eef1c2cd19af131,2016-09-10T00:01:30,2016-09-10T00:00:54.000Z,2016-09-10,2016-09-10 00:00:34.900,1.5458345413208008,stored_original_4096x4096_pixel_percentage_not_recomputed_from_npy,train,"(512, 512)",float32
114,114,data/processed/hmi.m_45s.2016.09.15_00_01_30_TAI.magnetogram_processed.npy,hmi.m_45s.2016.09.15_00_01_30_TAI.magnetogram_processed.npy,0df53747bfe62d1e7d971957e0fe30e367bb5bbe9d5662e7ca04125cf19146b2,2016-09-15T00:01:30,2016-09-15T00:00:54.000Z,2016-09-15,2016-09-15 00:00:34.300,1.383519172668457,stored_original_4096x4096_pixel_percentage_not_recomputed_from_npy,train,"(512, 512)",float32
115,115;116,data/processed/hmi.m_45s.2016.09.17_00_01_30_TAI.magnetogram_processed.npy,hmi.m_45s.2016.09.17_00_01_30_TAI.magnetogram_processed.npy,f6b449532673d08ce825c383c0b91f2b25873cf1d8bc828b57a1bd0f800cf5b5,2016-09-17T00:01:30,2016-09-17T00:00:54.000Z,2016-09-17,2016-09-17 00:00:34.000,1.3753414154052734,stored_original_4096x4096_pixel_percentage_not_recomputed_from_npy,train,"(512, 512)",float32
117,117;118,data/processed/hmi.m_45s.2016.09.18_00_01_30_TAI.magnetogram_processed.npy,hmi.m_45s.2016.09.18_00_01_30_TAI.magnetogram_processed.npy,7bde8a508cc04bef8ed353b602e741d62a72a9450eb96312deb8200195f775aa,2016-09-18T00:01:30,2016-09-18T00:00:54.000Z,2016-09-18,2016-09-18 00:00:33.900,1.3932347297668457,stored_original_4096x4096_pixel_percentage_not_recomputed_from_npy,train,"(512, 512)",float32
119,119;120,data/processed/hmi.m_45s.2016.09.19_00_01_30_TAI.magnetogram_processed.npy,hmi.m_45s.2016.09.19_00_01_30_TAI.magnetogram_processed.npy,605cc93e9ea6bd25a742fe636a9cca9cb23eaef61a7d74b0c1880949355106ac,2016-09-19T00:01:30,2016-09-19T00:00:54.000Z,2016-09-19,2016-09-19 00:00:33.700,1.427978277206421,stored_original_4096x4096_pixel_percentage_not_recomputed_from_npy,train,"(512, 512)",float32
121,121,data/processed/hmi.m_45s.2016.09.25_00_01_30_TAI.magnetogram_processed.npy,hmi.m_45s.2016.09.25_00_01_30_TAI.magnetogram_processed.npy,d399aa54fe3e9b68d816ddd75cc694567f7987f729fbf46bfb1d0fc15f5078d8,2016-09-25T00:01:30,2016-09-25T00:00:54.000Z,2016-09-25,2016-09-25 00:00:32.900,1.41107439994812,stored_original_4096x4096_pixel_percentage_not_recomputed_from_npy,train,"(512, 512)",float32
122,122,data/processed/hmi.m_45s.2016.09.26_00_01_30_TAI.magnetogram_processed.npy,hmi.m_45s.2016.09.26_00_01_30_TAI.magnetogram_processed.npy,06620a62cbdfbf27551fd7521fc17daf605fdce715c8c6b8ad209a69281c78b9,2016-09-26T00:01:30,2016-09-26T00:00:54.000Z,2016-09-26,2016-09-26 00:00:32.800,1.3998091220855713,stored_original_4096x4096_pixel_percentage_not_recomputed_from_npy,train,"(512, 512)",float32
123,123;124,data/processed/hmi.m_45s.2016.09.27_00_01_30_TAI.magnetogram_processed.npy,hmi.m_45s.2016.09.27_00_01_30_TAI.magnetogram_processed.npy,56c3d0d9074a9ba0b0028713f37b4e6360d34b135bd662731d409ec87ecf01c2,2016-09-27T00:01:30,2016-09-27T00:00:54.000Z,2016-09-27,2016-09-27 00:00:32.600,1.395195722579956,stored_original_4096x4096_pixel_percentage_not_recomputed_from_npy,train,"(512, 512)",float32
125,125,data/processed/hmi.m_45s.2016.09.28_00_01_30_TAI.magnetogram_processed.npy,hmi.m_45s.2016.09.28_00_01_30_TAI.magnetogram_processed.npy,f56b6ea9e309740dd4b70db75a100efc0cbb19680d81ce2116788bd325aaa7ff,2016-09-28T00:01:30,2016-09-28T00:00:54.000Z,2016-09-28,2016-09-28 00:00:32.500,1.3963580131530762,stored_original_4096x4096_pixel_percentage_not_recomputed_from_npy,train,"(512, 512)",float32
126,126;127,data/processed/hmi.m_45s.2016.10.01_00_01_30_TAI.magnetogram_processed.npy,hmi.m_45s.2016.10.01_00_01_30_TAI.magnetogram_processed.npy,d4823bb0b2a730555131b2a3137174b8a362a3362cd731f4be02a9795e6511ad,2016-10-01T00:01:30,2016-10-01T00:00:54.000Z,2016-10-01,2016-10-01 00:00:32.100,1.3568997383117676,stored_original_4096x4096_pixel_percentage_not_recomputed_from_npy,train,"(512, 512)",float32
128,128,data/processed/hmi.m_45s.2016.10.03_00_01_30_TAI.magnetogram_processed.npy,hmi.m_45s.2016.10.03_00_01_30_TAI.magnetogram_processed.npy,65ac383996fb399e6969dc86be5339317dd74434a9843dacab6aa6a0268e1013,2016-10-03T00:01:30,2016-10-03T00:00:54.000Z,2016-10-03,2016-10-03 00:00:31.800,1.4133155345916748,stored_original_4096x4096_pixel_percentage_not_recomputed_from_npy,train,"(512, 512)",float32
129,129;130,data/processed/hmi.m_45s.2016.10.04_00_01_30_TAI.magnetogram_processed.npy,hmi.m_45s.2016.10.04_00_01_30_TAI.magnetogram_processed.npy,5c6ea25d747fb8eb251756faac3c47b3eccc708733c1451e8b78f023793361d3,2016-10-04T00:01:30,2016-10-04T00:00:54.000Z,2016-10-04,2016-10-04 00:00:31.600,1.4589369297027588,stored_original_4096x4096_pixel_percentage_not_recomputed_from_npy,train,"(512, 512)",float32
131,131,data/processed/hmi.m_45s.2016.10.05_00_01_30_TAI.magnetogram_processed.npy,hmi.m_45s.2016.10.05_00_01_30_TAI.magnetogram_processed.npy,a73c52e9a90d57c404814b2158b49947115cb243ac1b1baba3f1ca64b72d097f,2016-10-05T00:01:30,2016-10-05T00:00:54.000Z,2016-10-05,2016-10-05 00:00:31.500,1.4796793460845947,stored_original_4096x4096_pixel_percentage_not_recomputed_from_npy,selection_validation,"(512, 512)",float32
132,132,data/processed/hmi.m_45s.2016.10.09_00_01_30_TAI.magnetogram_processed.npy,hmi.m_45s.2016.10.09_00_01_30_TAI.magnetogram_processed.npy,88c28577099a95d4b4f3bf089bec9d288b4d660504630c12c9ec97ed3bff9bb6,2016-10-09T00:01:30,2016-10-09T00:00:54.000Z,2016-10-09,2016-10-09 00:00:30.900,1.5751659870147705,stored_original_4096x4096_pixel_percentage_not_recomputed_from_npy,train,"(512, 512)",float32
133,133,data/processed/hmi.m_45s.2016.10.10_00_01_30_TAI.magnetogram_processed.npy,hmi.m_45s.2016.10.10_00_01_30_TAI.magnetogram_processed.npy,c4567d9f850d43d27a9a66dbf35e13c1de8e447732073e346fb0d645190faac9,2016-10-10T00:01:30,2016-10-10T00:00:54.000Z,2016-10-10,2016-10-10 00:00:30.800,1.552826166152954,stored_original_4096x4096_pixel_percentage_not_recomputed_from_npy,train,"(512, 512)",float32
134,134,data/processed/hmi.m_45s.2016.10.12_00_01_30_TAI.magnetogram_processed.npy,hmi.m_45s.2016.10.12_00_01_30_TAI.magnetogram_processed.npy,06db75a582cd9f96f2bb99a974496d46a50a53015d1f73454aaeff11da806228,2016-10-12T00:01:30,2016-10-12T00:00:54.000Z,2016-10-12,2016-10-12 00:00:30.500,1.4246881008148191,stored_original_4096x4096_pixel_percentage_not_recomputed_from_npy,train,"(512, 512)",float32
135,135,data/processed/hmi.m_45s.2016.10.13_00_01_30_TAI.magnetogram_processed.npy,hmi.m_45s.2016.10.13_00_01_30_TAI.magnetogram_processed.npy,88e5886ec2071dc1e70ce1daae0be0d45655e47c2b4e9c69e4bbbf1326a0944f,2016-10-13T00:01:30,2016-10-13T00:00:54.000Z,2016-10-13,2016-10-13 00:00:30.300,1.3902783393859863,stored_original_4096x4096_pixel_percentage_not_recomputed_from_npy,train,"(512, 512)",float32
136,136,data/processed/hmi.m_45s.2016.10.14_00_01_30_TAI.magnetogram_processed.npy,hmi.m_45s.2016.10.14_00_01_30_TAI.magnetogram_processed.npy,d91e579cd1b7713b064c7a1c4afeec5405fc6d9619318872e608920847640823,2016-10-14T00:01:30,2016-10-14T00:00:54.000Z,2016-10-14,2016-10-14 00:00:30.200,1.3668537139892578,stored_original_4096x4096_pixel_percentage_not_recomputed_from_npy,train,"(512, 512)",float32
137,137;138,data/processed/hmi.m_45s.2016.10.15_00_01_30_TAI.magnetogram_processed.npy,hmi.m_45s.2016.10.15_00_01_30_TAI.magnetogram_processed.npy,521fdadc1c00b47987682a1cb1467e49c43900ef233e6218e3e95f7c72fbdd96,2016-10-15T00:01:30,2016-10-15T00:00:54.000Z,2016-10-15,2016-10-15 00:00:30.000,1.348954439163208,stored_original_4096x4096_pixel_percentage_not_recomputed_from_npy,selection_validation,"(512, 512)",float32
139,139;140,data/processed/hmi.m_45s.2016.10.17_00_01_30_TAI.magnetogram_processed.npy,hmi.m_45s.2016.10.17_00_01_30_TAI.magnetogram_processed.npy,b193730f5fdcd7eae30b5ce1822449614f5cc73526e3e60acbfd15438db688e4,2016-10-17T00:01:30,2016-10-17T00:00:54.000Z,2016-10-17,2016-10-17 00:00:29.800,1.3556599617004397,stored_original_4096x4096_pixel_percentage_not_recomputed_from_npy,train,"(512, 512)",float32
141,141,data/processed/hmi.m_45s.2016.10.18_00_01_30_TAI.magnetogram_processed.npy,hmi.m_45s.2016.10.18_00_01_30_TAI.magnetogram_processed.npy,72b9d73e44345c82d7d0b6b376f2936bb6e35a70cf153be0bbf92606e4c2d989,2016-10-18T00:01:30,2016-10-18T00:00:54.000Z,2016-10-18,2016-10-18 00:00:29.600,1.3515114784240725,stored_original_4096x4096_pixel_percentage_not_recomputed_from_npy,selection_validation,"(512, 512)",float32
142,142,data/processed/hmi.m_45s.2016.10.23_00_01_30_TAI.magnetogram_processed.npy,hmi.m_45s.2016.10.23_00_01_30_TAI.magnetogram_processed.npy,e75f6d65b45135f773ff5ceb28eb7f87b2c56ed151b27e837bb91f28553bb82d,2016-10-23T00:01:30,2016-10-23T00:00:54.000Z,2016-10-23,2016-10-23 00:00:28.900,1.2946784496307373,stored_original_4096x4096_pixel_percentage_not_recomputed_from_npy,train,"(512, 512)",float32
143,143,data/processed/hmi.m_45s.2016.10.30_00_01_30_TAI.magnetogram_processed.npy,hmi.m_45s.2016.10.30_00_01_30_TAI.magnetogram_processed.npy,7c6a55718dd456d04e145b2abeb0cb1ab1781d1d05df881f3f2c1784eb05e738,2016-10-30T00:01:30,2016-10-30T00:00:54.000Z,2016-10-30,2016-10-30 00:00:28.000,1.2749791145324707,stored_original_4096x4096_pixel_percentage_not_recomputed_from_npy,train,"(512, 512)",float32
144,144,data/processed/hmi.m_45s.2016.11.05_00_01_30_TAI.magnetogram_processed.npy,hmi.m_45s.2016.11.05_00_01_30_TAI.magnetogram_processed.npy,e3be804b991011359945a4157c42b215cf31d1326eaddcae22edb15d60a3d4c8,2016-11-05T00:01:30,2016-11-05T00:00:54.000Z,2016-11-05,2016-11-05 00:00:27.200,1.3180196285247805,stored_original_4096x4096_pixel_percentage_not_recomputed_from_npy,train,"(512, 512)",float32
145,145,data/processed/hmi.m_45s.2016.11.07_00_01_30_TAI.magnetogram_processed.npy,hmi.m_45s.2016.11.07_00_01_30_TAI.magnetogram_processed.npy,0883536492998c76fc0152bdefe2fcf5692bb830fcb26562ff6f85c2f15cf2ab,2016-11-07T00:01:30,2016-11-07T00:00:54.000Z,2016-11-07,2016-11-07 00:00:27.000,1.2712478637695312,stored_original_4096x4096_pixel_percentage_not_recomputed_from_npy,selection_validation,"(512, 512)",float32
146,146;147,data/processed/hmi.m_45s.2016.11.08_00_01_30_TAI.magnetogram_processed.npy,hmi.m_45s.2016.11.08_00_01_30_TAI.magnetogram_processed.npy,2e8bad48a731cb8f151e71792d8053a7dd65334f2881723bd465cc171f3974ec,2016-11-08T00:01:30,2016-11-08T00:00:54.000Z,2016-11-08,2016-11-08 00:00:26.900,1.270914077758789,stored_original_4096x4096_pixel_percentage_not_recomputed_from_npy,train,"(512, 512)",float32
148,148;149,data/processed/hmi.m_45s.2016.11.12_00_01_30_TAI.magnetogram_processed.npy,hmi.m_45s.2016.11.12_00_01_30_TAI.magnetogram_processed.npy,55fad7a427234b128da5a4d1652fa0fcb842d4b5b68522c3a30bfe9a6a9ecb4e,2016-11-12T00:01:30,2016-11-12T00:00:54.000Z,2016-11-12,2016-11-12 00:00:26.400,1.2203633785247805,stored_original_4096x4096_pixel_percentage_not_recomputed_from_npy,selection_validation,"(512, 512)",float32
150,150,data/processed/hmi.m_45s.2016.11.13_00_01_30_TAI.magnetogram_processed.npy,hmi.m_45s.2016.11.13_00_01_30_TAI.magnetogram_processed.npy,8b31384262326c10ff2d9a59a722d9ce191dfb82b3d19b846da56e64a6d97c58,2016-11-13T00:01:30,2016-11-13T00:00:54.000Z,2016-11-13,2016-11-13 00:00:26.300,1.2410104274749756,stored_original_4096x4096_pixel_percentage_not_recomputed_from_npy,train,"(512, 512)",float32
151,151;152,data/processed/hmi.m_45s.2016.11.14_00_01_30_TAI.magnetogram_processed.npy,hmi.m_45s.2016.11.14_00_01_30_TAI.magnetogram_processed.npy,406f5912b918a712905fc7454fb61d175ab4e0196ce509486679516bfc4e438e,2016-11-14T00:01:30,2016-11-14T00:00:54.000Z,2016-11-14,2016-11-14 00:00:26.200,1.3328492641448977,stored_original_4096x4096_pixel_percentage_not_recomputed_from_npy,train,"(512, 512)",float32
153,153;154;155,data/processed/hmi.m_45s.2016.11.15_00_01_30_TAI.magnetogram_processed.npy,hmi.m_45s.2016.11.15_00_01_30_TAI.magnetogram_processed.npy,b14f9fb4319187051673f7236eedd77331cb7c855458a4787a721df52d0e14e9,2016-11-15T00:01:30,2016-11-15T00:00:54.000Z,2016-11-15,2016-11-15 00:00:26.000,1.386213302612305,stored_original_4096x4096_pixel_percentage_not_recomputed_from_npy,train,"(512, 512)",float32
156,156,data/processed/hmi.m_45s.2016.11.18_00_01_30_TAI.magnetogram_processed.npy,hmi.m_45s.2016.11.18_00_01_30_TAI.magnetogram_processed.npy,8df81e469f74f43d7edbfa1bf21fd463405bc64cc2c3cb4abb66af272e80ac81,2016-11-18T00:01:30,2016-11-18T00:00:54.000Z,2016-11-18,2016-11-18 00:00:25.700,1.3545036315917969,stored_original_4096x4096_pixel_percentage_not_recomputed_from_npy,train,"(512, 512)",float32
157,157,data/processed/hmi.m_45s.2016.11.20_00_01_30_TAI.magnetogram_processed.npy,hmi.m_45s.2016.11.20_00_01_30_TAI.magnetogram_processed.npy,dd082a96574cce149869eff9b61b8524c617cc1d7a32c9b72f1305d7ccbcf580,2016-11-20T00:01:30,2016-11-20T00:00:54.000Z,2016-11-20,2016-11-20 00:00:25.500,1.2985587120056152,stored_original_4096x4096_pixel_percentage_not_recomputed_from_npy,train,"(512, 512)",float32
158,158;159,data/processed/hmi.m_45s.2016.11.23_00_01_30_TAI.magnetogram_processed.npy,hmi.m_45s.2016.11.23_00_01_30_TAI.magnetogram_processed.npy,f61b644a39bdf00a5b6695a0f5f438a8b9b5e9ffe5aef5c959e862aea04c0278,2016-11-23T00:01:30,2016-11-23T00:00:54.000Z,2016-11-23,2016-11-23 00:00:25.200,1.257920265197754,stored_original_4096x4096_pixel_percentage_not_recomputed_from_npy,train,"(512, 512)",float32
160,160,data/processed/hmi.m_45s.2016.11.26_00_01_30_TAI.magnetogram_processed.npy,hmi.m_45s.2016.11.26_00_01_30_TAI.magnetogram_processed.npy,895a2f52a3d00a90803ef75725866e2b81d22e6ccc6fd7af9606a3218d9f8ada,2016-11-26T00:01:30,2016-11-26T00:00:54.000Z,2016-11-26,2016-11-26 00:00:25.000,1.5437602996826172,stored_original_4096x4096_pixel_percentage_not_recomputed_from_npy,train,"(512, 512)",float32
161,161,data/processed/hmi.m_45s.2016.11.29_00_01_30_TAI.magnetogram_processed.npy,hmi.m_45s.2016.11.29_00_01_30_TAI.magnetogram_processed.npy,742bcbc0fcbc9d8b0817b7e6447d48d7a5b58191f2ea815b085450e6e4a91073,2016-11-29T00:01:30,2016-11-29T00:00:54.000Z,2016-11-29,2016-11-29 00:00:24.700,1.6231358051300049,stored_original_4096x4096_pixel_percentage_not_recomputed_from_npy,selection_validation,"(512, 512)",float32
162,162,data/processed/hmi.m_45s.2016.11.30_00_01_30_TAI.magnetogram_processed.npy,hmi.m_45s.2016.11.30_00_01_30_TAI.magnetogram_processed.npy,b3e2a21b23d9f492bacb16be8f65d654054376deae10ea929aea1b417e209340,2016-11-30T00:01:30,2016-11-30T00:00:54.000Z,2016-11-30,2016-11-30 00:00:24.600,1.6667425632476809,stored_original_4096x4096_pixel_percentage_not_recomputed_from_npy,train,"(512, 512)",float32
163,163,data/processed/hmi.m_45s.2016.12.01_00_01_30_TAI.magnetogram_processed.npy,hmi.m_45s.2016.12.01_00_01_30_TAI.magnetogram_processed.npy,97517da7612e085dd59c3dc9297c7d197c0994393aad21fd63fa56a96c9478a9,2016-12-01T00:01:30,2016-12-01T00:00:54.000Z,2016-12-01,2016-12-01 00:00:24.500,1.6469776630401611,stored_original_4096x4096_pixel_percentage_not_recomputed_from_npy,train,"(512, 512)",float32
164,164,data/processed/hmi.m_45s.2016.12.04_00_01_30_TAI.magnetogram_processed.npy,hmi.m_45s.2016.12.04_00_01_30_TAI.magnetogram_processed.npy,f0760c943f2007aaa466bd1052caae552351f65fe53145f7fb717435c7379c9f,2016-12-04T00:01:30,2016-12-04T00:00:54.000Z,2016-12-04,2016-12-04 00:00:24.300,1.461637020111084,stored_original_4096x4096_pixel_percentage_not_recomputed_from_npy,train,"(512, 512)",float32
165,165;166,data/processed/hmi.m_45s.2016.12.07_00_01_30_TAI.magnetogram_processed.npy,hmi.m_45s.2016.12.07_00_01_30_TAI.magnetogram_processed.npy,bec9601d29a8b5017a20890d95150a2334ff7dd0c47bb6e33520d2212edc93e9,2016-12-07T00:01:30,2016-12-07T00:00:54.000Z,2016-12-07,2016-12-07 00:00:24.100,1.285386085510254,stored_original_4096x4096_pixel_percentage_not_recomputed_from_npy,train,"(512, 512)",float32
167,167;168;169,data/processed/hmi.m_45s.2016.12.15_00_01_30_TAI.magnetogram_processed.npy,hmi.m_45s.2016.12.15_00_01_30_TAI.magnetogram_processed.npy,6184cba19f77e660b53dca3638b845e710bdde2fde989f02bc8b644f5d81c986,2016-12-15T00:01:30,2016-12-15T00:00:54.000Z,2016-12-15,2016-12-15 00:00:23.600,1.4661669731140137,stored_original_4096x4096_pixel_percentage_not_recomputed_from_npy,selection_validation,"(512, 512)",float32
170,170,data/processed/hmi.m_45s.2016.12.25_00_01_30_TAI.magnetogram_processed.npy,hmi.m_45s.2016.12.25_00_01_30_TAI.magnetogram_processed.npy,e6dbd7dfc0bf8e5fe28eaf0350425d1c16817f2434cfcd141972d4f79131a873,2016-12-25T00:01:30,2016-12-25T00:00:54.000Z,2016-12-25,2016-12-25 00:00:23.200,1.5731573104858398,stored_original_4096x4096_pixel_percentage_not_recomputed_from_npy,train,"(512, 512)",float32
171,171,data/processed/hmi.m_45s.2016.12.26_00_01_30_TAI.magnetogram_processed.npy,hmi.m_45s.2016.12.26_00_01_30_TAI.magnetogram_processed.npy,5bf8adf7285aa0cbec8fc56dd5d17d3954e6f43ae28b796108975e2789f4e474,2016-12-26T00:01:30,2016-12-26T00:00:54.000Z,2016-12-26,2016-12-26 00:00:23.200,1.5022456645965576,stored_original_4096x4096_pixel_percentage_not_recomputed_from_npy,train,"(512, 512)",float32
172,172,data/processed/hmi.m_45s.2016.12.30_00_01_30_TAI.magnetogram_processed.npy,hmi.m_45s.2016.12.30_00_01_30_TAI.magnetogram_processed.npy,f6717453a3b29796a235ada4758e9cf175f906545a155c34774d3785e318e3d8,2016-12-30T00:01:30,2016-12-30T00:00:54.000Z,2016-12-30,2016-12-30 00:00:23.200,1.4868080615997314,stored_original_4096x4096_pixel_percentage_not_recomputed_from_npy,train,"(512, 512)",float32
173,173,data/processed/hmi.m_45s.2016.12.31_00_01_30_TAI.magnetogram_processed.npy,hmi.m_45s.2016.12.31_00_01_30_TAI.magnetogram_processed.npy,fb59419c7e49ee0efa0e6e92699e1a91423534bb87384d7262a4f8beafb35847,2016-12-31T00:01:30,2016-12-31T00:00:54.000Z,2016-12-31,2016-12-31 00:00:23.100,1.4473915100097656,stored_original_4096x4096_pixel_percentage_not_recomputed_from_npy,train,"(512, 512)",float32
174,174,data/processed/hmi.m_45s.2017.01.03_00_01_30_TAI.magnetogram_processed.npy,hmi.m_45s.2017.01.03_00_01_30_TAI.magnetogram_processed.npy,ab4c2dc9494bfd94ef9c748dd0022c6c2e654250bc44c8173d845ec814a16c98,2017-01-03T00:01:30,2017-01-03T00:00:53.000Z,2017-01-03,2017-01-03 00:00:22.100,1.325857639312744,stored_original_4096x4096_pixel_percentage_not_recomputed_from_npy,train,"(512, 512)",float32
175,175,data/processed/hmi.m_45s.2017.01.04_00_01_30_TAI.magnetogram_processed.npy,hmi.m_45s.2017.01.04_00_01_30_TAI.magnetogram_processed.npy,5eeb15a612be3aff5aaac0f1df66e9aa95d8590ddebbb7e3aa022b4c855622c6,2017-01-04T00:01:30,2017-01-04T00:00:53.000Z,2017-01-04,2017-01-04 00:00:22.100,1.3421297073364258,stored_original_4096x4096_pixel_percentage_not_recomputed_from_npy,train,"(512, 512)",float32
176,176,data/processed/hmi.m_45s.2017.01.05_00_01_30_TAI.magnetogram_processed.npy,hmi.m_45s.2017.01.05_00_01_30_TAI.magnetogram_processed.npy,cbd4f5b054a0b7fa5d976c7fb144a6923cfde45823b2518280c51feec23049c2,2017-01-05T00:01:30,2017-01-05T00:00:53.000Z,2017-01-05,2017-01-05 00:00:22.100,1.334381103515625,stored_original_4096x4096_pixel_percentage_not_recomputed_from_npy,train,"(512, 512)",float32
177,177,data/processed/hmi.m_45s.2017.01.07_00_01_30_TAI.magnetogram_processed.npy,hmi.m_45s.2017.01.07_00_01_30_TAI.magnetogram_processed.npy,0236329d1d1c78645f90d1d7b1668d44b884fa092a91527d3a66ba9f4f36d624,2017-01-07T00:01:30,2017-01-07T00:00:53.000Z,2017-01-07,2017-01-07 00:00:22.100,1.4913558959960938,stored_original_4096x4096_pixel_percentage_not_recomputed_from_npy,train,"(512, 512)",float32
178,178,data/processed/hmi.m_45s.2017.01.09_00_01_30_TAI.magnetogram_processed.npy,hmi.m_45s.2017.01.09_00_01_30_TAI.magnetogram_processed.npy,34e9255f81540be0e61230bc595e4b2b8261635351bfc9458957d32d637baf65,2017-01-09T00:01:30,2017-01-09T00:00:53.000Z,2017-01-09,2017-01-09 00:00:22.100,1.5729069709777832,stored_original_4096x4096_pixel_percentage_not_recomputed_from_npy,train,"(512, 512)",float32
179,179,data/processed/hmi.m_45s.2017.01.13_00_01_30_TAI.magnetogram_processed.npy,hmi.m_45s.2017.01.13_00_01_30_TAI.magnetogram_processed.npy,22251950498c6038f73ec7fc62ddc554b6c5eacb8a7e5e639e3cf7dea2a1c62a,2017-01-13T00:01:30,2017-01-13T00:00:53.000Z,2017-01-13,2017-01-13 00:00:22.200,1.4143824577331543,stored_original_4096x4096_pixel_percentage_not_recomputed_from_npy,train,"(512, 512)",float32
180,180,data/processed/hmi.m_45s.2017.01.16_00_01_30_TAI.magnetogram_processed.npy,hmi.m_45s.2017.01.16_00_01_30_TAI.magnetogram_processed.npy,9f3343075f094dd1cde279d7f78d955ecf6715aad05d9f3139b4d36ea552df30,2017-01-16T00:01:30,2017-01-16T00:00:53.000Z,2017-01-16,2017-01-16 00:00:22.300,1.418137550354004,stored_original_4096x4096_pixel_percentage_not_recomputed_from_npy,train,"(512, 512)",float32
181,181,data/processed/hmi.m_45s.2017.01.17_00_01_30_TAI.magnetogram_processed.npy,hmi.m_45s.2017.01.17_00_01_30_TAI.magnetogram_processed.npy,181f184f8b554e844d2fc457c6da799b301bc03b697302847ee98f831fb846ca,2017-01-17T00:01:30,2017-01-17T00:00:53.000Z,2017-01-17,2017-01-17 00:00:22.300,1.4349043369293213,stored_original_4096x4096_pixel_percentage_not_recomputed_from_npy,train,"(512, 512)",float32
182,182;183;184;185,data/processed/hmi.m_45s.2017.01.19_00_01_30_TAI.magnetogram_processed.npy,hmi.m_45s.2017.01.19_00_01_30_TAI.magnetogram_processed.npy,fc84df28b44d0fc9596d265480a8c4f8e22ad1da2e55127cfcded81cc2147b82,2017-01-19T00:01:30,2017-01-19T00:00:53.000Z,2017-01-19,2017-01-19 00:00:22.400,1.4669716358184814,stored_original_4096x4096_pixel_percentage_not_recomputed_from_npy,train,"(512, 512)",float32
186,186,data/processed/hmi.m_45s.2017.01.20_00_01_30_TAI.magnetogram_processed.npy,hmi.m_45s.2017.01.20_00_01_30_TAI.magnetogram_processed.npy,148970481fca911e6852f6e683668d7478c5993f0db2cb861ccbcf856f0d715d,2017-01-20T00:01:30,2017-01-20T00:00:53.000Z,2017-01-20,2017-01-20 00:00:22.500,1.4919161796569824,stored_original_4096x4096_pixel_percentage_not_recomputed_from_npy,train,"(512, 512)",float32
187,187,data/processed/hmi.m_45s.2017.01.22_00_01_30_TAI.magnetogram_processed.npy,hmi.m_45s.2017.01.22_00_01_30_TAI.magnetogram_processed.npy,ba977b952c5800d605b8c6c1ad30e14d0b2e0d580cb5f7db0c9205d99f0bc9c8,2017-01-22T00:01:30,2017-01-22T00:00:53.000Z,2017-01-22,2017-01-22 00:00:22.600,1.5388846397399902,stored_original_4096x4096_pixel_percentage_not_recomputed_from_npy,train,"(512, 512)",float32
188,188,data/processed/hmi.m_45s.2017.01.23_00_01_30_TAI.magnetogram_processed.npy,hmi.m_45s.2017.01.23_00_01_30_TAI.magnetogram_processed.npy,a51f6c01ae9ab51ccaadab291d165f05756c12060c2f96923f08477a904aabd4,2017-01-23T00:01:30,2017-01-23T00:00:53.000Z,2017-01-23,2017-01-23 00:00:22.600,1.549994945526123,stored_original_4096x4096_pixel_percentage_not_recomputed_from_npy,train,"(512, 512)",float32
189,189,data/processed/hmi.m_45s.2017.01.25_00_01_30_TAI.magnetogram_processed.npy,hmi.m_45s.2017.01.25_00_01_30_TAI.magnetogram_processed.npy,d3ae72b5cd9eff4f423b2ede178151b19b47fd6951153928ecf3924ab95d82d3,2017-01-25T00:01:30,2017-01-25T00:00:53.000Z,2017-01-25,2017-01-25 00:00:22.700,1.555866003036499,stored_original_4096x4096_pixel_percentage_not_recomputed_from_npy,train,"(512, 512)",float32
190,190,data/processed/hmi.m_45s.2017.01.28_00_01_30_TAI.magnetogram_processed.npy,hmi.m_45s.2017.01.28_00_01_30_TAI.magnetogram_processed.npy,d291a9a52453d53169699d2c24d06859e3f0c6ee04424147f1bf7e05545cd0a4,2017-01-28T00:01:30,2017-01-28T00:00:53.000Z,2017-01-28,2017-01-28 00:00:22.900,1.5283763408660889,stored_original_4096x4096_pixel_percentage_not_recomputed_from_npy,train,"(512, 512)",float32
191,191,data/processed/hmi.m_45s.2017.01.31_00_01_30_TAI.magnetogram_processed.npy,hmi.m_45s.2017.01.31_00_01_30_TAI.magnetogram_processed.npy,e78ad1213a26e0adef0b72db224fcafffc633453aef41497ca392af7220f9b4c,2017-01-31T00:01:30,2017-01-31T00:00:53.000Z,2017-01-31,2017-01-31 00:00:23.100,1.4980971813201904,stored_original_4096x4096_pixel_percentage_not_recomputed_from_npy,train,"(512, 512)",float32
192,192,data/processed/hmi.m_45s.2017.02.01_00_01_30_TAI.magnetogram_processed.npy,hmi.m_45s.2017.02.01_00_01_30_TAI.magnetogram_processed.npy,55be8081bd4091b674fe681526e261d7c03613077af9a91afcfd871d53495882,2017-02-01T00:01:30,2017-02-01T00:00:53.000Z,2017-02-01,2017-02-01 00:00:23.100,1.4713644981384275,stored_original_4096x4096_pixel_percentage_not_recomputed_from_npy,train,"(512, 512)",float32
193,193;194,data/processed/hmi.m_45s.2017.02.02_00_01_30_TAI.magnetogram_processed.npy,hmi.m_45s.2017.02.02_00_01_30_TAI.magnetogram_processed.npy,644e27bf2773d8622ddda3f7860fa9d520bee28e0ba29d82e067cc336898e3f4,2017-02-02T00:01:30,2017-02-02T00:00:53.000Z,2017-02-02,2017-02-02 00:00:23.200,1.5798985958099363,stored_original_4096x4096_pixel_percentage_not_recomputed_from_npy,train,"(512, 512)",float32
195,195;196,data/processed/hmi.m_45s.2017.02.04_00_01_30_TAI.magnetogram_processed.npy,hmi.m_45s.2017.02.04_00_01_30_TAI.magnetogram_processed.npy,8d0684a89b4861814102e69c120e3ff36671a7edf5067c7966d0fb92611f218f,2017-02-04T00:01:30,2017-02-04T00:00:53.000Z,2017-02-04,2017-02-04 00:00:23.400,1.4989078044891355,stored_original_4096x4096_pixel_percentage_not_recomputed_from_npy,train,"(512, 512)",float32
197,197;198,data/processed/hmi.m_45s.2017.02.05_00_01_30_TAI.magnetogram_processed.npy,hmi.m_45s.2017.02.05_00_01_30_TAI.magnetogram_processed.npy,56bbcf902bb105c03c264352594b9fdf431daa0af04fb01f8f6514ab546f174a,2017-02-05T00:01:30,2017-02-05T00:00:53.000Z,2017-02-05,2017-02-05 00:00:23.400,1.4830529689788818,stored_original_4096x4096_pixel_percentage_not_recomputed_from_npy,train,"(512, 512)",float32
199,199;200,data/processed/hmi.m_45s.2017.02.15_00_01_30_TAI.magnetogram_processed.npy,hmi.m_45s.2017.02.15_00_01_30_TAI.magnetogram_processed.npy,a949b1d6f760cc17a3e1b21ac7d13459459929fd86292e365986c63c408ddd41,2017-02-15T00:01:30,2017-02-15T00:00:53.000Z,2017-02-15,2017-02-15 00:00:24.300,1.5466749668121338,stored_original_4096x4096_pixel_percentage_not_recomputed_from_npy,train,"(512, 512)",float32
201,201;202,data/processed/hmi.m_45s.2017.02.16_00_01_30_TAI.magnetogram_processed.npy,hmi.m_45s.2017.02.16_00_01_30_TAI.magnetogram_processed.npy,5c982d358397cf922c3b0b98e25b922fca49bcb80c6d393d05dbe17bb128aa1e,2017-02-16T00:01:30,2017-02-16T00:00:53.000Z,2017-02-16,2017-02-16 00:00:24.400,1.5495479106903076,stored_original_4096x4096_pixel_percentage_not_recomputed_from_npy,train,"(512, 512)",float32
203,203;204,data/processed/hmi.m_45s.2017.02.20_00_01_30_TAI.magnetogram_processed.npy,hmi.m_45s.2017.02.20_00_01_30_TAI.magnetogram_processed.npy,056d0487bf4cc1437d77c70c04a613dadd9250b5137c68e76d927fc4b7b3926e,2017-02-20T00:01:30,2017-02-20T00:00:53.000Z,2017-02-20,2017-02-20 00:00:24.800,1.5953123569488523,stored_original_4096x4096_pixel_percentage_not_recomputed_from_npy,train,"(512, 512)",float32
205,205;206,data/processed/hmi.m_45s.2017.02.21_00_01_30_TAI.magnetogram_processed.npy,hmi.m_45s.2017.02.21_00_01_30_TAI.magnetogram_processed.npy,f622f41ca0c1dcd27bb16b526b69b54e3f0177beae4d9394eba195b4aa058a64,2017-02-21T00:01:30,2017-02-21T00:00:53.000Z,2017-02-21,2017-02-21 00:00:25.000,1.6047775745391846,stored_original_4096x4096_pixel_percentage_not_recomputed_from_npy,selection_validation,"(512, 512)",float32
207,207,data/processed/hmi.m_45s.2017.02.22_00_01_30_TAI.magnetogram_processed.npy,hmi.m_45s.2017.02.22_00_01_30_TAI.magnetogram_processed.npy,c7c9cecc6ec9458a05624d4bc2acfe164cff0e5c689337bd91aeee94685dc6e5,2017-02-22T00:01:30,2017-02-22T00:00:53.000Z,2017-02-22,2017-02-22 00:00:25.100,1.6310572624206543,stored_original_4096x4096_pixel_percentage_not_recomputed_from_npy,train,"(512, 512)",float32
208,208,data/processed/hmi.m_45s.2017.02.24_00_01_30_TAI.magnetogram_processed.npy,hmi.m_45s.2017.02.24_00_01_30_TAI.magnetogram_processed.npy,d91572d3b9ae65daea4ec2fc529e87686b3c4a0b876575eab9fefba4db5053bd,2017-02-24T00:01:30,2017-02-24T00:00:53.000Z,2017-02-24,2017-02-24 00:00:25.300,1.652848720550537,stored_original_4096x4096_pixel_percentage_not_recomputed_from_npy,train,"(512, 512)",float32
209,209;210,data/processed/hmi.m_45s.2017.03.02_00_01_30_TAI.magnetogram_processed.npy,hmi.m_45s.2017.03.02_00_01_30_TAI.magnetogram_processed.npy,1bec30071a122d77d1acab2f518556996c2c34b35d0ac861edae8621744e875a,2017-03-02T00:01:30,2017-03-02T00:00:53.000Z,2017-03-02,2017-03-02 00:00:26.000,1.6433119773864746,stored_original_4096x4096_pixel_percentage_not_recomputed_from_npy,train,"(512, 512)",float32
211,211,data/processed/hmi.m_45s.2017.03.03_00_01_30_TAI.magnetogram_processed.npy,hmi.m_45s.2017.03.03_00_01_30_TAI.magnetogram_processed.npy,cd90485e2122efae843b394cac861eb5846c0b35e538faad68bf10b22e0c27c7,2017-03-03T00:01:30,2017-03-03T00:00:53.000Z,2017-03-03,2017-03-03 00:00:26.100,1.688337326049805,stored_original_4096x4096_pixel_percentage_not_recomputed_from_npy,train,"(512, 512)",float32
212,212,data/processed/hmi.m_45s.2017.03.05_00_01_30_TAI.magnetogram_processed.npy,hmi.m_45s.2017.03.05_00_01_30_TAI.magnetogram_processed.npy,794c75595527d68ef31fe24173c5a67b0709af16b72884c2d88f4bab3f6544f5,2017-03-05T00:01:30,2017-03-05T00:00:53.000Z,2017-03-05,2017-03-05 00:00:26.400,1.6136467456817627,stored_original_4096x4096_pixel_percentage_not_recomputed_from_npy,train,"(512, 512)",float32
213,213,data/processed/hmi.m_45s.2017.03.09_00_01_30_TAI.magnetogram_processed.npy,hmi.m_45s.2017.03.09_00_01_30_TAI.magnetogram_processed.npy,78e1bf4d77058cafdd11b8bb9e23050ee0e37b55d2a79dda0666b5a970364c40,2017-03-09T00:01:30,2017-03-09T00:00:53.000Z,2017-03-09,2017-03-09 00:00:26.900,1.595860719680786,stored_original_4096x4096_pixel_percentage_not_recomputed_from_npy,train,"(512, 512)",float32
214,214,data/processed/hmi.m_45s.2017.03.13_00_01_30_TAI.magnetogram_processed.npy,hmi.m_45s.2017.03.13_00_01_30_TAI.magnetogram_processed.npy,d3b4740e991ffeaae071a7fb7942aa5a18859e7d9b936dd447b0560be73a98f1,2017-03-13T00:01:30,2017-03-13T00:00:53.000Z,2017-03-13,2017-03-13 00:00:27.400,1.5983164310455322,stored_original_4096x4096_pixel_percentage_not_recomputed_from_npy,train,"(512, 512)",float32
215,215,data/processed/hmi.m_45s.2017.03.15_00_01_30_TAI.magnetogram_processed.npy,hmi.m_45s.2017.03.15_00_01_30_TAI.magnetogram_processed.npy,9ede6f0afbea15fffc989211c6af7e51b1c67f3b8f39e7c502a8f18fc5b8594c,2017-03-15T00:01:30,2017-03-15T00:00:53.000Z,2017-03-15,2017-03-15 00:00:27.700,1.5942037105560305,stored_original_4096x4096_pixel_percentage_not_recomputed_from_npy,selection_validation,"(512, 512)",float32
216,216,data/processed/hmi.m_45s.2017.03.16_00_01_30_TAI.magnetogram_processed.npy,hmi.m_45s.2017.03.16_00_01_30_TAI.magnetogram_processed.npy,1b033dda7894a28210c389ab08c713485c866f4dc04da211799c8f68ea96210f,2017-03-16T00:01:30,2017-03-16T00:00:53.000Z,2017-03-16,2017-03-16 00:00:27.800,1.6194462776184082,stored_original_4096x4096_pixel_percentage_not_recomputed_from_npy,train,"(512, 512)",float32
217,217,data/processed/hmi.m_45s.2017.03.17_00_01_30_TAI.magnetogram_processed.npy,hmi.m_45s.2017.03.17_00_01_30_TAI.magnetogram_processed.npy,605b7d73266b0b83ae7d28f86ef07268c01a0afb5163bf74aa83a5a135a5b1f5,2017-03-17T00:01:30,2017-03-17T00:00:53.000Z,2017-03-17,2017-03-17 00:00:28.000,1.584082841873169,stored_original_4096x4096_pixel_percentage_not_recomputed_from_npy,train,"(512, 512)",float32
218,218,data/processed/hmi.m_45s.2017.03.18_00_01_30_TAI.magnetogram_processed.npy,hmi.m_45s.2017.03.18_00_01_30_TAI.magnetogram_processed.npy,2796c2c2bce2aeb9604ae84a9c7fd61ef025bac669bcf86688a29049d3a05aac,2017-03-18T00:01:30,2017-03-18T00:00:53.000Z,2017-03-18,2017-03-18 00:00:28.100,1.5775680541992188,stored_original_4096x4096_pixel_percentage_not_recomputed_from_npy,train,"(512, 512)",float32
219,219,data/processed/hmi.m_45s.2017.03.19_00_01_30_TAI.magnetogram_processed.npy,hmi.m_45s.2017.03.19_00_01_30_TAI.magnetogram_processed.npy,6163ccde3b716c90e499a329a1f80048221bb1da4e5b1558f9353cc52943f49b,2017-03-19T00:01:30,2017-03-19T00:00:53.000Z,2017-03-19,2017-03-19 00:00:28.200,1.5929877758026123,stored_original_4096x4096_pixel_percentage_not_recomputed_from_npy,train,"(512, 512)",float32
220,220;221,data/processed/hmi.m_45s.2017.03.20_00_01_30_TAI.magnetogram_processed.npy,hmi.m_45s.2017.03.20_00_01_30_TAI.magnetogram_processed.npy,ed8cbb809aac8ca2480ef0dcddb889e378b730f7adea0a532a31f0e7c41335c0,2017-03-20T00:01:30,2017-03-20T00:00:53.000Z,2017-03-20,2017-03-20 00:00:28.400,1.589757204055786,stored_original_4096x4096_pixel_percentage_not_recomputed_from_npy,selection_validation,"(512, 512)",float32
222,222,data/processed/hmi.m_45s.2017.03.21_00_01_30_TAI.magnetogram_processed.npy,hmi.m_45s.2017.03.21_00_01_30_TAI.magnetogram_processed.npy,3bf34c9443a57367a9ba084f767187b36e894c5aa4b09b60c3e993e23a529ef7,2017-03-21T00:01:30,2017-03-21T00:00:53.000Z,2017-03-21,2017-03-21 00:00:28.500,1.5852808952331543,stored_original_4096x4096_pixel_percentage_not_recomputed_from_npy,train,"(512, 512)",float32
223,223,data/processed/hmi.m_45s.2017.03.22_00_01_30_TAI.magnetogram_processed.npy,hmi.m_45s.2017.03.22_00_01_30_TAI.magnetogram_processed.npy,06612122b9c2afa997bc212c3803c2173bac451b550ed5223e616bb2e32fcca3,2017-03-22T00:01:30,2017-03-22T00:00:53.000Z,2017-03-22,2017-03-22 00:00:28.700,1.5796244144439695,stored_original_4096x4096_pixel_percentage_not_recomputed_from_npy,selection_validation,"(512, 512)",float32
224,224;225,data/processed/hmi.m_45s.2017.03.26_00_01_30_TAI.magnetogram_processed.npy,hmi.m_45s.2017.03.26_00_01_30_TAI.magnetogram_processed.npy,e90b0edd9f932519be91e10c0c130ac37c2a54cd0067cb854fb087953e5c5ead,2017-03-26T00:01:30,2017-03-26T00:00:53.000Z,2017-03-26,2017-03-26 00:00:29.300,1.6963601112365725,stored_original_4096x4096_pixel_percentage_not_recomputed_from_npy,train,"(512, 512)",float32
226,226,data/processed/hmi.m_45s.2017.03.27_00_01_30_TAI.magnetogram_processed.npy,hmi.m_45s.2017.03.27_00_01_30_TAI.magnetogram_processed.npy,0dd1ac2317f632a127364e44a930e58c2da41b770c5fe2eee4ac6b476d2f4a5f,2017-03-27T00:01:30,2017-03-27T00:00:53.000Z,2017-03-27,2017-03-27 00:00:29.400,1.6853630542755127,stored_original_4096x4096_pixel_percentage_not_recomputed_from_npy,train,"(512, 512)",float32
227,227;228,data/processed/hmi.m_45s.2017.03.28_00_01_30_TAI.magnetogram_processed.npy,hmi.m_45s.2017.03.28_00_01_30_TAI.magnetogram_processed.npy,4ad171d640f33e3189b2ed095ddab58010f4adaf175571541b3563db34fccb05,2017-03-28T00:01:30,2017-03-28T00:00:53.000Z,2017-03-28,2017-03-28 00:00:29.500,1.6369879245758057,stored_original_4096x4096_pixel_percentage_not_recomputed_from_npy,train,"(512, 512)",float32
229,229,data/processed/hmi.m_45s.2017.03.29_00_01_30_TAI.magnetogram_processed.npy,hmi.m_45s.2017.03.29_00_01_30_TAI.magnetogram_processed.npy,17349d31c7785ce1520316bfa91f1fdd8accc6328af1db74e6bf8d2ea4c795e6,2017-03-29T00:01:30,2017-03-29T00:00:53.000Z,2017-03-29,2017-03-29 00:00:29.700,1.719599962234497,stored_original_4096x4096_pixel_percentage_not_recomputed_from_npy,selection_validation,"(512, 512)",float32
230,230,data/processed/hmi.m_45s.2017.03.30_00_01_30_TAI.magnetogram_processed.npy,hmi.m_45s.2017.03.30_00_01_30_TAI.magnetogram_processed.npy,12fbb8854ea4e7d0d3607614e16c25050a275337762c8192cb8f24e4b2bfb207,2017-03-30T00:01:30,2017-03-30T00:00:53.000Z,2017-03-30,2017-03-30 00:00:29.800,1.7347872257232666,stored_original_4096x4096_pixel_percentage_not_recomputed_from_npy,selection_validation,"(512, 512)",float32
231,231,data/processed/hmi.m_45s.2017.04.02_00_01_30_TAI.magnetogram_processed.npy,hmi.m_45s.2017.04.02_00_01_30_TAI.magnetogram_processed.npy,b3ebdb5ebb826cc30f7070d1e0bb2a2aacca3b72b12ba4f886fad14e82f56fa7,2017-04-02T00:01:30,2017-04-02T00:00:53.000Z,2017-04-02,2017-04-02 00:00:30.200,1.9489288330078125,stored_original_4096x4096_pixel_percentage_not_recomputed_from_npy,train,"(512, 512)",float32
232,232;233,data/processed/hmi.m_45s.2017.04.07_00_01_30_TAI.magnetogram_processed.npy,hmi.m_45s.2017.04.07_00_01_30_TAI.magnetogram_processed.npy,5b5732d652a93415cf2b929a93ecd7037644810d9b097de35b32739b413a5269,2017-04-07T00:01:30,2017-04-07T00:00:53.000Z,2017-04-07,2017-04-07 00:00:30.900,1.5654146671295166,stored_original_4096x4096_pixel_percentage_not_recomputed_from_npy,train,"(512, 512)",float32
234,234,data/processed/hmi.m_45s.2017.04.10_00_01_30_TAI.magnetogram_processed.npy,hmi.m_45s.2017.04.10_00_01_30_TAI.magnetogram_processed.npy,d9dc2e921a7fa7d8cf4e1592128d19f4d1556095970ca99c859dfaee5550f47e,2017-04-10T00:01:30,2017-04-10T00:00:53.000Z,2017-04-10,2017-04-10 00:00:31.400,1.5880882740020752,stored_original_4096x4096_pixel_percentage_not_recomputed_from_npy,train,"(512, 512)",float32
235,235,data/processed/hmi.m_45s.2017.04.11_00_01_30_TAI.magnetogram_processed.npy,hmi.m_45s.2017.04.11_00_01_30_TAI.magnetogram_processed.npy,c98d5496f77651a4de330f9afb84cb9601580113ed89f9b2ee8b33d7ba1c777e,2017-04-11T00:01:30,2017-04-11T00:00:53.000Z,2017-04-11,2017-04-11 00:00:31.500,1.5893936157226562,stored_original_4096x4096_pixel_percentage_not_recomputed_from_npy,train,"(512, 512)",float32
236,236,data/processed/hmi.m_45s.2017.04.17_00_01_30_TAI.magnetogram_processed.npy,hmi.m_45s.2017.04.17_00_01_30_TAI.magnetogram_processed.npy,9a75e54ca6cb76123212878bc18fa88f1d70e11b5afdcc666a25c011bacbec3a,2017-04-17T00:01:30,2017-04-17T00:00:53.000Z,2017-04-17,2017-04-17 00:00:32.400,1.5311062335968018,stored_original_4096x4096_pixel_percentage_not_recomputed_from_npy,train,"(512, 512)",float32
237,237,data/processed/hmi.m_45s.2017.04.18_00_01_30_TAI.magnetogram_processed.npy,hmi.m_45s.2017.04.18_00_01_30_TAI.magnetogram_processed.npy,6cef3f93ebb653ea28628fe7b2088b14f00372d3ac206f67695c4b28b2a9bc0a,2017-04-18T00:01:30,2017-04-18T00:00:53.000Z,2017-04-18,2017-04-18 00:00:32.500,1.5297174453735352,stored_original_4096x4096_pixel_percentage_not_recomputed_from_npy,train,"(512, 512)",float32
238,238,data/processed/hmi.m_45s.2017.04.19_00_01_30_TAI.magnetogram_processed.npy,hmi.m_45s.2017.04.19_00_01_30_TAI.magnetogram_processed.npy,c45e99028a535b7ad3b954be27ac1787d775bbe6bf7cbcaf31a65a94b015b49d,2017-04-19T00:01:30,2017-04-19T00:00:53.000Z,2017-04-19,2017-04-19 00:00:32.700,1.5064239501953125,stored_original_4096x4096_pixel_percentage_not_recomputed_from_npy,train,"(512, 512)",float32
239,239,data/processed/hmi.m_45s.2017.04.22_00_01_30_TAI.magnetogram_processed.npy,hmi.m_45s.2017.04.22_00_01_30_TAI.magnetogram_processed.npy,871603581b3a8f77e8e1dea7737c25047496ab60f4c594ad5d124bf6ae14c149,2017-04-22T00:01:30,2017-04-22T00:00:53.000Z,2017-04-22,2017-04-22 00:00:33.100,1.5639662742614746,stored_original_4096x4096_pixel_percentage_not_recomputed_from_npy,train,"(512, 512)",float32
240,240,data/processed/hmi.m_45s.2017.04.23_00_01_30_TAI.magnetogram_processed.npy,hmi.m_45s.2017.04.23_00_01_30_TAI.magnetogram_processed.npy,22aeb1edade44a8902c9a3999664bed24a537ffc23eb0e4b12b80365e75652cb,2017-04-23T00:01:30,2017-04-23T00:00:53.000Z,2017-04-23,2017-04-23 00:00:33.200,1.660287380218506,stored_original_4096x4096_pixel_percentage_not_recomputed_from_npy,selection_validation,"(512, 512)",float32
241,241,data/processed/hmi.m_45s.2017.04.27_00_01_30_TAI.magnetogram_processed.npy,hmi.m_45s.2017.04.27_00_01_30_TAI.magnetogram_processed.npy,87764bc63e9e9b81d36ca1f4a3181f57f83fb60286b8b5fcbee56683da97cb65,2017-04-27T00:01:30,2017-04-27T00:00:53.000Z,2017-04-27,2017-04-27 00:00:33.700,2.323591709136963,stored_original_4096x4096_pixel_percentage_not_recomputed_from_npy,train,"(512, 512)",float32
242,242,data/processed/hmi.m_45s.2017.04.29_00_01_30_TAI.magnetogram_processed.npy,hmi.m_45s.2017.04.29_00_01_30_TAI.magnetogram_processed.npy,aaaf8d283b6b6ea4bd6e0b041983932cb737a9709a87c8375e34193a7c0c2aa3,2017-04-29T00:01:30,2017-04-29T00:00:53.000Z,2017-04-29,2017-04-29 00:00:34.000,1.8637299537658691,stored_original_4096x4096_pixel_percentage_not_recomputed_from_npy,train,"(512, 512)",float32
243,243,data/processed/hmi.m_45s.2017.05.03_00_01_30_TAI.magnetogram_processed.npy,hmi.m_45s.2017.05.03_00_01_30_TAI.magnetogram_processed.npy,fb9bb902aeacaaca8a8628f383534137291614206edbe65463b5830450820d5e,2017-05-03T00:01:30,2017-05-03T00:00:53.000Z,2017-05-03,2017-05-03 00:00:34.500,1.5761971473693848,stored_original_4096x4096_pixel_percentage_not_recomputed_from_npy,train,"(512, 512)",float32
244,244,data/processed/hmi.m_45s.2017.05.04_00_01_30_TAI.magnetogram_processed.npy,hmi.m_45s.2017.05.04_00_01_30_TAI.magnetogram_processed.npy,5f0be1c79e69d094538371859c1919d8013ef7d678770ec1b2dfb7acbd00a1df,2017-05-04T00:01:30,2017-05-04T00:00:53.000Z,2017-05-04,2017-05-04 00:00:34.600,1.555114984512329,stored_original_4096x4096_pixel_percentage_not_recomputed_from_npy,train,"(512, 512)",float32
245,245,data/processed/hmi.m_45s.2017.05.13_00_01_30_TAI.magnetogram_processed.npy,hmi.m_45s.2017.05.13_00_01_30_TAI.magnetogram_processed.npy,969cca8daf9bccd048dc35d114453e090b3af827cd3ecd8f3b5354cbaf669d2f,2017-05-13T00:01:30,2017-05-13T00:00:53.000Z,2017-05-13,2017-05-13 00:00:35.700,1.3770699501037598,stored_original_4096x4096_pixel_percentage_not_recomputed_from_npy,train,"(512, 512)",float32
246,246,data/processed/hmi.m_45s.2017.05.15_00_01_30_TAI.magnetogram_processed.npy,hmi.m_45s.2017.05.15_00_01_30_TAI.magnetogram_processed.npy,6e47f0b37ea6788c0f0d6902ae7ef32dbef1df2b5a5ff769d6814f78788eb32a,2017-05-15T00:01:30,2017-05-15T00:00:53.000Z,2017-05-15,2017-05-15 00:00:35.900,1.3658642768859863,stored_original_4096x4096_pixel_percentage_not_recomputed_from_npy,train,"(512, 512)",float32
247,247,data/processed/hmi.m_45s.2017.05.16_00_01_30_TAI.magnetogram_processed.npy,hmi.m_45s.2017.05.16_00_01_30_TAI.magnetogram_processed.npy,359eb786beab8bd4d7b3393bb1d7399bfda44a2000bd9aac70149f66d3ff952a,2017-05-16T00:01:30,2017-05-16T00:00:53.000Z,2017-05-16,2017-05-16 00:00:36.000,1.363915205001831,stored_original_4096x4096_pixel_percentage_not_recomputed_from_npy,train,"(512, 512)",float32
248,248;249,data/processed/hmi.m_45s.2017.05.21_00_01_30_TAI.magnetogram_processed.npy,hmi.m_45s.2017.05.21_00_01_30_TAI.magnetogram_processed.npy,4ecfabf671d9ec28b107ff90d76de9586fc2573505d1ca1f9b3b4743c2fcf87d,2017-05-21T00:01:30,2017-05-21T00:00:53.000Z,2017-05-21,2017-05-21 00:00:36.500,1.579999923706055,stored_original_4096x4096_pixel_percentage_not_recomputed_from_npy,selection_validation,"(512, 512)",float32
250,250;251;252,data/processed/hmi.m_45s.2017.05.25_00_01_30_TAI.magnetogram_processed.npy,hmi.m_45s.2017.05.25_00_01_30_TAI.magnetogram_processed.npy,4bc1624c735a0b1c60fafbcef5b63e99694f6ea47f3820426f2c72f41a7579c7,2017-05-25T00:01:30,2017-05-25T00:00:53.000Z,2017-05-25,2017-05-25 00:00:36.900,1.6755342483520508,stored_original_4096x4096_pixel_percentage_not_recomputed_from_npy,train,"(512, 512)",float32
253,253;254,data/processed/hmi.m_45s.2017.05.26_00_01_30_TAI.magnetogram_processed.npy,hmi.m_45s.2017.05.26_00_01_30_TAI.magnetogram_processed.npy,61b545ab21104404b773d501d89652ebe66b2723f98221c7929601900a5598b0,2017-05-26T00:01:30,2017-05-26T00:00:53.000Z,2017-05-26,2017-05-26 00:00:37.000,1.6181707382202148,stored_original_4096x4096_pixel_percentage_not_recomputed_from_npy,train,"(512, 512)",float32
255,255,data/processed/hmi.m_45s.2017.05.27_00_01_30_TAI.magnetogram_processed.npy,hmi.m_45s.2017.05.27_00_01_30_TAI.magnetogram_processed.npy,e40bdf1df6df1237fbbbc4288f49970075b3a2ff13a1f308da611b0e587a7263,2017-05-27T00:01:30,2017-05-27T00:00:53.000Z,2017-05-27,2017-05-27 00:00:37.100,1.577460765838623,stored_original_4096x4096_pixel_percentage_not_recomputed_from_npy,train,"(512, 512)",float32
256,256,data/processed/hmi.m_45s.2017.05.28_00_01_30_TAI.magnetogram_processed.npy,hmi.m_45s.2017.05.28_00_01_30_TAI.magnetogram_processed.npy,a100fa60d148bd94edda77dd97929bd4d26c15c7b37f12ec9b0b914b67d4333a,2017-05-28T00:01:30,2017-05-28T00:00:53.000Z,2017-05-28,2017-05-28 00:00:37.200,1.3774454593658447,stored_original_4096x4096_pixel_percentage_not_recomputed_from_npy,selection_validation,"(512, 512)",float32
257,257;258,data/processed/hmi.m_45s.2017.05.29_00_01_30_TAI.magnetogram_processed.npy,hmi.m_45s.2017.05.29_00_01_30_TAI.magnetogram_processed.npy,f49f8d73629cb0c100fa430606c803c3464e36aef81c1b332838c328c310b88d,2017-05-29T00:01:30,2017-05-29T00:00:53.000Z,2017-05-29,2017-05-29 00:00:37.200,1.3776779174804688,stored_original_4096x4096_pixel_percentage_not_recomputed_from_npy,train,"(512, 512)",float32
259,259,data/processed/hmi.m_45s.2017.06.01_00_01_30_TAI.magnetogram_processed.npy,hmi.m_45s.2017.06.01_00_01_30_TAI.magnetogram_processed.npy,f5d2276f70fbf70aec086aec452e53c08e79f526e6d2c8c30614c6eac6c0e716,2017-06-01T00:01:30,2017-06-01T00:00:53.000Z,2017-06-01,2017-06-01 00:00:37.500,1.3735413551330566,stored_original_4096x4096_pixel_percentage_not_recomputed_from_npy,selection_validation,"(512, 512)",float32
260,260;261,data/processed/hmi.m_45s.2017.06.02_00_01_30_TAI.magnetogram_processed.npy,hmi.m_45s.2017.06.02_00_01_30_TAI.magnetogram_processed.npy,5e9de907548fb83b9ce1498394aba5a475a844eca82c789a50889edf8db8691a,2017-06-02T00:01:30,2017-06-02T00:00:53.000Z,2017-06-02,2017-06-02 00:00:37.500,1.3783514499664309,stored_original_4096x4096_pixel_percentage_not_recomputed_from_npy,train,"(512, 512)",float32
262,262,data/processed/hmi.m_45s.2017.06.03_00_01_30_TAI.magnetogram_processed.npy,hmi.m_45s.2017.06.03_00_01_30_TAI.magnetogram_processed.npy,5639835a50426292fbb71896215c49ea1cc3bd17234f6442b26916c5b339578f,2017-06-03T00:01:30,2017-06-03T00:00:53.000Z,2017-06-03,2017-06-03 00:00:37.600,1.3809502124786377,stored_original_4096x4096_pixel_percentage_not_recomputed_from_npy,train,"(512, 512)",float32
263,263,data/processed/hmi.m_45s.2017.06.04_00_01_30_TAI.magnetogram_processed.npy,hmi.m_45s.2017.06.04_00_01_30_TAI.magnetogram_processed.npy,c6958cbefd6694d6a2bde6de49517f8debe201bd2e60b5f0a8a4da0d9e64715e,2017-06-04T00:01:30,2017-06-04T00:00:53.000Z,2017-06-04,2017-06-04 00:00:37.700,1.3970553874969482,stored_original_4096x4096_pixel_percentage_not_recomputed_from_npy,train,"(512, 512)",float32
264,264,data/processed/hmi.m_45s.2017.06.05_00_01_30_TAI.magnetogram_processed.npy,hmi.m_45s.2017.06.05_00_01_30_TAI.magnetogram_processed.npy,9a123115e18d79cb93249466169d948e9cd4c356de18df68713dc3ed922be912,2017-06-05T00:01:30,2017-06-05T00:00:53.000Z,2017-06-05,2017-06-05 00:00:37.700,1.4032840728759766,stored_original_4096x4096_pixel_percentage_not_recomputed_from_npy,train,"(512, 512)",float32
265,265,data/processed/hmi.m_45s.2017.06.06_00_01_30_TAI.magnetogram_processed.npy,hmi.m_45s.2017.06.06_00_01_30_TAI.magnetogram_processed.npy,bcb55bcbae2166db70a2fa6521676ade70a8b143ca2ba1534613b005c821ef2c,2017-06-06T00:01:30,2017-06-06T00:00:53.000Z,2017-06-06,2017-06-06 00:00:37.800,1.3964533805847168,stored_original_4096x4096_pixel_percentage_not_recomputed_from_npy,train,"(512, 512)",float32
266,266,data/processed/hmi.m_45s.2017.06.07_00_01_30_TAI.magnetogram_processed.npy,hmi.m_45s.2017.06.07_00_01_30_TAI.magnetogram_processed.npy,e6fc5c90fbabd7523fe767c1b1e8befe0ea374b7002ba83c2b71e748a885dd87,2017-06-07T00:01:30,2017-06-07T00:00:53.000Z,2017-06-07,2017-06-07 00:00:37.900,1.4082491397857666,stored_original_4096x4096_pixel_percentage_not_recomputed_from_npy,train,"(512, 512)",float32
267,267,data/processed/hmi.m_45s.2017.06.09_00_01_30_TAI.magnetogram_processed.npy,hmi.m_45s.2017.06.09_00_01_30_TAI.magnetogram_processed.npy,20af11ffaaaf1e09ec00fd4740ba34cfc562000134729f3740d40d610995f0c5,2017-06-09T00:01:30,2017-06-09T00:00:53.000Z,2017-06-09,2017-06-09 00:00:38.000,1.3862311840057373,stored_original_4096x4096_pixel_percentage_not_recomputed_from_npy,train,"(512, 512)",float32
268,268;269,data/processed/hmi.m_45s.2017.06.10_00_01_30_TAI.magnetogram_processed.npy,hmi.m_45s.2017.06.10_00_01_30_TAI.magnetogram_processed.npy,e24d1b96a35a1486affab494de6b2c6308a4547d62954e314ccc6dcbc3522396,2017-06-10T00:01:30,2017-06-10T00:00:53.000Z,2017-06-10,2017-06-10 00:00:38.000,1.3614296913146973,stored_original_4096x4096_pixel_percentage_not_recomputed_from_npy,train,"(512, 512)",float32
270,270,data/processed/hmi.m_45s.2017.06.11_00_01_30_TAI.magnetogram_processed.npy,hmi.m_45s.2017.06.11_00_01_30_TAI.magnetogram_processed.npy,4702de0821f5893a214ce1b2181bc9795df7601e4847941e3e672a37a8b46efc,2017-06-11T00:01:30,2017-06-11T00:00:53.000Z,2017-06-11,2017-06-11 00:00:38.100,1.3352513313293457,stored_original_4096x4096_pixel_percentage_not_recomputed_from_npy,train,"(512, 512)",float32
271,271,data/processed/hmi.m_45s.2017.06.13_00_01_30_TAI.magnetogram_processed.npy,hmi.m_45s.2017.06.13_00_01_30_TAI.magnetogram_processed.npy,4bbcb56c92d44bb6a947f98f529537712cc2fbc6eb8a0e702889cd552ba4ce3a,2017-06-13T00:01:30,2017-06-13T00:00:53.000Z,2017-06-13,2017-06-13 00:00:38.200,1.3165652751922607,stored_original_4096x4096_pixel_percentage_not_recomputed_from_npy,selection_validation,"(512, 512)",float32
272,272,data/processed/hmi.m_45s.2017.06.15_00_01_30_TAI.magnetogram_processed.npy,hmi.m_45s.2017.06.15_00_01_30_TAI.magnetogram_processed.npy,7db83a5cd222e2fb291699a0485fbd2ee2ce3f66bcacdb4d6e4a29623dbfc746,2017-06-15T00:01:30,2017-06-15T00:00:53.000Z,2017-06-15,2017-06-15 00:00:38.300,1.3578712940216064,stored_original_4096x4096_pixel_percentage_not_recomputed_from_npy,selection_validation,"(512, 512)",float32
273,273,data/processed/hmi.m_45s.2017.06.17_00_01_30_TAI.magnetogram_processed.npy,hmi.m_45s.2017.06.17_00_01_30_TAI.magnetogram_processed.npy,48ddf192ab5c956a166a014485aa67d6b5132dd093aefaf5f92b5549688b56c4,2017-06-17T00:01:30,2017-06-17T00:00:53.000Z,2017-06-17,2017-06-17 00:00:38.400,1.4247238636016846,stored_original_4096x4096_pixel_percentage_not_recomputed_from_npy,selection_validation,"(512, 512)",float32
274,274,data/processed/hmi.m_45s.2017.06.19_00_01_30_TAI.magnetogram_processed.npy,hmi.m_45s.2017.06.19_00_01_30_TAI.magnetogram_processed.npy,746c42dd4e6e653cc449c9deb83b26521bf95e445b9c46be41f9cbe12b2a68ed,2017-06-19T00:01:30,2017-06-19T00:00:53.000Z,2017-06-19,2017-06-19 00:00:38.500,1.4368891716003418,stored_original_4096x4096_pixel_percentage_not_recomputed_from_npy,train,"(512, 512)",float32
275,275,data/processed/hmi.m_45s.2017.06.20_00_01_30_TAI.magnetogram_processed.npy,hmi.m_45s.2017.06.20_00_01_30_TAI.magnetogram_processed.npy,2ea517ffa4da9b23ec83af44affdb016e8467fba0452ba902f4004aeaf7a7e0f,2017-06-20T00:01:30,2017-06-20T00:00:53.000Z,2017-06-20,2017-06-20 00:00:38.500,1.4100611209869385,stored_original_4096x4096_pixel_percentage_not_recomputed_from_npy,train,"(512, 512)",float32
276,276,data/processed/hmi.m_45s.2017.06.21_00_01_30_TAI.magnetogram_processed.npy,hmi.m_45s.2017.06.21_00_01_30_TAI.magnetogram_processed.npy,957e9a61f45ccff9c3d7360b03d04fd0c6e9798979829e9ceb143cb04474bdae,2017-06-21T00:01:30,2017-06-21T00:00:53.000Z,2017-06-21,2017-06-21 00:00:38.600,1.394498348236084,stored_original_4096x4096_pixel_percentage_not_recomputed_from_npy,train,"(512, 512)",float32
277,277,data/processed/hmi.m_45s.2017.06.25_00_01_30_TAI.magnetogram_processed.npy,hmi.m_45s.2017.06.25_00_01_30_TAI.magnetogram_processed.npy,8d35871a717ae3afeadae930df99a068e24fd92c9a25fe62c0cd5d7e2328dda3,2017-06-25T00:01:30,2017-06-25T00:00:53.000Z,2017-06-25,2017-06-25 00:00:38.700,1.3492703437805176,stored_original_4096x4096_pixel_percentage_not_recomputed_from_npy,train,"(512, 512)",float32
278,278,data/processed/hmi.m_45s.2017.06.26_00_01_30_TAI.magnetogram_processed.npy,hmi.m_45s.2017.06.26_00_01_30_TAI.magnetogram_processed.npy,bad5474fe14f61a49dc6b17cdcf64257af127fbdb10275f336fa167c1857f51f,2017-06-26T00:01:30,2017-06-26T00:00:53.000Z,2017-06-26,2017-06-26 00:00:38.700,1.365065574645996,stored_original_4096x4096_pixel_percentage_not_recomputed_from_npy,train,"(512, 512)",float32
279,279,data/processed/hmi.m_45s.2017.06.27_00_01_30_TAI.magnetogram_processed.npy,hmi.m_45s.2017.06.27_00_01_30_TAI.magnetogram_processed.npy,648a6f231e4a567094c22cbe0ceb679159aca8abcd35e7173d668f767b5719fa,2017-06-27T00:01:30,2017-06-27T00:00:53.000Z,2017-06-27,2017-06-27 00:00:38.700,1.3705790042877195,stored_original_4096x4096_pixel_percentage_not_recomputed_from_npy,train,"(512, 512)",float32
280,280,data/processed/hmi.m_45s.2017.06.28_00_01_30_TAI.magnetogram_processed.npy,hmi.m_45s.2017.06.28_00_01_30_TAI.magnetogram_processed.npy,427701fb3a109c4adebae933624caff4c7c3aac3bf0679a070be97c557e82d94,2017-06-28T00:01:30,2017-06-28T00:00:53.000Z,2017-06-28,2017-06-28 00:00:38.700,1.36338472366333,stored_original_4096x4096_pixel_percentage_not_recomputed_from_npy,train,"(512, 512)",float32
281,281;282,data/processed/hmi.m_45s.2017.07.03_00_01_30_TAI.magnetogram_processed.npy,hmi.m_45s.2017.07.03_00_01_30_TAI.magnetogram_processed.npy,23b95de6996755f9ce0d95db14bb387660eccb63aec34bbded8e3a7e9bdb82c9,2017-07-03T00:01:30,2017-07-03T00:00:53.000Z,2017-07-03,2017-07-03 00:00:38.800,1.3325035572052002,stored_original_4096x4096_pixel_percentage_not_recomputed_from_npy,selection_validation,"(512, 512)",float32
283,283,data/processed/hmi.m_45s.2017.07.04_00_01_30_TAI.magnetogram_processed.npy,hmi.m_45s.2017.07.04_00_01_30_TAI.magnetogram_processed.npy,0c18f06a90598c4b4674df066e11c51cdaad2f1a83f0c7d74c46e1704d3a73e7,2017-07-04T00:01:30,2017-07-04T00:00:53.000Z,2017-07-04,2017-07-04 00:00:38.800,1.3265013694763184,stored_original_4096x4096_pixel_percentage_not_recomputed_from_npy,train,"(512, 512)",float32
284,284,data/processed/hmi.m_45s.2017.07.06_00_01_30_TAI.magnetogram_processed.npy,hmi.m_45s.2017.07.06_00_01_30_TAI.magnetogram_processed.npy,19e7b6b4c527dcda10c73b22499ac57d03fd64dd3ba361d89697e5af92cbfc10,2017-07-06T00:01:30,2017-07-06T00:00:53.000Z,2017-07-06,2017-07-06 00:00:38.800,1.3481974601745603,stored_original_4096x4096_pixel_percentage_not_recomputed_from_npy,selection_validation,"(512, 512)",float32
285,285,data/processed/hmi.m_45s.2017.07.07_00_01_30_TAI.magnetogram_processed.npy,hmi.m_45s.2017.07.07_00_01_30_TAI.magnetogram_processed.npy,a49a14aaf892ed2d84d11b5c78995e99f029f2f988f6d4456b33cb5a726443ba,2017-07-07T00:01:30,2017-07-07T00:00:53.000Z,2017-07-07,2017-07-07 00:00:38.800,1.3710319995880127,stored_original_4096x4096_pixel_percentage_not_recomputed_from_npy,selection_validation,"(512, 512)",float32
286,286;287,data/processed/hmi.m_45s.2017.07.12_00_01_30_TAI.magnetogram_processed.npy,hmi.m_45s.2017.07.12_00_01_30_TAI.magnetogram_processed.npy,6e98331bc341d0ae3eb9248a6e1422e597083fad80535518d1bdc085fb1fadf1,2017-07-12T00:01:30,2017-07-12T00:00:53.000Z,2017-07-12,2017-07-12 00:00:38.700,1.5182316303253174,stored_original_4096x4096_pixel_percentage_not_recomputed_from_npy,train,"(512, 512)",float32
288,288,data/processed/hmi.m_45s.2017.07.20_00_01_30_TAI.magnetogram_processed.npy,hmi.m_45s.2017.07.20_00_01_30_TAI.magnetogram_processed.npy,d68af98b5316ea88e9729fe5935fbe11ea3b3b75a5d858145cf031477e8c1f7c,2017-07-20T00:01:30,2017-07-20T00:00:53.000Z,2017-07-20,2017-07-20 00:00:38.500,1.370447874069214,stored_original_4096x4096_pixel_percentage_not_recomputed_from_npy,train,"(512, 512)",float32
289,289,data/processed/hmi.m_45s.2017.07.21_00_01_30_TAI.magnetogram_processed.npy,hmi.m_45s.2017.07.21_00_01_30_TAI.magnetogram_processed.npy,7c4d4d61808dcb94bfacd861abd950909c7af5f10037950ca12ee0b315fa203b,2017-07-21T00:01:30,2017-07-21T00:00:53.000Z,2017-07-21,2017-07-21 00:00:38.500,1.3629138469696045,stored_original_4096x4096_pixel_percentage_not_recomputed_from_npy,train,"(512, 512)",float32
290,290,data/processed/hmi.m_45s.2017.07.26_00_01_30_TAI.magnetogram_processed.npy,hmi.m_45s.2017.07.26_00_01_30_TAI.magnetogram_processed.npy,2ea2d40c851abd47d4e094bb2950f61c46cdb134cbde541c8f9068da7d589438,2017-07-26T00:01:30,2017-07-26T00:00:53.000Z,2017-07-26,2017-07-26 00:00:38.300,1.380687952041626,stored_original_4096x4096_pixel_percentage_not_recomputed_from_npy,train,"(512, 512)",float32
291,291,data/processed/hmi.m_45s.2017.07.28_00_01_30_TAI.magnetogram_processed.npy,hmi.m_45s.2017.07.28_00_01_30_TAI.magnetogram_processed.npy,1ef41e0383539511820270b6a8aedb7cd20e17d68f9ebb341c1d7c6270dbf6b4,2017-07-28T00:01:30,2017-07-28T00:00:53.000Z,2017-07-28,2017-07-28 00:00:38.200,1.373511552810669,stored_original_4096x4096_pixel_percentage_not_recomputed_from_npy,train,"(512, 512)",float32
292,292;293,data/processed/hmi.m_45s.2017.08.02_00_01_30_TAI.magnetogram_processed.npy,hmi.m_45s.2017.08.02_00_01_30_TAI.magnetogram_processed.npy,f5603b29c9d79a24d6226ab6914dc1ed5f1c88bed29397f8508601439e1d8107,2017-08-02T00:01:30,2017-08-02T00:00:53.000Z,2017-08-02,2017-08-02 00:00:37.900,1.3781428337097168,stored_original_4096x4096_pixel_percentage_not_recomputed_from_npy,train,"(512, 512)",float32
294,294,data/processed/hmi.m_45s.2017.08.03_00_01_30_TAI.magnetogram_processed.npy,hmi.m_45s.2017.08.03_00_01_30_TAI.magnetogram_processed.npy,ac3a255ea77a7ec32d790b8abeea84526c1b710b3906694accb8f650dd01dfe9,2017-08-03T00:01:30,2017-08-03T00:00:53.000Z,2017-08-03,2017-08-03 00:00:37.800,1.3857722282409668,stored_original_4096x4096_pixel_percentage_not_recomputed_from_npy,train,"(512, 512)",float32
295,295,data/processed/hmi.m_45s.2017.08.04_00_01_30_TAI.magnetogram_processed.npy,hmi.m_45s.2017.08.04_00_01_30_TAI.magnetogram_processed.npy,c1f86d1ca7fae466331f65272dd5f6d8110f027b3bd6353eab0e6c89c756c641,2017-08-04T00:01:30,2017-08-04T00:00:53.000Z,2017-08-04,2017-08-04 00:00:37.700,1.400911808013916,stored_original_4096x4096_pixel_percentage_not_recomputed_from_npy,train,"(512, 512)",float32
296,296,data/processed/hmi.m_45s.2017.08.08_00_01_30_TAI.magnetogram_processed.npy,hmi.m_45s.2017.08.08_00_01_30_TAI.magnetogram_processed.npy,51a2cec2ae896270ba2f31dfeeba8ff3f01fddc90fac23d48467fbdeb661f850,2017-08-08T00:01:30,2017-08-08T00:00:53.000Z,2017-08-08,2017-08-08 00:00:37.400,1.47627592086792,stored_original_4096x4096_pixel_percentage_not_recomputed_from_npy,train,"(512, 512)",float32
297,297,data/processed/hmi.m_45s.2017.08.09_00_01_30_TAI.magnetogram_processed.npy,hmi.m_45s.2017.08.09_00_01_30_TAI.magnetogram_processed.npy,1884bbfbe5596b03386e802154d7621cabf7fabd0387bbab02f9c5b81297bb99,2017-08-09T00:01:30,2017-08-09T00:00:53.000Z,2017-08-09,2017-08-09 00:00:37.300,1.4719843864440918,stored_original_4096x4096_pixel_percentage_not_recomputed_from_npy,selection_validation,"(512, 512)",float32
298,298,data/processed/hmi.m_45s.2017.08.10_00_01_30_TAI.magnetogram_processed.npy,hmi.m_45s.2017.08.10_00_01_30_TAI.magnetogram_processed.npy,bbee366e8b1e216834034515b9a95c4f05e11e5906a730bb958425b58005f237,2017-08-10T00:01:30,2017-08-10T00:00:53.000Z,2017-08-10,2017-08-10 00:00:37.300,1.472306251525879,stored_original_4096x4096_pixel_percentage_not_recomputed_from_npy,train,"(512, 512)",float32
299,299;300,data/processed/hmi.m_45s.2017.08.14_00_01_30_TAI.magnetogram_processed.npy,hmi.m_45s.2017.08.14_00_01_30_TAI.magnetogram_processed.npy,0adbe0ed429232661ba05b9921764a1594bd2f322dbf4ddfe35bee997d5b8c15,2017-08-14T00:01:30,2017-08-14T00:00:53.000Z,2017-08-14,2017-08-14 00:00:36.900,1.412677764892578,stored_original_4096x4096_pixel_percentage_not_recomputed_from_npy,selection_validation,"(512, 512)",float32
301,301,data/processed/hmi.m_45s.2017.08.15_00_01_30_TAI.magnetogram_processed.npy,hmi.m_45s.2017.08.15_00_01_30_TAI.magnetogram_processed.npy,c614307693be9832e8af7e56fdca06f8ed6076e6bda4dd11125c78c1a2a961a9,2017-08-15T00:01:30,2017-08-15T00:00:53.000Z,2017-08-15,2017-08-15 00:00:36.900,1.408165693283081,stored_original_4096x4096_pixel_percentage_not_recomputed_from_npy,train,"(512, 512)",float32
302,302,data/processed/hmi.m_45s.2017.08.16_00_01_30_TAI.magnetogram_processed.npy,hmi.m_45s.2017.08.16_00_01_30_TAI.magnetogram_processed.npy,18b45b21a17eaa9fa35e8775850569b75703b3bccdffd8741f185f9fa1fff3fe,2017-08-16T00:01:30,2017-08-16T00:00:53.000Z,2017-08-16,2017-08-16 00:00:36.800,1.434326171875,stored_original_4096x4096_pixel_percentage_not_recomputed_from_npy,train,"(512, 512)",float32
303,303,data/processed/hmi.m_45s.2017.08.18_00_01_30_TAI.magnetogram_processed.npy,hmi.m_45s.2017.08.18_00_01_30_TAI.magnetogram_processed.npy,da67946c3a47dbc9cf65e9cde09aa7bd260cd741d739f0ca5040cfc0ed9f3b96,2017-08-18T00:01:30,2017-08-18T00:00:53.000Z,2017-08-18,2017-08-18 00:00:36.600,1.4911115169525146,stored_original_4096x4096_pixel_percentage_not_recomputed_from_npy,train,"(512, 512)",float32
304,304;305,data/processed/hmi.m_45s.2017.08.19_00_01_30_TAI.magnetogram_processed.npy,hmi.m_45s.2017.08.19_00_01_30_TAI.magnetogram_processed.npy,6f64007f5e5049c5ee711bbeec0a486fffbf75eef9c8bd3dfca4e09ff64ebaa4,2017-08-19T00:01:30,2017-08-19T00:00:53.000Z,2017-08-19,2017-08-19 00:00:36.500,1.515895128250122,stored_original_4096x4096_pixel_percentage_not_recomputed_from_npy,train,"(512, 512)",float32
306,306,data/processed/hmi.m_45s.2017.08.23_00_01_30_TAI.magnetogram_processed.npy,hmi.m_45s.2017.08.23_00_01_30_TAI.magnetogram_processed.npy,6058521744302aafee8c1fb12c93c8cc942d0abba5045f84a09d36a9ead0b411,2017-08-23T00:01:30,2017-08-23T00:00:53.000Z,2017-08-23,2017-08-23 00:00:36.100,1.5600919723510742,stored_original_4096x4096_pixel_percentage_not_recomputed_from_npy,train,"(512, 512)",float32
307,307,data/processed/hmi.m_45s.2017.08.28_00_01_30_TAI.magnetogram_processed.npy,hmi.m_45s.2017.08.28_00_01_30_TAI.magnetogram_processed.npy,b1abb2278a4245d2601db98fd857dba333e221d8b0fc3dfb2f63fe0663787e93,2017-08-28T00:01:30,2017-08-28T00:00:53.000Z,2017-08-28,2017-08-28 00:00:35.500,1.4797210693359375,stored_original_4096x4096_pixel_percentage_not_recomputed_from_npy,selection_validation,"(512, 512)",float32
308,308,data/processed/hmi.m_45s.2017.08.30_00_01_30_TAI.magnetogram_processed.npy,hmi.m_45s.2017.08.30_00_01_30_TAI.magnetogram_processed.npy,b0b4f0426458caf8f5d6417a602ece951f216d56d3015a97e8f056eb58d1e303,2017-08-30T00:01:30,2017-08-30T00:00:53.000Z,2017-08-30,2017-08-30 00:00:35.300,1.4737844467163086,stored_original_4096x4096_pixel_percentage_not_recomputed_from_npy,selection_validation,"(512, 512)",float32
309,309,data/processed/hmi.m_45s.2017.08.31_00_01_30_TAI.magnetogram_processed.npy,hmi.m_45s.2017.08.31_00_01_30_TAI.magnetogram_processed.npy,a6d911523955ddd68156d15e928e353d44530bdb8db654e40e639b47ecfed5fe,2017-08-31T00:01:30,2017-08-31T00:00:53.000Z,2017-08-31,2017-08-31 00:00:35.200,1.508963108062744,stored_original_4096x4096_pixel_percentage_not_recomputed_from_npy,train,"(512, 512)",float32
310,310,data/processed/hmi.m_45s.2017.09.03_00_01_30_TAI.magnetogram_processed.npy,hmi.m_45s.2017.09.03_00_01_30_TAI.magnetogram_processed.npy,ce7002ee77db04dfb4f6e4770e563daafa87b68c83664c07b94a75f94bc4ab4a,2017-09-03T00:01:30,2017-09-03T00:00:53.000Z,2017-09-03,2017-09-03 00:00:34.800,1.6488909721374512,stored_original_4096x4096_pixel_percentage_not_recomputed_from_npy,train,"(512, 512)",float32
311,311,data/processed/hmi.m_45s.2017.09.13_00_01_30_TAI.magnetogram_processed.npy,hmi.m_45s.2017.09.13_00_01_30_TAI.magnetogram_processed.npy,96aeca89d3694625c899e0e8b0b26f39c2a8e16c065eba7d7c3680f199e54d75,2017-09-13T00:01:30,2017-09-13T00:00:53.000Z,2017-09-13,2017-09-13 00:00:33.600,1.4508068561553955,stored_original_4096x4096_pixel_percentage_not_recomputed_from_npy,selection_validation,"(512, 512)",float32
312,312,data/processed/hmi.m_45s.2017.09.14_00_01_30_TAI.magnetogram_processed.npy,hmi.m_45s.2017.09.14_00_01_30_TAI.magnetogram_processed.npy,bf69847f03d93af374c12569905955dfc20e40bfe82a0b6ca5fd714fc265f596,2017-09-14T00:01:30,2017-09-14T00:00:53.000Z,2017-09-14,2017-09-14 00:00:33.400,1.4214932918548584,stored_original_4096x4096_pixel_percentage_not_recomputed_from_npy,selection_validation,"(512, 512)",float32
313,313,data/processed/hmi.m_45s.2017.09.20_00_01_30_TAI.magnetogram_processed.npy,hmi.m_45s.2017.09.20_00_01_30_TAI.magnetogram_processed.npy,43f9e9a22fc82bc1b76ee450da0480115f408a5f338f15e8870f772d54d1eb90,2017-09-20T00:01:30,2017-09-20T00:00:53.000Z,2017-09-20,2017-09-20 00:00:32.700,1.4159679412841797,stored_original_4096x4096_pixel_percentage_not_recomputed_from_npy,train,"(512, 512)",float32
314,314;315,data/processed/hmi.m_45s.2017.09.21_00_01_30_TAI.magnetogram_processed.npy,hmi.m_45s.2017.09.21_00_01_30_TAI.magnetogram_processed.npy,c7c70ad16741a1fcfeea3baefcd4a1e16903da4676d796652eaf11cf1c7ca947,2017-09-21T00:01:30,2017-09-21T00:00:53.000Z,2017-09-21,2017-09-21 00:00:32.500,1.418179273605347,stored_original_4096x4096_pixel_percentage_not_recomputed_from_npy,train,"(512, 512)",float32
316,316,data/processed/hmi.m_45s.2017.10.01_00_01_30_TAI.magnetogram_processed.npy,hmi.m_45s.2017.10.01_00_01_30_TAI.magnetogram_processed.npy,d2604eb8f604913b3e106c4fd8845516c5e8415976dcb25782a6f284bc85588c,2017-10-01T00:01:30,2017-10-01T00:00:53.000Z,2017-10-01,2017-10-01 00:00:31.100,1.598513126373291,stored_original_4096x4096_pixel_percentage_not_recomputed_from_npy,selection_validation,"(512, 512)",float32
317,317,data/processed/hmi.m_45s.2017.10.04_00_01_30_TAI.magnetogram_processed.npy,hmi.m_45s.2017.10.04_00_01_30_TAI.magnetogram_processed.npy,7859d54261f1088d3ce18d7ebb3e37d8a7e47bd35877a640934e2329911781d1,2017-10-04T00:01:30,2017-10-04T00:00:53.000Z,2017-10-04,2017-10-04 00:00:30.700,1.522064208984375,stored_original_4096x4096_pixel_percentage_not_recomputed_from_npy,train,"(512, 512)",float32
318,318;319,data/processed/hmi.m_45s.2017.10.07_00_01_30_TAI.magnetogram_processed.npy,hmi.m_45s.2017.10.07_00_01_30_TAI.magnetogram_processed.npy,848cc598a3ec41db7fa3de920c8f8ecb0b6e327089347c34acb9a1fd0d2e194a,2017-10-07T00:01:30,2017-10-07T00:00:53.000Z,2017-10-07,2017-10-07 00:00:30.200,1.377403736114502,stored_original_4096x4096_pixel_percentage_not_recomputed_from_npy,train,"(512, 512)",float32
320,320,data/processed/hmi.m_45s.2017.10.10_00_01_30_TAI.magnetogram_processed.npy,hmi.m_45s.2017.10.10_00_01_30_TAI.magnetogram_processed.npy,eed5f417d334dbbe27555975c5574878e99fe72eb1deb00de1979f92e3317424,2017-10-10T00:01:30,2017-10-10T00:00:53.000Z,2017-10-10,2017-10-10 00:00:29.800,1.3317465782165527,stored_original_4096x4096_pixel_percentage_not_recomputed_from_npy,train,"(512, 512)",float32
321,321;322,data/processed/hmi.m_45s.2017.10.13_00_01_30_TAI.magnetogram_processed.npy,hmi.m_45s.2017.10.13_00_01_30_TAI.magnetogram_processed.npy,ab5746bd31619491eeca864b4393b6380a5a8a7466664128084ed41e6e52ac86,2017-10-13T00:01:30,2017-10-13T00:00:53.000Z,2017-10-13,2017-10-13 00:00:29.400,1.325899362564087,stored_original_4096x4096_pixel_percentage_not_recomputed_from_npy,train,"(512, 512)",float32
323,323,data/processed/hmi.m_45s.2017.10.14_00_01_30_TAI.magnetogram_processed.npy,hmi.m_45s.2017.10.14_00_01_30_TAI.magnetogram_processed.npy,023677dd3674b8c98dfce4bc7a6eda99949eaca3ba3c3b2c3e96f8bdf5112a02,2017-10-14T00:01:30,2017-10-14T00:00:53.000Z,2017-10-14,2017-10-14 00:00:29.200,1.326751708984375,stored_original_4096x4096_pixel_percentage_not_recomputed_from_npy,train,"(512, 512)",float32
324,324;325,data/processed/hmi.m_45s.2017.10.15_00_01_30_TAI.magnetogram_processed.npy,hmi.m_45s.2017.10.15_00_01_30_TAI.magnetogram_processed.npy,d75b45b004e162c9485b44cc8beccc747414cc074e2c637fb0a643ffb49508cd,2017-10-15T00:01:30,2017-10-15T00:00:53.000Z,2017-10-15,2017-10-15 00:00:29.100,1.3218939304351809,stored_original_4096x4096_pixel_percentage_not_recomputed_from_npy,train,"(512, 512)",float32
326,326,data/processed/hmi.m_45s.2017.10.17_00_01_30_TAI.magnetogram_processed.npy,hmi.m_45s.2017.10.17_00_01_30_TAI.magnetogram_processed.npy,f2e4016b9668169ec552825f6b83aa833037fc6fb2e009673d9d5d6844dca21f,2017-10-17T00:01:30,2017-10-17T00:00:53.000Z,2017-10-17,2017-10-17 00:00:28.800,1.3686060905456543,stored_original_4096x4096_pixel_percentage_not_recomputed_from_npy,selection_validation,"(512, 512)",float32
327,327,data/processed/hmi.m_45s.2017.10.20_00_01_30_TAI.magnetogram_processed.npy,hmi.m_45s.2017.10.20_00_01_30_TAI.magnetogram_processed.npy,f54e9074e865b0c0c6ba9a592f3e9f1596506a23fb166050f11731da335cf73d,2017-10-20T00:01:30,2017-10-20T00:00:53.000Z,2017-10-20,2017-10-20 00:00:28.400,1.2958407402038574,stored_original_4096x4096_pixel_percentage_not_recomputed_from_npy,train,"(512, 512)",float32
328,328;329,data/processed/hmi.m_45s.2017.10.23_00_01_30_TAI.magnetogram_processed.npy,hmi.m_45s.2017.10.23_00_01_30_TAI.magnetogram_processed.npy,ac5333898f4fa19b3617c628a5e1fa0dcbf00cc786878c0b2ea4102d0ee9c825,2017-10-23T00:01:30,2017-10-23T00:00:53.000Z,2017-10-23,2017-10-23 00:00:28.000,1.3204097747802734,stored_original_4096x4096_pixel_percentage_not_recomputed_from_npy,train,"(512, 512)",float32
330,330,data/processed/hmi.m_45s.2017.10.26_00_01_30_TAI.magnetogram_processed.npy,hmi.m_45s.2017.10.26_00_01_30_TAI.magnetogram_processed.npy,2572a835b391601224f28d91395f2fb92f85cdabfd8c20439cc85230d325efc2,2017-10-26T00:01:30,2017-10-26T00:00:53.000Z,2017-10-26,2017-10-26 00:00:27.600,1.399606466293335,stored_original_4096x4096_pixel_percentage_not_recomputed_from_npy,train,"(512, 512)",float32
331,331;332;333,data/processed/hmi.m_45s.2017.10.28_00_01_30_TAI.magnetogram_processed.npy,hmi.m_45s.2017.10.28_00_01_30_TAI.magnetogram_processed.npy,12d22b3c87c48e8bfa0aba42ca050251989522ba7bf25cada250e44c160be0ce,2017-10-28T00:01:30,2017-10-28T00:00:53.000Z,2017-10-28,2017-10-28 00:00:27.300,1.434648036956787,stored_original_4096x4096_pixel_percentage_not_recomputed_from_npy,train,"(512, 512)",float32
334,334,data/processed/hmi.m_45s.2017.10.29_00_01_30_TAI.magnetogram_processed.npy,hmi.m_45s.2017.10.29_00_01_30_TAI.magnetogram_processed.npy,fe75ff78119404f0b4ff73e5c46da8c72a37287c4c1fdd031b8fb8b0db94fcbb,2017-10-29T00:01:30,2017-10-29T00:00:53.000Z,2017-10-29,2017-10-29 00:00:27.200,1.4279842376708984,stored_original_4096x4096_pixel_percentage_not_recomputed_from_npy,selection_validation,"(512, 512)",float32
335,335,data/processed/hmi.m_45s.2017.10.30_00_01_30_TAI.magnetogram_processed.npy,hmi.m_45s.2017.10.30_00_01_30_TAI.magnetogram_processed.npy,ef469b72e91cda428314d7e4375d7213efc2fa8763146f05d969ecc9942411d9,2017-10-30T00:01:30,2017-10-30T00:00:53.000Z,2017-10-30,2017-10-30 00:00:27.000,1.4278650283813477,stored_original_4096x4096_pixel_percentage_not_recomputed_from_npy,train,"(512, 512)",float32
336,336,data/processed/hmi.m_45s.2017.10.31_00_01_30_TAI.magnetogram_processed.npy,hmi.m_45s.2017.10.31_00_01_30_TAI.magnetogram_processed.npy,313840eb43ac7b1963c2c4060f88c51c6391abd1abd15cff7e5828d64618876b,2017-10-31T00:01:30,2017-10-31T00:00:53.000Z,2017-10-31,2017-10-31 00:00:26.900,1.389312744140625,stored_original_4096x4096_pixel_percentage_not_recomputed_from_npy,selection_validation,"(512, 512)",float32
337,337,data/processed/hmi.m_45s.2017.11.01_00_01_30_TAI.magnetogram_processed.npy,hmi.m_45s.2017.11.01_00_01_30_TAI.magnetogram_processed.npy,b6a6d46c7fce536fced398879f66dbf88f03a74fb8b9ab19b4ec881472cd1a50,2017-11-01T00:01:30,2017-11-01T00:00:53.000Z,2017-11-01,2017-11-01 00:00:26.800,1.3466477394104004,stored_original_4096x4096_pixel_percentage_not_recomputed_from_npy,train,"(512, 512)",float32
338,338,data/processed/hmi.m_45s.2017.11.08_00_01_30_TAI.magnetogram_processed.npy,hmi.m_45s.2017.11.08_00_01_30_TAI.magnetogram_processed.npy,e4f685eef8044eb29d8c36d39ce9433af0d527c846613448399e5a9e5f231f63,2017-11-08T00:01:30,2017-11-08T00:00:53.000Z,2017-11-08,2017-11-08 00:00:25.900,1.284945011138916,stored_original_4096x4096_pixel_percentage_not_recomputed_from_npy,train,"(512, 512)",float32
339,339,data/processed/hmi.m_45s.2017.11.13_00_01_30_TAI.magnetogram_processed.npy,hmi.m_45s.2017.11.13_00_01_30_TAI.magnetogram_processed.npy,8d0bd97fa79840b07163d949a55b27f6b19f13528d05ccb42a49376e6f95e8fc,2017-11-13T00:01:30,2017-11-13T00:00:53.000Z,2017-11-13,2017-11-13 00:00:25.300,1.553565263748169,stored_original_4096x4096_pixel_percentage_not_recomputed_from_npy,train,"(512, 512)",float32
340,340,data/processed/hmi.m_45s.2017.11.14_00_01_30_TAI.magnetogram_processed.npy,hmi.m_45s.2017.11.14_00_01_30_TAI.magnetogram_processed.npy,e0af7d6931fdee47bf57ad747ecf7b00f187893c8186c190801a1f55f2eac94e,2017-11-14T00:01:30,2017-11-14T00:00:53.000Z,2017-11-14,2017-11-14 00:00:25.200,1.4693617820739746,stored_original_4096x4096_pixel_percentage_not_recomputed_from_npy,selection_validation,"(512, 512)",float32
341,341,data/processed/hmi.m_45s.2017.11.17_00_01_30_TAI.magnetogram_processed.npy,hmi.m_45s.2017.11.17_00_01_30_TAI.magnetogram_processed.npy,a3169047beadefa52a4f503f3000a33c8a878d2af20be04c2e689855ac142a1b,2017-11-17T00:01:30,2017-11-17T00:00:53.000Z,2017-11-17,2017-11-17 00:00:24.900,1.3608157634735107,stored_original_4096x4096_pixel_percentage_not_recomputed_from_npy,train,"(512, 512)",float32
342,342,data/processed/hmi.m_45s.2017.11.24_00_01_30_TAI.magnetogram_processed.npy,hmi.m_45s.2017.11.24_00_01_30_TAI.magnetogram_processed.npy,3108ad4f13765bdb9dc63fc359ce35f1d722ab4e9ac8eae57600088e4c2dfdd7,2017-11-24T00:01:30,2017-11-24T00:00:53.000Z,2017-11-24,2017-11-24 00:00:24.200,1.4135956764221191,stored_original_4096x4096_pixel_percentage_not_recomputed_from_npy,train,"(512, 512)",float32
343,343;344,data/processed/hmi.m_45s.2017.11.26_00_01_30_TAI.magnetogram_processed.npy,hmi.m_45s.2017.11.26_00_01_30_TAI.magnetogram_processed.npy,8487576455ed81c5b72d7d48c9c03a80da993cffb7a34d0a4e2cb5f33286bb97,2017-11-26T00:01:30,2017-11-26T00:00:53.000Z,2017-11-26,2017-11-26 00:00:24.000,1.3654768466949463,stored_original_4096x4096_pixel_percentage_not_recomputed_from_npy,train,"(512, 512)",float32
345,345;346;347,data/processed/hmi.m_45s.2017.11.29_00_01_30_TAI.magnetogram_processed.npy,hmi.m_45s.2017.11.29_00_01_30_TAI.magnetogram_processed.npy,f08b0575b251fc321940724628a585fb28c390af174e263e00e38aae3280a26e,2017-11-29T00:01:30,2017-11-29T00:00:53.000Z,2017-11-29,2017-11-29 00:00:23.700,1.302182674407959,stored_original_4096x4096_pixel_percentage_not_recomputed_from_npy,train,"(512, 512)",float32
348,348,data/processed/hmi.m_45s.2017.11.30_00_01_30_TAI.magnetogram_processed.npy,hmi.m_45s.2017.11.30_00_01_30_TAI.magnetogram_processed.npy,45ee2b2ae599101d785b60277687256341e30d4114edf3eb31e7da8f1545f9de,2017-11-30T00:01:30,2017-11-30T00:00:53.000Z,2017-11-30,2017-11-30 00:00:23.600,1.263284683227539,stored_original_4096x4096_pixel_percentage_not_recomputed_from_npy,selection_validation,"(512, 512)",float32
349,349;350,data/processed/hmi.m_45s.2017.12.03_00_01_30_TAI.magnetogram_processed.npy,hmi.m_45s.2017.12.03_00_01_30_TAI.magnetogram_processed.npy,c711379b309fb280ab1f17c7dbfd9a2a8337448b7ae255d70f7357b007f12b0c,2017-12-03T00:01:30,2017-12-03T00:00:53.000Z,2017-12-03,2017-12-03 00:00:23.400,1.2807369232177734,stored_original_4096x4096_pixel_percentage_not_recomputed_from_npy,train,"(512, 512)",float32
351,351,data/processed/hmi.m_45s.2017.12.05_00_01_30_TAI.magnetogram_processed.npy,hmi.m_45s.2017.12.05_00_01_30_TAI.magnetogram_processed.npy,637c740b2cc0638a65dae2af74c6b0f9c574a9c208d853239cd743b079c5c551,2017-12-05T00:01:30,2017-12-05T00:00:53.000Z,2017-12-05,2017-12-05 00:00:23.200,1.2658536434173584,stored_original_4096x4096_pixel_percentage_not_recomputed_from_npy,train,"(512, 512)",float32
352,352,data/processed/hmi.m_45s.2017.12.09_00_01_30_TAI.magnetogram_processed.npy,hmi.m_45s.2017.12.09_00_01_30_TAI.magnetogram_processed.npy,6c9aa362250f37ca2101ef824969a3c223ecfa38e286d51ae380ae370340fb0d,2017-12-09T00:01:30,2017-12-09T00:00:53.000Z,2017-12-09,2017-12-09 00:00:23.000,1.4222979545593262,stored_original_4096x4096_pixel_percentage_not_recomputed_from_npy,train,"(512, 512)",float32
353,353,data/processed/hmi.m_45s.2017.12.10_00_01_30_TAI.magnetogram_processed.npy,hmi.m_45s.2017.12.10_00_01_30_TAI.magnetogram_processed.npy,ea9f558c33b274f4646715fc64c4e1b4d1ae34af6a0ef4895587263c2958df0f,2017-12-10T00:01:30,2017-12-10T00:00:53.000Z,2017-12-10,2017-12-10 00:00:22.900,1.408946514129639,stored_original_4096x4096_pixel_percentage_not_recomputed_from_npy,train,"(512, 512)",float32
354,354;355;356,data/processed/hmi.m_45s.2017.12.16_00_01_30_TAI.magnetogram_processed.npy,hmi.m_45s.2017.12.16_00_01_30_TAI.magnetogram_processed.npy,39c0b5c8d7b4b728536b0bde15cfa023d4e51cdaa00d5b9038db7349600608ae,2017-12-16T00:01:30,2017-12-16T00:00:53.000Z,2017-12-16,2017-12-16 00:00:22.600,1.3243675231933594,stored_original_4096x4096_pixel_percentage_not_recomputed_from_npy,selection_validation,"(512, 512)",float32
357,357,data/processed/hmi.m_45s.2017.12.20_00_01_30_TAI.magnetogram_processed.npy,hmi.m_45s.2017.12.20_00_01_30_TAI.magnetogram_processed.npy,50519ac3da9d7e33c58a9bac060117a6bb8c514c10f37f7b91cea17d6292c580,2017-12-20T00:01:30,2017-12-20T00:00:53.000Z,2017-12-20,2017-12-20 00:00:22.400,1.420307159423828,stored_original_4096x4096_pixel_percentage_not_recomputed_from_npy,train,"(512, 512)",float32
358,358,data/processed/hmi.m_45s.2017.12.21_00_01_30_TAI.magnetogram_processed.npy,hmi.m_45s.2017.12.21_00_01_30_TAI.magnetogram_processed.npy,a27c6e3499c4383552ee6308c2b10995301e38325c21a345a4300199e6691501,2017-12-21T00:01:30,2017-12-21T00:00:53.000Z,2017-12-21,2017-12-21 00:00:22.400,1.4568567276000977,stored_original_4096x4096_pixel_percentage_not_recomputed_from_npy,selection_validation,"(512, 512)",float32
359,359,data/processed/hmi.m_45s.2017.12.24_00_01_30_TAI.magnetogram_processed.npy,hmi.m_45s.2017.12.24_00_01_30_TAI.magnetogram_processed.npy,a2b4a5e56562edd606271a3df4847547258cfad2df5541cf42b705eef6ae62d6,2017-12-24T00:01:30,2017-12-24T00:00:53.000Z,2017-12-24,2017-12-24 00:00:22.300,1.4094531536102295,stored_original_4096x4096_pixel_percentage_not_recomputed_from_npy,train,"(512, 512)",float32
360,360,data/processed/hmi.m_45s.2017.12.28_00_01_30_TAI.magnetogram_processed.npy,hmi.m_45s.2017.12.28_00_01_30_TAI.magnetogram_processed.npy,d6a97f6e073cebf8bf847d811afa4ba05773674c077dcde44b0995729aaa7e13,2017-12-28T00:01:30,2017-12-28T00:00:53.000Z,2017-12-28,2017-12-28 00:00:22.200,1.3865411281585691,stored_original_4096x4096_pixel_percentage_not_recomputed_from_npy,train,"(512, 512)",float32
361,361,data/processed/hmi.m_45s.2017.12.29_00_01_30_TAI.magnetogram_processed.npy,hmi.m_45s.2017.12.29_00_01_30_TAI.magnetogram_processed.npy,5b4423d324cd1751e89e5e69ee55d493dc40d93d1d99b5776de27232b4ec8a90,2017-12-29T00:01:30,2017-12-29T00:00:53.000Z,2017-12-29,2017-12-29 00:00:22.200,1.3617634773254397,stored_original_4096x4096_pixel_percentage_not_recomputed_from_npy,train,"(512, 512)",float32
362,362,data/processed/hmi.m_45s.2018.01.02_00_01_30_TAI.magnetogram_processed.npy,hmi.m_45s.2018.01.02_00_01_30_TAI.magnetogram_processed.npy,38e3e4012c2a5ef88f9e6170923f13c531f5cc5d2b1431170b240455460c0e21,2018-01-02T00:01:30,2018-01-02T00:00:53.000Z,2018-01-02,2018-01-02 00:00:22.100,1.3718008995056152,stored_original_4096x4096_pixel_percentage_not_recomputed_from_npy,train,"(512, 512)",float32
363,363,data/processed/hmi.m_45s.2018.01.04_00_01_30_TAI.magnetogram_processed.npy,hmi.m_45s.2018.01.04_00_01_30_TAI.magnetogram_processed.npy,17501921df828e9003b26d738733eeb363cb5f79bb318ad53c4605ce5b579d78,2018-01-04T00:01:30,2018-01-04T00:00:53.000Z,2018-01-04,2018-01-04 00:00:22.100,1.3659656047821045,stored_original_4096x4096_pixel_percentage_not_recomputed_from_npy,selection_validation,"(512, 512)",float32
364,364;365,data/processed/hmi.m_45s.2018.01.05_00_01_30_TAI.magnetogram_processed.npy,hmi.m_45s.2018.01.05_00_01_30_TAI.magnetogram_processed.npy,531b47386cf2a73e7e6ddfdd48f6ee12162592460fcf860b93acb88b3dfb2f70,2018-01-05T00:01:30,2018-01-05T00:00:53.000Z,2018-01-05,2018-01-05 00:00:22.100,1.3791680335998535,stored_original_4096x4096_pixel_percentage_not_recomputed_from_npy,train,"(512, 512)",float32
366,366,data/processed/hmi.m_45s.2018.01.08_00_01_30_TAI.magnetogram_processed.npy,hmi.m_45s.2018.01.08_00_01_30_TAI.magnetogram_processed.npy,68027038ba9516c4396b61d4f8048c71ee36c82b62753f1454b9ce9266418fdf,2018-01-08T00:01:30,2018-01-08T00:00:53.000Z,2018-01-08,2018-01-08 00:00:22.100,1.373833417892456,stored_original_4096x4096_pixel_percentage_not_recomputed_from_npy,train,"(512, 512)",float32
367,367,data/processed/hmi.m_45s.2018.01.10_00_01_30_TAI.magnetogram_processed.npy,hmi.m_45s.2018.01.10_00_01_30_TAI.magnetogram_processed.npy,6cada539a6399cf9f20b70b8b707401ea1e7d9f726363cdea24c39833a448cec,2018-01-10T00:01:30,2018-01-10T00:00:53.000Z,2018-01-10,2018-01-10 00:00:22.200,1.4187633991241455,stored_original_4096x4096_pixel_percentage_not_recomputed_from_npy,train,"(512, 512)",float32
368,368,data/processed/hmi.m_45s.2018.01.11_00_01_30_TAI.magnetogram_processed.npy,hmi.m_45s.2018.01.11_00_01_30_TAI.magnetogram_processed.npy,3b479a50e16cdf36191082f1b78bb956717a88013a686cf7e266c46827ee7548,2018-01-11T00:01:30,2018-01-11T00:00:53.000Z,2018-01-11,2018-01-11 00:00:22.200,1.4169096946716309,stored_original_4096x4096_pixel_percentage_not_recomputed_from_npy,selection_validation,"(512, 512)",float32
369,369,data/processed/hmi.m_45s.2018.01.12_00_01_30_TAI.magnetogram_processed.npy,hmi.m_45s.2018.01.12_00_01_30_TAI.magnetogram_processed.npy,b930a8f686c874ab2ac306076adf4955a18a866f5ce5e9ec4c4217209c9032d5,2018-01-12T00:01:30,2018-01-12T00:00:53.000Z,2018-01-12,2018-01-12 00:00:22.200,1.4162898063659668,stored_original_4096x4096_pixel_percentage_not_recomputed_from_npy,train,"(512, 512)",float32
370,370,data/processed/hmi.m_45s.2018.01.14_00_01_30_TAI.magnetogram_processed.npy,hmi.m_45s.2018.01.14_00_01_30_TAI.magnetogram_processed.npy,469e76c391caaed2e96a1c2fa1a34ee75a323d1925a87161860b6d0eddb7fc47,2018-01-14T00:01:30,2018-01-14T00:00:53.000Z,2018-01-14,2018-01-14 00:00:22.300,1.4130055904388428,stored_original_4096x4096_pixel_percentage_not_recomputed_from_npy,train,"(512, 512)",float32
371,371,data/processed/hmi.m_45s.2018.01.20_00_01_30_TAI.magnetogram_processed.npy,hmi.m_45s.2018.01.20_00_01_30_TAI.magnetogram_processed.npy,808b5d22bb2bf03b0c3480360407cc172dae78a8f8cf4ed79159ccdcb196f903,2018-01-20T00:01:30,2018-01-20T00:00:53.000Z,2018-01-20,2018-01-20 00:00:22.500,1.45147442817688,stored_original_4096x4096_pixel_percentage_not_recomputed_from_npy,selection_validation,"(512, 512)",float32
372,372,data/processed/hmi.m_45s.2018.01.21_00_01_30_TAI.magnetogram_processed.npy,hmi.m_45s.2018.01.21_00_01_30_TAI.magnetogram_processed.npy,fe608bff84a88fe7b5aee1b2cac84d73e3e7b06f4bbd6a3e799f7a98ab630793,2018-01-21T00:01:30,2018-01-21T00:00:53.000Z,2018-01-21,2018-01-21 00:00:22.500,1.4566242694854736,stored_original_4096x4096_pixel_percentage_not_recomputed_from_npy,train,"(512, 512)",float32
373,373,data/processed/hmi.m_45s.2018.01.24_00_01_30_TAI.magnetogram_processed.npy,hmi.m_45s.2018.01.24_00_01_30_TAI.magnetogram_processed.npy,a0f0a8646b0fe3268e4bcc27b9c06b3b5f729f881c8b4b5a230c045471e98b41,2018-01-24T00:01:30,2018-01-24T00:00:53.000Z,2018-01-24,2018-01-24 00:00:22.600,1.4941275119781494,stored_original_4096x4096_pixel_percentage_not_recomputed_from_npy,selection_validation,"(512, 512)",float32
374,374,data/processed/hmi.m_45s.2018.01.28_00_01_30_TAI.magnetogram_processed.npy,hmi.m_45s.2018.01.28_00_01_30_TAI.magnetogram_processed.npy,89365b93cf27f9a53ebfed59707c3665a0f70de7b979c1c7bf75444a21a6314d,2018-01-28T00:01:30,2018-01-28T00:00:53.000Z,2018-01-28,2018-01-28 00:00:22.900,1.488447189331055,stored_original_4096x4096_pixel_percentage_not_recomputed_from_npy,train,"(512, 512)",float32
375,375,data/processed/hmi.m_45s.2018.01.29_00_01_30_TAI.magnetogram_processed.npy,hmi.m_45s.2018.01.29_00_01_30_TAI.magnetogram_processed.npy,68c39e4078f1b6134f1b675981000064a7690b31bf052c7ce65e598e0af74e2e,2018-01-29T00:01:30,2018-01-29T00:00:53.000Z,2018-01-29,2018-01-29 00:00:22.900,1.4903247356414795,stored_original_4096x4096_pixel_percentage_not_recomputed_from_npy,train,"(512, 512)",float32
376,376,data/processed/hmi.m_45s.2018.01.30_00_01_30_TAI.magnetogram_processed.npy,hmi.m_45s.2018.01.30_00_01_30_TAI.magnetogram_processed.npy,77bd62095c5100bba8a5b28fdb3d6271d6e3f6e4b48dd2922eab79001226813f,2018-01-30T00:01:30,2018-01-30T00:00:53.000Z,2018-01-30,2018-01-30 00:00:23.000,1.4812827110290527,stored_original_4096x4096_pixel_percentage_not_recomputed_from_npy,train,"(512, 512)",float32
377,377,data/processed/hmi.m_45s.2018.02.11_00_01_30_TAI.magnetogram_processed.npy,hmi.m_45s.2018.02.11_00_01_30_TAI.magnetogram_processed.npy,971ede5024d7b3ecf1332cde2837ce43da8b534911239eb5cbccd96122946f30,2018-02-11T00:01:30,2018-02-11T00:00:53.000Z,2018-02-11,2018-02-11 00:00:23.900,1.6719937324523926,stored_original_4096x4096_pixel_percentage_not_recomputed_from_npy,train,"(512, 512)",float32
378,378;379,data/processed/hmi.m_45s.2018.02.17_00_01_30_TAI.magnetogram_processed.npy,hmi.m_45s.2018.02.17_00_01_30_TAI.magnetogram_processed.npy,415b80d3c4bd4196e92a3620f3b9cc34fe0d3e6d7f2232758d5133092fd36244,2018-02-17T00:01:30,2018-02-17T00:00:53.000Z,2018-02-17,2018-02-17 00:00:24.500,1.583009958267212,stored_original_4096x4096_pixel_percentage_not_recomputed_from_npy,selection_validation,"(512, 512)",float32
380,380,data/processed/hmi.m_45s.2018.02.20_00_01_30_TAI.magnetogram_processed.npy,hmi.m_45s.2018.02.20_00_01_30_TAI.magnetogram_processed.npy,5f6099db68673e7c7fd1c8d683dedf4f19414a96711c7041ed3b713c3ce1818e,2018-02-20T00:01:30,2018-02-20T00:00:53.000Z,2018-02-20,2018-02-20 00:00:24.800,1.5854060649871826,stored_original_4096x4096_pixel_percentage_not_recomputed_from_npy,selection_validation,"(512, 512)",float32
381,381,data/processed/hmi.m_45s.2018.02.23_00_01_30_TAI.magnetogram_processed.npy,hmi.m_45s.2018.02.23_00_01_30_TAI.magnetogram_processed.npy,de4052f609665fd7381ef04ffe12b504a5758c51312cd5a08df0848163d5aa98,2018-02-23T00:01:30,2018-02-23T00:00:53.000Z,2018-02-23,2018-02-23 00:00:25.200,1.602870225906372,stored_original_4096x4096_pixel_percentage_not_recomputed_from_npy,train,"(512, 512)",float32
382,382,data/processed/hmi.m_45s.2018.02.27_00_01_30_TAI.magnetogram_processed.npy,hmi.m_45s.2018.02.27_00_01_30_TAI.magnetogram_processed.npy,af3283187c92f29785dbdf8acdb4d0eec4d5bddd63976847d4a62bb2fb44ad13,2018-02-27T00:01:30,2018-02-27T00:00:53.000Z,2018-02-27,2018-02-27 00:00:25.600,1.6287267208099363,stored_original_4096x4096_pixel_percentage_not_recomputed_from_npy,train,"(512, 512)",float32
383,383,data/processed/hmi.m_45s.2018.03.03_00_01_30_TAI.magnetogram_processed.npy,hmi.m_45s.2018.03.03_00_01_30_TAI.magnetogram_processed.npy,f4f2bddaea66df73edf9d62df5d08268ca3a313b7558d98bf33fa908c6aaf73f,2018-03-03T00:01:30,2018-03-03T00:00:53.000Z,2018-03-03,2018-03-03 00:00:26.100,1.633328199386597,stored_original_4096x4096_pixel_percentage_not_recomputed_from_npy,train,"(512, 512)",float32
384,384,data/processed/hmi.m_45s.2018.03.04_00_01_30_TAI.magnetogram_processed.npy,hmi.m_45s.2018.03.04_00_01_30_TAI.magnetogram_processed.npy,a2db4cac813bfd0fdb2b14acf54452eb5c3e026fb34178bc0a3a0f55e21bfbf9,2018-03-04T00:01:30,2018-03-04T00:00:53.000Z,2018-03-04,2018-03-04 00:00:26.200,1.6298770904541016,stored_original_4096x4096_pixel_percentage_not_recomputed_from_npy,train,"(512, 512)",float32
385,385;386,data/processed/hmi.m_45s.2018.03.16_00_01_30_TAI.magnetogram_processed.npy,hmi.m_45s.2018.03.16_00_01_30_TAI.magnetogram_processed.npy,5148c1d7823af72da53b95e870dbe277123a81f1fc0af493ceb32d3723d1e725,2018-03-16T00:01:30,2018-03-16T00:00:53.000Z,2018-03-16,2018-03-16 00:00:27.800,1.61554217338562,stored_original_4096x4096_pixel_percentage_not_recomputed_from_npy,train,"(512, 512)",float32
387,387,data/processed/hmi.m_45s.2018.03.17_00_01_30_TAI.magnetogram_processed.npy,hmi.m_45s.2018.03.17_00_01_30_TAI.magnetogram_processed.npy,e4f07cce4c8ea83bc50197e1707541e93c4a410cafb8624fcc8b5e10e71b32ea,2018-03-17T00:01:30,2018-03-17T00:00:53.000Z,2018-03-17,2018-03-17 00:00:28.000,1.6140639781951904,stored_original_4096x4096_pixel_percentage_not_recomputed_from_npy,selection_validation,"(512, 512)",float32
388,388,data/processed/hmi.m_45s.2018.03.21_00_01_30_TAI.magnetogram_processed.npy,hmi.m_45s.2018.03.21_00_01_30_TAI.magnetogram_processed.npy,48ed7f82986998d735a31ae066cc869c2c9d7ffce83593532d8596fd03dceabe,2018-03-21T00:01:30,2018-03-21T00:00:53.000Z,2018-03-21,2018-03-21 00:00:28.500,1.6588091850280762,stored_original_4096x4096_pixel_percentage_not_recomputed_from_npy,train,"(512, 512)",float32
389,389;390,data/processed/hmi.m_45s.2018.03.23_00_01_30_TAI.magnetogram_processed.npy,hmi.m_45s.2018.03.23_00_01_30_TAI.magnetogram_processed.npy,589ecc627e229c97decddc49ba28c8a3ef725033ac41bacf855c2b155437a321,2018-03-23T00:01:30,2018-03-23T00:00:53.000Z,2018-03-23,2018-03-23 00:00:28.800,1.5912175178527832,stored_original_4096x4096_pixel_percentage_not_recomputed_from_npy,train,"(512, 512)",float32
391,391,data/processed/hmi.m_45s.2018.03.25_00_01_30_TAI.magnetogram_processed.npy,hmi.m_45s.2018.03.25_00_01_30_TAI.magnetogram_processed.npy,c43080236d61914dcbe4103f95cf6b210ddd093073026401b2b7118c65c652f8,2018-03-25T00:01:30,2018-03-25T00:00:53.000Z,2018-03-25,2018-03-25 00:00:29.100,1.5829384326934814,stored_original_4096x4096_pixel_percentage_not_recomputed_from_npy,selection_validation,"(512, 512)",float32
392,392,data/processed/hmi.m_45s.2018.03.27_00_01_30_TAI.magnetogram_processed.npy,hmi.m_45s.2018.03.27_00_01_30_TAI.magnetogram_processed.npy,97fd8831a89381f1b7db127bc1c8bacc51d590c4870663a257f04ea761b3ae1f,2018-03-27T00:01:30,2018-03-27T00:00:53.000Z,2018-03-27,2018-03-27 00:00:29.300,1.667487621307373,stored_original_4096x4096_pixel_percentage_not_recomputed_from_npy,train,"(512, 512)",float32
393,393,data/processed/hmi.m_45s.2018.03.29_00_01_30_TAI.magnetogram_processed.npy,hmi.m_45s.2018.03.29_00_01_30_TAI.magnetogram_processed.npy,51d4aad45e9bc8a422673adb1d88fccc43f79e70d020cf3c2a86c0601a757408,2018-03-29T00:01:30,2018-03-29T00:00:53.000Z,2018-03-29,2018-03-29 00:00:29.600,1.7895877361297607,stored_original_4096x4096_pixel_percentage_not_recomputed_from_npy,train,"(512, 512)",float32
394,394;395,data/processed/hmi.m_45s.2018.03.30_00_01_30_TAI.magnetogram_processed.npy,hmi.m_45s.2018.03.30_00_01_30_TAI.magnetogram_processed.npy,a33310f309c5523730194892f64149055d0b7e517c262dfd42f1ebdb714a0150,2018-03-30T00:01:30,2018-03-30T00:00:53.000Z,2018-03-30,2018-03-30 00:00:29.800,1.6829490661621094,stored_original_4096x4096_pixel_percentage_not_recomputed_from_npy,selection_validation,"(512, 512)",float32
396,396,data/processed/hmi.m_45s.2018.03.31_00_01_30_TAI.magnetogram_processed.npy,hmi.m_45s.2018.03.31_00_01_30_TAI.magnetogram_processed.npy,52b162b98aa548dd47bda77a05db985017b4bae416349efdc73f44aa757d8b9e,2018-03-31T00:01:30,2018-03-31T00:00:53.000Z,2018-03-31,2018-03-31 00:00:29.900,1.6364336013793943,stored_original_4096x4096_pixel_percentage_not_recomputed_from_npy,train,"(512, 512)",float32
397,397,data/processed/hmi.m_45s.2018.04.02_00_01_30_TAI.magnetogram_processed.npy,hmi.m_45s.2018.04.02_00_01_30_TAI.magnetogram_processed.npy,23bac1b9198218329711d64686e8783eccc09802cf7041bdb36023b5845c314a,2018-04-02T00:01:30,2018-04-02T00:00:53.000Z,2018-04-02,2018-04-02 00:00:30.200,1.6527950763702393,stored_original_4096x4096_pixel_percentage_not_recomputed_from_npy,train,"(512, 512)",float32
398,398,data/processed/hmi.m_45s.2018.04.03_00_01_30_TAI.magnetogram_processed.npy,hmi.m_45s.2018.04.03_00_01_30_TAI.magnetogram_processed.npy,f2fada519e856fde661d5116cc8021251f16bce51817ca432b6f6f581b71cb63,2018-04-03T00:01:30,2018-04-03T00:00:53.000Z,2018-04-03,2018-04-03 00:00:30.300,1.6320884227752686,stored_original_4096x4096_pixel_percentage_not_recomputed_from_npy,train,"(512, 512)",float32
399,399;400;401,data/processed/hmi.m_45s.2018.04.04_00_01_30_TAI.magnetogram_processed.npy,hmi.m_45s.2018.04.04_00_01_30_TAI.magnetogram_processed.npy,d9dc78bdcdf04c523977a72522b93e16de6cfbdd995526c7952240c21b95800c,2018-04-04T00:01:30,2018-04-04T00:00:53.000Z,2018-04-04,2018-04-04 00:00:30.500,1.6274213790893557,stored_original_4096x4096_pixel_percentage_not_recomputed_from_npy,train,"(512, 512)",float32
402,402,data/processed/hmi.m_45s.2018.04.05_00_01_30_TAI.magnetogram_processed.npy,hmi.m_45s.2018.04.05_00_01_30_TAI.magnetogram_processed.npy,5cfbcbd4bcc83cc66045f524328c7c44a64ecf73ee125306df6f3a905e6000a3,2018-04-05T00:01:30,2018-04-05T00:00:53.000Z,2018-04-05,2018-04-05 00:00:30.600,1.6025185585021973,stored_original_4096x4096_pixel_percentage_not_recomputed_from_npy,train,"(512, 512)",float32
403,403,data/processed/hmi.m_45s.2018.04.07_00_01_30_TAI.magnetogram_processed.npy,hmi.m_45s.2018.04.07_00_01_30_TAI.magnetogram_processed.npy,7467cae5d44351360bdaf359e71ab7d19525873650ad6a1ecaa38cbdcb94ba04,2018-04-07T00:01:30,2018-04-07T00:00:53.000Z,2018-04-07,2018-04-07 00:00:30.900,1.5789568424224854,stored_original_4096x4096_pixel_percentage_not_recomputed_from_npy,train,"(512, 512)",float32
404,404,data/processed/hmi.m_45s.2018.04.08_00_01_30_TAI.magnetogram_processed.npy,hmi.m_45s.2018.04.08_00_01_30_TAI.magnetogram_processed.npy,f0eb7c6d034b627668fde0e518222a04c3ac1e4402d11b7adc5b8bf46b943509,2018-04-08T00:01:30,2018-04-08T00:00:53.000Z,2018-04-08,2018-04-08 00:00:31.100,1.56746506690979,stored_original_4096x4096_pixel_percentage_not_recomputed_from_npy,selection_validation,"(512, 512)",float32
405,405;406,data/processed/hmi.m_45s.2018.04.12_00_01_30_TAI.magnetogram_processed.npy,hmi.m_45s.2018.04.12_00_01_30_TAI.magnetogram_processed.npy,7bf81e2b4cee394e476569d55fafd3c70b4ca3e142f5553b80a7b51fbe1b25b1,2018-04-12T00:01:30,2018-04-12T00:00:53.000Z,2018-04-12,2018-04-12 00:00:31.600,1.6782701015472412,stored_original_4096x4096_pixel_percentage_not_recomputed_from_npy,train,"(512, 512)",float32
407,407,data/processed/hmi.m_45s.2018.04.13_00_01_30_TAI.magnetogram_processed.npy,hmi.m_45s.2018.04.13_00_01_30_TAI.magnetogram_processed.npy,d205a7dba0f716aedae740c34342b2638eefa6ade06027588a87ad639409091b,2018-04-13T00:01:30,2018-04-13T00:00:53.000Z,2018-04-13,2018-04-13 00:00:31.800,1.7329216003417969,stored_original_4096x4096_pixel_percentage_not_recomputed_from_npy,train,"(512, 512)",float32
408,408,data/processed/hmi.m_45s.2018.04.14_00_01_30_TAI.magnetogram_processed.npy,hmi.m_45s.2018.04.14_00_01_30_TAI.magnetogram_processed.npy,29bf1e99bc528b389cd870bbb06937ba9cafca2aa8b21306b67ce33e098bd355,2018-04-14T00:01:30,2018-04-14T00:00:53.000Z,2018-04-14,2018-04-14 00:00:31.900,1.624518632888794,stored_original_4096x4096_pixel_percentage_not_recomputed_from_npy,train,"(512, 512)",float32
409,409,data/processed/hmi.m_45s.2018.04.15_00_01_30_TAI.magnetogram_processed.npy,hmi.m_45s.2018.04.15_00_01_30_TAI.magnetogram_processed.npy,276382e0c97415e9995d326be7b537001380f5071b4e78db61ee518e87dee54e,2018-04-15T00:01:30,2018-04-15T00:00:53.000Z,2018-04-15,2018-04-15 00:00:32.100,1.5718519687652588,stored_original_4096x4096_pixel_percentage_not_recomputed_from_npy,train,"(512, 512)",float32
410,410,data/processed/hmi.m_45s.2018.04.17_00_01_30_TAI.magnetogram_processed.npy,hmi.m_45s.2018.04.17_00_01_30_TAI.magnetogram_processed.npy,2dec50ec8b2d4e86da8015360736641dbd5aa421a2568b19aa89ba80a25b92e0,2018-04-17T00:01:30,2018-04-17T00:00:53.000Z,2018-04-17,2018-04-17 00:00:32.300,1.5723586082458496,stored_original_4096x4096_pixel_percentage_not_recomputed_from_npy,train,"(512, 512)",float32
411,411,data/processed/hmi.m_45s.2018.04.19_00_01_30_TAI.magnetogram_processed.npy,hmi.m_45s.2018.04.19_00_01_30_TAI.magnetogram_processed.npy,3d1bff274ef76c3ad9ece94167f5a64229ab688cb31997276a1f21973d315b33,2018-04-19T00:01:30,2018-04-19T00:00:53.000Z,2018-04-19,2018-04-19 00:00:32.600,1.5239477157592771,stored_original_4096x4096_pixel_percentage_not_recomputed_from_npy,selection_validation,"(512, 512)",float32
412,412,data/processed/hmi.m_45s.2018.04.20_00_01_30_TAI.magnetogram_processed.npy,hmi.m_45s.2018.04.20_00_01_30_TAI.magnetogram_processed.npy,813d35d99eb5e6be7946a35dd2b73201c376fd3ada6b10fd6452d185ebe3c273,2018-04-20T00:01:30,2018-04-20T00:00:53.000Z,2018-04-20,2018-04-20 00:00:32.800,1.5048444271087646,stored_original_4096x4096_pixel_percentage_not_recomputed_from_npy,train,"(512, 512)",float32
413,413,data/processed/hmi.m_45s.2018.04.22_00_01_30_TAI.magnetogram_processed.npy,hmi.m_45s.2018.04.22_00_01_30_TAI.magnetogram_processed.npy,0918de6cd93473c862e39de084c29e43a0907ce8eb7b7559e01712e0d2f024f6,2018-04-22T00:01:30,2018-04-22T00:00:53.000Z,2018-04-22,2018-04-22 00:00:33.000,1.795947551727295,stored_original_4096x4096_pixel_percentage_not_recomputed_from_npy,train,"(512, 512)",float32
414,414;415,data/processed/hmi.m_45s.2018.04.23_00_01_30_TAI.magnetogram_processed.npy,hmi.m_45s.2018.04.23_00_01_30_TAI.magnetogram_processed.npy,5ae4cdb8f42d9a15c905fd06dc97161adf682ca0ace9a402a49dbe09b60c65fa,2018-04-23T00:01:30,2018-04-23T00:00:53.000Z,2018-04-23,2018-04-23 00:00:33.200,1.781219244003296,stored_original_4096x4096_pixel_percentage_not_recomputed_from_npy,train,"(512, 512)",float32
416,416;417,data/processed/hmi.m_45s.2018.04.24_00_01_30_TAI.magnetogram_processed.npy,hmi.m_45s.2018.04.24_00_01_30_TAI.magnetogram_processed.npy,b571f3cf15e96e45d5bb60285602d6fe17976a2c8b60c356ec21d0e2dd393761,2018-04-24T00:01:30,2018-04-24T00:00:53.000Z,2018-04-24,2018-04-24 00:00:33.300,1.7438769340515137,stored_original_4096x4096_pixel_percentage_not_recomputed_from_npy,train,"(512, 512)",float32
418,418,data/processed/hmi.m_45s.2018.04.27_00_01_30_TAI.magnetogram_processed.npy,hmi.m_45s.2018.04.27_00_01_30_TAI.magnetogram_processed.npy,ab1076608efad1d21fe6f2ba8b356c2f8c12798afedc510462b6ee404b38b7f8,2018-04-27T00:01:30,2018-04-27T00:00:53.000Z,2018-04-27,2018-04-27 00:00:33.700,1.5578746795654297,stored_original_4096x4096_pixel_percentage_not_recomputed_from_npy,train,"(512, 512)",float32
419,419;420,data/processed/hmi.m_45s.2018.04.28_00_01_30_TAI.magnetogram_processed.npy,hmi.m_45s.2018.04.28_00_01_30_TAI.magnetogram_processed.npy,fc19a34cbdb5ee74106995de2a0a1dd05af01548acd106e0058833a8896e43b4,2018-04-28T00:01:30,2018-04-28T00:00:53.000Z,2018-04-28,2018-04-28 00:00:33.800,1.5083611011505127,stored_original_4096x4096_pixel_percentage_not_recomputed_from_npy,train,"(512, 512)",float32
421,421,data/processed/hmi.m_45s.2018.05.01_00_01_30_TAI.magnetogram_processed.npy,hmi.m_45s.2018.05.01_00_01_30_TAI.magnetogram_processed.npy,8ce67a368229d2059be84110fe238df25d3efd6e46161c24c554cb23ce16050e,2018-05-01T00:01:30,2018-05-01T00:00:53.000Z,2018-05-01,2018-05-01 00:00:34.200,1.460021734237671,stored_original_4096x4096_pixel_percentage_not_recomputed_from_npy,train,"(512, 512)",float32
422,422,data/processed/hmi.m_45s.2018.05.03_00_01_30_TAI.magnetogram_processed.npy,hmi.m_45s.2018.05.03_00_01_30_TAI.magnetogram_processed.npy,c02a01e32e4442a13e70fcdd86f045df41fe5db6acc5f34fd60021a7a9398b22,2018-05-03T00:01:30,2018-05-03T00:00:53.000Z,2018-05-03,2018-05-03 00:00:34.400,1.4287590980529783,stored_original_4096x4096_pixel_percentage_not_recomputed_from_npy,train,"(512, 512)",float32
423,423,data/processed/hmi.m_45s.2018.05.04_00_01_30_TAI.magnetogram_processed.npy,hmi.m_45s.2018.05.04_00_01_30_TAI.magnetogram_processed.npy,63cc8d8b57a2d789e62bd2426668688998a5e5d3982599a76bbb6df7d748b9f2,2018-05-04T00:01:30,2018-05-04T00:00:53.000Z,2018-05-04,2018-05-04 00:00:34.600,1.4258503913879397,stored_original_4096x4096_pixel_percentage_not_recomputed_from_npy,selection_validation,"(512, 512)",float32
424,424;425,data/processed/hmi.m_45s.2018.05.07_00_01_30_TAI.magnetogram_processed.npy,hmi.m_45s.2018.05.07_00_01_30_TAI.magnetogram_processed.npy,3cccac5862d67ed8633608d86bd106ea68eb75d48a9b56964a317b53812bbb63,2018-05-07T00:01:30,2018-05-07T00:00:53.000Z,2018-05-07,2018-05-07 00:00:34.900,1.515352725982666,stored_original_4096x4096_pixel_percentage_not_recomputed_from_npy,train,"(512, 512)",float32
426,426,data/processed/hmi.m_45s.2018.05.08_00_01_30_TAI.magnetogram_processed.npy,hmi.m_45s.2018.05.08_00_01_30_TAI.magnetogram_processed.npy,7ede8c2fdf48ce71b37b542e804919559022d7065c60ae2d6c403babf8ae6ee9,2018-05-08T00:01:30,2018-05-08T00:00:53.000Z,2018-05-08,2018-05-08 00:00:35.100,1.6423702239990234,stored_original_4096x4096_pixel_percentage_not_recomputed_from_npy,train,"(512, 512)",float32
427,427,data/processed/hmi.m_45s.2018.05.09_00_01_30_TAI.magnetogram_processed.npy,hmi.m_45s.2018.05.09_00_01_30_TAI.magnetogram_processed.npy,0737d436d76fb59f8790d19b412ee43afa89706e49e8eeb1e7aef8cd18d013e6,2018-05-09T00:01:30,2018-05-09T00:00:53.000Z,2018-05-09,2018-05-09 00:00:35.200,1.6061723232269287,stored_original_4096x4096_pixel_percentage_not_recomputed_from_npy,train,"(512, 512)",float32
428,428;429,data/processed/hmi.m_45s.2018.05.14_00_01_30_TAI.magnetogram_processed.npy,hmi.m_45s.2018.05.14_00_01_30_TAI.magnetogram_processed.npy,2485138c08dab21905989cbe41ad31714f43fecaeae59ab967756690aba48300,2018-05-14T00:01:30,2018-05-14T00:00:53.000Z,2018-05-14,2018-05-14 00:00:35.800,1.507699489593506,stored_original_4096x4096_pixel_percentage_not_recomputed_from_npy,train,"(512, 512)",float32
430,430,data/processed/hmi.m_45s.2018.05.16_00_01_30_TAI.magnetogram_processed.npy,hmi.m_45s.2018.05.16_00_01_30_TAI.magnetogram_processed.npy,600417a12171cb4e7b7242949268e8adca205a522cf4d32a0d250e2ae4f0d0c1,2018-05-16T00:01:30,2018-05-16T00:00:53.000Z,2018-05-16,2018-05-16 00:00:36.000,1.4986395835876465,stored_original_4096x4096_pixel_percentage_not_recomputed_from_npy,train,"(512, 512)",float32
431,431,data/processed/hmi.m_45s.2018.05.21_00_01_30_TAI.magnetogram_processed.npy,hmi.m_45s.2018.05.21_00_01_30_TAI.magnetogram_processed.npy,d565f9a93258b1c0c834197d221cf9e8c2e105d3f9cb9735a9dcfa85edbe1491,2018-05-21T00:01:30,2018-05-21T00:00:53.000Z,2018-05-21,2018-05-21 00:00:36.500,1.3957083225250244,stored_original_4096x4096_pixel_percentage_not_recomputed_from_npy,train,"(512, 512)",float32
432,432,data/processed/hmi.m_45s.2018.05.22_00_01_30_TAI.magnetogram_processed.npy,hmi.m_45s.2018.05.22_00_01_30_TAI.magnetogram_processed.npy,a30ce3c4c41be987f882dd563aa796efb2fb3d483b50c99831b2c3a2c529ede6,2018-05-22T00:01:30,2018-05-22T00:00:53.000Z,2018-05-22,2018-05-22 00:00:36.600,1.400768756866455,stored_original_4096x4096_pixel_percentage_not_recomputed_from_npy,train,"(512, 512)",float32
433,433;434;435,data/processed/hmi.m_45s.2018.05.23_00_01_30_TAI.magnetogram_processed.npy,hmi.m_45s.2018.05.23_00_01_30_TAI.magnetogram_processed.npy,6e2ecba471ba949a38f246be722845a6821993818b7e61ef8cedcdbcff0e2c06,2018-05-23T00:01:30,2018-05-23T00:00:53.000Z,2018-05-23,2018-05-23 00:00:36.700,1.4034152030944824,stored_original_4096x4096_pixel_percentage_not_recomputed_from_npy,selection_validation,"(512, 512)",float32
436,436;437,data/processed/hmi.m_45s.2018.05.24_00_01_30_TAI.magnetogram_processed.npy,hmi.m_45s.2018.05.24_00_01_30_TAI.magnetogram_processed.npy,021e13fb6a61edf2b7617988d322686b11cd48482429b8df171257eac917b43d,2018-05-24T00:01:30,2018-05-24T00:00:53.000Z,2018-05-24,2018-05-24 00:00:36.700,1.4180183410644531,stored_original_4096x4096_pixel_percentage_not_recomputed_from_npy,train,"(512, 512)",float32
438,438,data/processed/hmi.m_45s.2018.05.25_00_01_30_TAI.magnetogram_processed.npy,hmi.m_45s.2018.05.25_00_01_30_TAI.magnetogram_processed.npy,fc7522da152e39816475206e9985502a59aee7559a50f90b4d408ece179ec159,2018-05-25T00:01:30,2018-05-25T00:00:53.000Z,2018-05-25,2018-05-25 00:00:36.800,1.4235973358154297,stored_original_4096x4096_pixel_percentage_not_recomputed_from_npy,train,"(512, 512)",float32
439,439;440,data/processed/hmi.m_45s.2018.05.27_00_01_30_TAI.magnetogram_processed.npy,hmi.m_45s.2018.05.27_00_01_30_TAI.magnetogram_processed.npy,fedb3d707b62c05a8159cc08b4173aad666ec694a9e51edf1df9ca18947e44e7,2018-05-27T00:01:30,2018-05-27T00:00:53.000Z,2018-05-27,2018-05-27 00:00:37.000,1.4149248600006104,stored_original_4096x4096_pixel_percentage_not_recomputed_from_npy,selection_validation,"(512, 512)",float32
441,441;442,data/processed/hmi.m_45s.2018.05.28_00_01_30_TAI.magnetogram_processed.npy,hmi.m_45s.2018.05.28_00_01_30_TAI.magnetogram_processed.npy,58a5879aaa44a9f51ebf27779dffe955f9e5669429baeeaa29e1c18ebf5af6a4,2018-05-28T00:01:30,2018-05-28T00:00:53.000Z,2018-05-28,2018-05-28 00:00:37.100,1.4357924461364746,stored_original_4096x4096_pixel_percentage_not_recomputed_from_npy,train,"(512, 512)",float32
443,443,data/processed/hmi.m_45s.2018.05.31_00_01_30_TAI.magnetogram_processed.npy,hmi.m_45s.2018.05.31_00_01_30_TAI.magnetogram_processed.npy,c5c4bb3381f76bab9135083cec058496af991a18b1f7384c0c6cafceab86117c,2018-05-31T00:01:30,2018-05-31T00:00:53.000Z,2018-05-31,2018-05-31 00:00:37.300,1.4435291290283203,stored_original_4096x4096_pixel_percentage_not_recomputed_from_npy,train,"(512, 512)",float32
444,444;445,data/processed/hmi.m_45s.2018.06.01_00_01_30_TAI.magnetogram_processed.npy,hmi.m_45s.2018.06.01_00_01_30_TAI.magnetogram_processed.npy,c4ee8b7525270e8dcf3593ae172462233386136d997e7871e5863dc7327f175f,2018-06-01T00:01:30,2018-06-01T00:00:53.000Z,2018-06-01,2018-06-01 00:00:37.400,1.4484822750091553,stored_original_4096x4096_pixel_percentage_not_recomputed_from_npy,train,"(512, 512)",float32
446,446,data/processed/hmi.m_45s.2018.06.04_00_01_30_TAI.magnetogram_processed.npy,hmi.m_45s.2018.06.04_00_01_30_TAI.magnetogram_processed.npy,f2dfba0449299b44a1d04bb29e05939bf5da19eaf1c031239631638213ef2b4d,2018-06-04T00:01:30,2018-06-04T00:00:53.000Z,2018-06-04,2018-06-04 00:00:37.600,1.4298856258392334,stored_original_4096x4096_pixel_percentage_not_recomputed_from_npy,train,"(512, 512)",float32
447,447,data/processed/hmi.m_45s.2018.06.08_00_01_30_TAI.magnetogram_processed.npy,hmi.m_45s.2018.06.08_00_01_30_TAI.magnetogram_processed.npy,5ad52cc9849f045dbe9732f10f6a29c5aa712afa662a6cd6b65fe352b850881c,2018-06-08T00:01:30,2018-06-08T00:00:53.000Z,2018-06-08,2018-06-08 00:00:37.900,1.3716816902160645,stored_original_4096x4096_pixel_percentage_not_recomputed_from_npy,train,"(512, 512)",float32
448,448;449,data/processed/hmi.m_45s.2018.06.11_00_01_30_TAI.magnetogram_processed.npy,hmi.m_45s.2018.06.11_00_01_30_TAI.magnetogram_processed.npy,d36ea7f48146dfd10dace55d0f7a4f1f6eb51527b48694d6c0ab1d30b3f41cc6,2018-06-11T00:01:30,2018-06-11T00:00:53.000Z,2018-06-11,2018-06-11 00:00:38.100,1.358240842819214,stored_original_4096x4096_pixel_percentage_not_recomputed_from_npy,selection_validation,"(512, 512)",float32
450,450,data/processed/hmi.m_45s.2018.06.14_00_01_30_TAI.magnetogram_processed.npy,hmi.m_45s.2018.06.14_00_01_30_TAI.magnetogram_processed.npy,907ab05d38ab95e4f6bbb7651c492c24f6166a3e80f95ee1203a3a3005a82da6,2018-06-14T00:01:30,2018-06-14T00:00:53.000Z,2018-06-14,2018-06-14 00:00:38.300,1.3785362243652344,stored_original_4096x4096_pixel_percentage_not_recomputed_from_npy,train,"(512, 512)",float32
451,451,data/processed/hmi.m_45s.2018.06.17_00_01_30_TAI.magnetogram_processed.npy,hmi.m_45s.2018.06.17_00_01_30_TAI.magnetogram_processed.npy,31296e245512e055f0da4001d6f732e4facfe9955cfc8ee44a4a9e3509c67068,2018-06-17T00:01:30,2018-06-17T00:00:53.000Z,2018-06-17,2018-06-17 00:00:38.400,1.416623592376709,stored_original_4096x4096_pixel_percentage_not_recomputed_from_npy,selection_validation,"(512, 512)",float32
452,452,data/processed/hmi.m_45s.2018.06.20_00_01_30_TAI.magnetogram_processed.npy,hmi.m_45s.2018.06.20_00_01_30_TAI.magnetogram_processed.npy,3eb96ffd198e73ebb247cc724dd01aa745db535299f7a92aeef4a1fc8c1bf741,2018-06-20T00:01:30,2018-06-20T00:00:53.000Z,2018-06-20,2018-06-20 00:00:38.500,1.4507591724395752,stored_original_4096x4096_pixel_percentage_not_recomputed_from_npy,selection_validation,"(512, 512)",float32
453,453,data/processed/hmi.m_45s.2018.06.24_00_01_30_TAI.magnetogram_processed.npy,hmi.m_45s.2018.06.24_00_01_30_TAI.magnetogram_processed.npy,2a1b02fb3316735667074d0f44f522830d64e2cf82dbc42bedb4adfab6abac10,2018-06-24T00:01:30,2018-06-24T00:00:53.000Z,2018-06-24,2018-06-24 00:00:38.600,1.4488577842712402,stored_original_4096x4096_pixel_percentage_not_recomputed_from_npy,selection_validation,"(512, 512)",float32
454,454,data/processed/hmi.m_45s.2018.06.27_00_01_30_TAI.magnetogram_processed.npy,hmi.m_45s.2018.06.27_00_01_30_TAI.magnetogram_processed.npy,1bd725613ac90bd3f5016f646163561d00feaf19e96dde6d8532f5da107f6cfd,2018-06-27T00:01:30,2018-06-27T00:00:53.000Z,2018-06-27,2018-06-27 00:00:38.700,1.4066994190216064,stored_original_4096x4096_pixel_percentage_not_recomputed_from_npy,train,"(512, 512)",float32
455,455,data/processed/hmi.m_45s.2018.07.01_00_01_30_TAI.magnetogram_processed.npy,hmi.m_45s.2018.07.01_00_01_30_TAI.magnetogram_processed.npy,01d11d078f40edb3268b785cd3450173ee0c0dc5844bc5d779ce81be702a1e24,2018-07-01T00:01:30,2018-07-01T00:00:53.000Z,2018-07-01,2018-07-01 00:00:38.700,1.3602375984191897,stored_original_4096x4096_pixel_percentage_not_recomputed_from_npy,selection_validation,"(512, 512)",float32
456,456,data/processed/hmi.m_45s.2018.07.02_00_01_30_TAI.magnetogram_processed.npy,hmi.m_45s.2018.07.02_00_01_30_TAI.magnetogram_processed.npy,60f1ee55d07e0c523603f96678c8b621499e14dd8864a8e814d5770f127efadc,2018-07-02T00:01:30,2018-07-02T00:00:53.000Z,2018-07-02,2018-07-02 00:00:38.800,1.3680517673492432,stored_original_4096x4096_pixel_percentage_not_recomputed_from_npy,train,"(512, 512)",float32
457,457,data/processed/hmi.m_45s.2018.07.03_00_01_30_TAI.magnetogram_processed.npy,hmi.m_45s.2018.07.03_00_01_30_TAI.magnetogram_processed.npy,6faf5442b7e25bf012dd794711b9acc99f9c5aae00f577ea54a430d85ca5e1b3,2018-07-03T00:01:30,2018-07-03T00:00:53.000Z,2018-07-03,2018-07-03 00:00:38.800,1.3693153858184814,stored_original_4096x4096_pixel_percentage_not_recomputed_from_npy,train,"(512, 512)",float32
458,458,data/processed/hmi.m_45s.2018.07.05_00_01_30_TAI.magnetogram_processed.npy,hmi.m_45s.2018.07.05_00_01_30_TAI.magnetogram_processed.npy,c842ebdd0ecb4123ca9073aed8d9e1f82f5d8ab502034c9363038379211c30c1,2018-07-05T00:01:30,2018-07-05T00:00:53.000Z,2018-07-05,2018-07-05 00:00:38.800,1.373523473739624,stored_original_4096x4096_pixel_percentage_not_recomputed_from_npy,train,"(512, 512)",float32
459,459,data/processed/hmi.m_45s.2018.07.08_00_01_30_TAI.magnetogram_processed.npy,hmi.m_45s.2018.07.08_00_01_30_TAI.magnetogram_processed.npy,6cd11efe9a21dc6aa3e3b98a3c5c3b748c2b6f40afdb5c321186ac1ac41bb55d,2018-07-08T00:01:30,2018-07-08T00:00:53.000Z,2018-07-08,2018-07-08 00:00:38.800,1.370537281036377,stored_original_4096x4096_pixel_percentage_not_recomputed_from_npy,selection_validation,"(512, 512)",float32
460,460,data/processed/hmi.m_45s.2018.07.10_00_01_30_TAI.magnetogram_processed.npy,hmi.m_45s.2018.07.10_00_01_30_TAI.magnetogram_processed.npy,b80d199202973aca4fcdee06a9f8da1bf91693fb8d483394aca25e48e9a4986a,2018-07-10T00:01:30,2018-07-10T00:00:53.000Z,2018-07-10,2018-07-10 00:00:38.800,1.3880670070648191,stored_original_4096x4096_pixel_percentage_not_recomputed_from_npy,train,"(512, 512)",float32
461,461,data/processed/hmi.m_45s.2018.07.11_00_01_30_TAI.magnetogram_processed.npy,hmi.m_45s.2018.07.11_00_01_30_TAI.magnetogram_processed.npy,c468e8f34ec6bb73cbf8865aae0a32c7399d7498a5e2e3bb7b13643214e1b03e,2018-07-11T00:01:30,2018-07-11T00:00:53.000Z,2018-07-11,2018-07-11 00:00:38.800,1.4153361320495603,stored_original_4096x4096_pixel_percentage_not_recomputed_from_npy,train,"(512, 512)",float32
462,462,data/processed/hmi.m_45s.2018.07.12_00_01_30_TAI.magnetogram_processed.npy,hmi.m_45s.2018.07.12_00_01_30_TAI.magnetogram_processed.npy,d204451fd7a158a471604ed9cdd39e84ed24a60a52865e73c87b44eb1551fce9,2018-07-12T00:01:30,2018-07-12T00:00:53.000Z,2018-07-12,2018-07-12 00:00:38.700,1.4415323734283447,stored_original_4096x4096_pixel_percentage_not_recomputed_from_npy,selection_validation,"(512, 512)",float32
463,463,data/processed/hmi.m_45s.2018.07.14_00_01_30_TAI.magnetogram_processed.npy,hmi.m_45s.2018.07.14_00_01_30_TAI.magnetogram_processed.npy,6acb5303b3e7c3925c92f85b7ee66f78def46ba7f948cc67056d60b45d40bbcd,2018-07-14T00:01:30,2018-07-14T00:00:53.000Z,2018-07-14,2018-07-14 00:00:38.700,1.4799535274505615,stored_original_4096x4096_pixel_percentage_not_recomputed_from_npy,train,"(512, 512)",float32
464,464,data/processed/hmi.m_45s.2018.07.16_00_01_30_TAI.magnetogram_processed.npy,hmi.m_45s.2018.07.16_00_01_30_TAI.magnetogram_processed.npy,6665ee9a73144f58ec5bfc8728ca131ab8ef68daecc0c6416215ae0e8f05c7df,2018-07-16T00:01:30,2018-07-16T00:00:53.000Z,2018-07-16,2018-07-16 00:00:38.700,1.4614224433898926,stored_original_4096x4096_pixel_percentage_not_recomputed_from_npy,selection_validation,"(512, 512)",float32
465,465,data/processed/hmi.m_45s.2018.07.17_00_01_30_TAI.magnetogram_processed.npy,hmi.m_45s.2018.07.17_00_01_30_TAI.magnetogram_processed.npy,84a492cf751455c2f738efa10517557907019ac409aa3d5b8991c9446fe682bb,2018-07-17T00:01:30,2018-07-17T00:00:53.000Z,2018-07-17,2018-07-17 00:00:38.600,1.446479558944702,stored_original_4096x4096_pixel_percentage_not_recomputed_from_npy,train,"(512, 512)",float32
466,466;467,data/processed/hmi.m_45s.2018.07.18_00_01_30_TAI.magnetogram_processed.npy,hmi.m_45s.2018.07.18_00_01_30_TAI.magnetogram_processed.npy,e70b3625be1dd44aeb1d0bc6757d4a791116542b2bd345da7e1a67652680c720,2018-07-18T00:01:30,2018-07-18T00:00:53.000Z,2018-07-18,2018-07-18 00:00:38.600,1.435321569442749,stored_original_4096x4096_pixel_percentage_not_recomputed_from_npy,selection_validation,"(512, 512)",float32
468,468;469;470,data/processed/hmi.m_45s.2018.07.19_00_01_30_TAI.magnetogram_processed.npy,hmi.m_45s.2018.07.19_00_01_30_TAI.magnetogram_processed.npy,e4324638800d17c6118cfb0849239348b974071b27acb01360fe09d0cb9c730b,2018-07-19T00:01:30,2018-07-19T00:00:53.000Z,2018-07-19,2018-07-19 00:00:38.600,1.4176011085510254,stored_original_4096x4096_pixel_percentage_not_recomputed_from_npy,train,"(512, 512)",float32
471,471;472,data/processed/hmi.m_45s.2018.07.20_00_01_30_TAI.magnetogram_processed.npy,hmi.m_45s.2018.07.20_00_01_30_TAI.magnetogram_processed.npy,2c4fe9a9f1ca481c0abfb46a2060a378cf56b14962fa507022aec4908241c4c5,2018-07-20T00:01:30,2018-07-20T00:00:53.000Z,2018-07-20,2018-07-20 00:00:38.500,1.4121174812316897,stored_original_4096x4096_pixel_percentage_not_recomputed_from_npy,train,"(512, 512)",float32
473,473,data/processed/hmi.m_45s.2018.07.21_00_01_30_TAI.magnetogram_processed.npy,hmi.m_45s.2018.07.21_00_01_30_TAI.magnetogram_processed.npy,6a3ab5a20b95252349b7f1483034e180747030703794505d87e9b989d0b7fe68,2018-07-21T00:01:30,2018-07-21T00:00:53.000Z,2018-07-21,2018-07-21 00:00:38.500,1.4177262783050537,stored_original_4096x4096_pixel_percentage_not_recomputed_from_npy,train,"(512, 512)",float32
474,474,data/processed/hmi.m_45s.2018.07.23_00_01_30_TAI.magnetogram_processed.npy,hmi.m_45s.2018.07.23_00_01_30_TAI.magnetogram_processed.npy,e0fa7bfcf0ccb4c5de4591750a22196ceb4069b1756800b5671be2cb8c91dd4e,2018-07-23T00:01:30,2018-07-23T00:00:53.000Z,2018-07-23,2018-07-23 00:00:38.400,1.422792673110962,stored_original_4096x4096_pixel_percentage_not_recomputed_from_npy,train,"(512, 512)",float32
475,475;476,data/processed/hmi.m_45s.2018.07.24_00_01_30_TAI.magnetogram_processed.npy,hmi.m_45s.2018.07.24_00_01_30_TAI.magnetogram_processed.npy,198c9c28034832bb954fd466a39f0ea189981953b69a303b8c10b62efc75f1c6,2018-07-24T00:01:30,2018-07-24T00:00:53.000Z,2018-07-24,2018-07-24 00:00:38.400,1.4149188995361328,stored_original_4096x4096_pixel_percentage_not_recomputed_from_npy,train,"(512, 512)",float32
477,477,data/processed/hmi.m_45s.2018.07.26_00_01_30_TAI.magnetogram_processed.npy,hmi.m_45s.2018.07.26_00_01_30_TAI.magnetogram_processed.npy,a1eb723181cfc8e602413cf1614aee5f027e4da80caa755d8b2d84264f1c83f2,2018-07-26T00:01:30,2018-07-26T00:00:53.000Z,2018-07-26,2018-07-26 00:00:38.300,1.411890983581543,stored_original_4096x4096_pixel_percentage_not_recomputed_from_npy,selection_validation,"(512, 512)",float32
478,478,data/processed/hmi.m_45s.2018.07.30_00_01_30_TAI.magnetogram_processed.npy,hmi.m_45s.2018.07.30_00_01_30_TAI.magnetogram_processed.npy,770a508e0dbfcbbf8dcdfb83b66efcbb9b047f30298a2e500a83b2d8483a19b5,2018-07-30T00:01:30,2018-07-30T00:00:53.000Z,2018-07-30,2018-07-30 00:00:38.000,1.4072060585021973,stored_original_4096x4096_pixel_percentage_not_recomputed_from_npy,train,"(512, 512)",float32
479,479,data/processed/hmi.m_45s.2018.08.03_00_01_30_TAI.magnetogram_processed.npy,hmi.m_45s.2018.08.03_00_01_30_TAI.magnetogram_processed.npy,23a4df977f408015d9afbe08cbc8cb0e2ef4a43eff9526b5cb68ee206748a5c9,2018-08-03T00:01:30,2018-08-03T00:00:53.000Z,2018-08-03,2018-08-03 00:00:37.800,1.435631513595581,stored_original_4096x4096_pixel_percentage_not_recomputed_from_npy,train,"(512, 512)",float32
480,480;481,data/processed/hmi.m_45s.2018.08.06_00_01_30_TAI.magnetogram_processed.npy,hmi.m_45s.2018.08.06_00_01_30_TAI.magnetogram_processed.npy,c93e7d71eb58b269b453fffed109d583c76c281630127e585a5bf79d49d24cdf,2018-08-06T00:01:30,2018-08-06T00:00:53.000Z,2018-08-06,2018-08-06 00:00:37.600,1.4463722705841064,stored_original_4096x4096_pixel_percentage_not_recomputed_from_npy,selection_validation,"(512, 512)",float32
482,482,data/processed/hmi.m_45s.2018.08.07_00_01_30_TAI.magnetogram_processed.npy,hmi.m_45s.2018.08.07_00_01_30_TAI.magnetogram_processed.npy,317d00a6b8b14ab14be368900a36ccb367b87f634dd50d1dee3cfcdf6eb92ef7,2018-08-07T00:01:30,2018-08-07T00:00:53.000Z,2018-08-07,2018-08-07 00:00:37.500,1.4574170112609863,stored_original_4096x4096_pixel_percentage_not_recomputed_from_npy,train,"(512, 512)",float32
483,483,data/processed/hmi.m_45s.2018.08.09_00_01_30_TAI.magnetogram_processed.npy,hmi.m_45s.2018.08.09_00_01_30_TAI.magnetogram_processed.npy,8b2a60d92c0e2301c4d134fb9f444f0317a9f2a8cb8ed6d048e83778e2580870,2018-08-09T00:01:30,2018-08-09T00:00:53.000Z,2018-08-09,2018-08-09 00:00:37.400,1.477038860321045,stored_original_4096x4096_pixel_percentage_not_recomputed_from_npy,train,"(512, 512)",float32
484,484;485,data/processed/hmi.m_45s.2018.08.15_00_01_30_TAI.magnetogram_processed.npy,hmi.m_45s.2018.08.15_00_01_30_TAI.magnetogram_processed.npy,ffc7dcd57cb1a54905fba9cf29b30e88e285a8d3769c6f04d048c482bb41f247,2018-08-15T00:01:30,2018-08-15T00:00:53.000Z,2018-08-15,2018-08-15 00:00:36.900,1.434868574142456,stored_original_4096x4096_pixel_percentage_not_recomputed_from_npy,selection_validation,"(512, 512)",float32
486,486,data/processed/hmi.m_45s.2018.08.16_00_01_30_TAI.magnetogram_processed.npy,hmi.m_45s.2018.08.16_00_01_30_TAI.magnetogram_processed.npy,580b72d786ce85077acefaa2d2c4d525806036e8846d6353288caa812993eb0d,2018-08-16T00:01:30,2018-08-16T00:00:53.000Z,2018-08-16,2018-08-16 00:00:36.800,1.4347493648529053,stored_original_4096x4096_pixel_percentage_not_recomputed_from_npy,train,"(512, 512)",float32
487,487,data/processed/hmi.m_45s.2018.08.17_00_01_30_TAI.magnetogram_processed.npy,hmi.m_45s.2018.08.17_00_01_30_TAI.magnetogram_processed.npy,ad5583804c63cc7ee0dc924e53329254966b71d0e7abe5494f315df5e6af8574,2018-08-17T00:01:30,2018-08-17T00:00:53.000Z,2018-08-17,2018-08-17 00:00:36.700,1.4383971691131592,stored_original_4096x4096_pixel_percentage_not_recomputed_from_npy,train,"(512, 512)",float32
488,488,data/processed/hmi.m_45s.2018.08.19_00_01_30_TAI.magnetogram_processed.npy,hmi.m_45s.2018.08.19_00_01_30_TAI.magnetogram_processed.npy,56d2e0e706d6bcf5c2f37f4e748bc5635962b2e47f4f59b82764d4af9d52a795,2018-08-19T00:01:30,2018-08-19T00:00:53.000Z,2018-08-19,2018-08-19 00:00:36.500,1.2437105178833008,stored_original_4096x4096_pixel_percentage_not_recomputed_from_npy,selection_validation,"(512, 512)",float32
489,489,data/processed/hmi.m_45s.2018.08.20_00_01_30_TAI.magnetogram_processed.npy,hmi.m_45s.2018.08.20_00_01_30_TAI.magnetogram_processed.npy,23b79f86014ffbba0c8d446941e5c3e9c935a08a1951570de97cfbe50910b15d,2018-08-20T00:01:30,2018-08-20T00:00:53.000Z,2018-08-20,2018-08-20 00:00:36.400,1.3167619705200195,stored_original_4096x4096_pixel_percentage_not_recomputed_from_npy,train,"(512, 512)",float32
490,490,data/processed/hmi.m_45s.2018.08.23_00_01_30_TAI.magnetogram_processed.npy,hmi.m_45s.2018.08.23_00_01_30_TAI.magnetogram_processed.npy,b2c1838a3b55e5a6af2cf690922863de5d114e59ee7942dc7e29eed660792b44,2018-08-23T00:01:30,2018-08-23T00:00:53.000Z,2018-08-23,2018-08-23 00:00:36.100,1.3425469398498535,stored_original_4096x4096_pixel_percentage_not_recomputed_from_npy,train,"(512, 512)",float32
491,491,data/processed/hmi.m_45s.2018.08.24_00_01_30_TAI.magnetogram_processed.npy,hmi.m_45s.2018.08.24_00_01_30_TAI.magnetogram_processed.npy,559ed8e5e0e5fc103b6829ea8f64edfa3d9dbaa34b4b15073c7855a800f74284,2018-08-24T00:01:30,2018-08-24T00:00:53.000Z,2018-08-24,2018-08-24 00:00:36.000,1.3473331928253174,stored_original_4096x4096_pixel_percentage_not_recomputed_from_npy,train,"(512, 512)",float32
492,492,data/processed/hmi.m_45s.2018.08.25_00_01_30_TAI.magnetogram_processed.npy,hmi.m_45s.2018.08.25_00_01_30_TAI.magnetogram_processed.npy,7be6b24488b9a286e08d775b7b1fd281411d36df9a218760a2e2aab0609e958c,2018-08-25T00:01:30,2018-08-25T00:00:53.000Z,2018-08-25,2018-08-25 00:00:35.900,1.3841986656188965,stored_original_4096x4096_pixel_percentage_not_recomputed_from_npy,train,"(512, 512)",float32
493,493,data/processed/hmi.m_45s.2018.08.26_00_01_30_TAI.magnetogram_processed.npy,hmi.m_45s.2018.08.26_00_01_30_TAI.magnetogram_processed.npy,7b301a8d4ac57113dbb078e9e64361ed76f989dcfdadcba27b79fe8875526a88,2018-08-26T00:01:30,2018-08-26T00:00:53.000Z,2018-08-26,2018-08-26 00:00:35.800,1.376903057098389,stored_original_4096x4096_pixel_percentage_not_recomputed_from_npy,train,"(512, 512)",float32
494,494,data/processed/hmi.m_45s.2018.08.29_00_01_30_TAI.magnetogram_processed.npy,hmi.m_45s.2018.08.29_00_01_30_TAI.magnetogram_processed.npy,c40440e3fc7f4c8d1d5e8631d4cad6c30d6d371a935c577b424df3b49bc2470d,2018-08-29T00:01:30,2018-08-29T00:00:53.000Z,2018-08-29,2018-08-29 00:00:35.500,1.3588368892669678,stored_original_4096x4096_pixel_percentage_not_recomputed_from_npy,train,"(512, 512)",float32
495,495,data/processed/hmi.m_45s.2018.08.30_00_01_30_TAI.magnetogram_processed.npy,hmi.m_45s.2018.08.30_00_01_30_TAI.magnetogram_processed.npy,f29c4b891cada2c1e27f12c773722dcee55a5a02789bfc5ab2d306c6bb330ddf,2018-08-30T00:01:30,2018-08-30T00:00:53.000Z,2018-08-30,2018-08-30 00:00:35.300,1.3826310634613037,stored_original_4096x4096_pixel_percentage_not_recomputed_from_npy,train,"(512, 512)",float32
496,496,data/processed/hmi.m_45s.2018.09.01_00_01_30_TAI.magnetogram_processed.npy,hmi.m_45s.2018.09.01_00_01_30_TAI.magnetogram_processed.npy,d05d03d6f1970b26af91bd11b1de4bcef91f7e6d3c2b675c695fa8a5e07ad9e1,2018-09-01T00:01:30,2018-09-01T00:00:53.000Z,2018-09-01,2018-09-01 00:00:35.100,1.363849639892578,stored_original_4096x4096_pixel_percentage_not_recomputed_from_npy,train,"(512, 512)",float32
497,497,data/processed/hmi.m_45s.2018.09.03_00_01_30_TAI.magnetogram_processed.npy,hmi.m_45s.2018.09.03_00_01_30_TAI.magnetogram_processed.npy,90986fda59c7c37b6d3720d56d60ae7ebdadc94f399a70a4989c00459b136009,2018-09-03T00:01:30,2018-09-03T00:00:53.000Z,2018-09-03,2018-09-03 00:00:34.900,1.3721108436584473,stored_original_4096x4096_pixel_percentage_not_recomputed_from_npy,train,"(512, 512)",float32
498,498;499,data/processed/hmi.m_45s.2018.09.04_00_01_30_TAI.magnetogram_processed.npy,hmi.m_45s.2018.09.04_00_01_30_TAI.magnetogram_processed.npy,a4e2df3731ec8fef6b0a70eda7850d7ec13ebac5bd6be034ecec6dde6fd086b9,2018-09-04T00:01:30,2018-09-04T00:00:53.000Z,2018-09-04,2018-09-04 00:00:34.800,1.37595534324646,stored_original_4096x4096_pixel_percentage_not_recomputed_from_npy,train,"(512, 512)",float32
500,500,data/processed/hmi.m_45s.2018.09.06_00_01_30_TAI.magnetogram_processed.npy,hmi.m_45s.2018.09.06_00_01_30_TAI.magnetogram_processed.npy,761525104cd3198f2f68ea42144f9e5561df9d20a2e4815f6a6476792dcbda11,2018-09-06T00:01:30,2018-09-06T00:00:53.000Z,2018-09-06,2018-09-06 00:00:34.500,1.390773057937622,stored_original_4096x4096_pixel_percentage_not_recomputed_from_npy,train,"(512, 512)",float32
501,501,data/processed/hmi.m_45s.2018.09.10_00_01_30_TAI.magnetogram_processed.npy,hmi.m_45s.2018.09.10_00_01_30_TAI.magnetogram_processed.npy,3a2911261f88c7c941c0fd6a280c3d6f319c6715bbf5ccfff9ef7d7e2d705d6e,2018-09-10T00:01:30,2018-09-10T00:00:53.000Z,2018-09-10,2018-09-10 00:00:34.000,1.374053955078125,stored_original_4096x4096_pixel_percentage_not_recomputed_from_npy,train,"(512, 512)",float32
502,502,data/processed/hmi.m_45s.2018.09.16_00_01_30_TAI.magnetogram_processed.npy,hmi.m_45s.2018.09.16_00_01_30_TAI.magnetogram_processed.npy,16b16531169c43a5edd782bb82705ac5603e719d1606e2d68d155422020160ff,2018-09-16T00:01:30,2018-09-16T00:00:53.000Z,2018-09-16,2018-09-16 00:00:33.200,1.3552606105804443,stored_original_4096x4096_pixel_percentage_not_recomputed_from_npy,train,"(512, 512)",float32
503,503;504;505,data/processed/hmi.m_45s.2018.09.17_00_01_30_TAI.magnetogram_processed.npy,hmi.m_45s.2018.09.17_00_01_30_TAI.magnetogram_processed.npy,55563bb087f3ab07db15eb7b560be06c3bc4066156d8c02043e59c1aabf5ab4e,2018-09-17T00:01:30,2018-09-17T00:00:53.000Z,2018-09-17,2018-09-17 00:00:33.100,1.3633430004119873,stored_original_4096x4096_pixel_percentage_not_recomputed_from_npy,train,"(512, 512)",float32
506,506,data/processed/hmi.m_45s.2018.09.22_00_01_30_TAI.magnetogram_processed.npy,hmi.m_45s.2018.09.22_00_01_30_TAI.magnetogram_processed.npy,90f3b6b7712626e4861f1752826ac8277ffc91f8f7f07dd45b6ac386c3856c9a,2018-09-22T00:01:30,2018-09-22T00:00:53.000Z,2018-09-22,2018-09-22 00:00:32.400,1.329094171524048,stored_original_4096x4096_pixel_percentage_not_recomputed_from_npy,train,"(512, 512)",float32
507,507,data/processed/hmi.m_45s.2018.09.23_00_01_30_TAI.magnetogram_processed.npy,hmi.m_45s.2018.09.23_00_01_30_TAI.magnetogram_processed.npy,f15066b149588224212771550c433c28a826dcd8a6e92ca5d17f94b9d5c9d035,2018-09-23T00:01:30,2018-09-23T00:00:53.000Z,2018-09-23,2018-09-23 00:00:32.300,1.3187527656555176,stored_original_4096x4096_pixel_percentage_not_recomputed_from_npy,train,"(512, 512)",float32
508,508,data/processed/hmi.m_45s.2018.09.24_00_01_30_TAI.magnetogram_processed.npy,hmi.m_45s.2018.09.24_00_01_30_TAI.magnetogram_processed.npy,1a6644d9e75c9babd1b71674bbf88c3bb59b2cfc21d6b0f08d8e5a152750ea31,2018-09-24T00:01:30,2018-09-24T00:00:53.000Z,2018-09-24,2018-09-24 00:00:32.100,1.3175606727600098,stored_original_4096x4096_pixel_percentage_not_recomputed_from_npy,train,"(512, 512)",float32
509,509,data/processed/hmi.m_45s.2018.09.25_00_01_30_TAI.magnetogram_processed.npy,hmi.m_45s.2018.09.25_00_01_30_TAI.magnetogram_processed.npy,744b098a91a73f26adf721cbf6ff5059c3339d3a2dc86f7e7274225517186a05,2018-09-25T00:01:30,2018-09-25T00:00:53.000Z,2018-09-25,2018-09-25 00:00:32.000,1.3127565383911133,stored_original_4096x4096_pixel_percentage_not_recomputed_from_npy,train,"(512, 512)",float32
510,510;511,data/processed/hmi.m_45s.2018.09.27_00_01_30_TAI.magnetogram_processed.npy,hmi.m_45s.2018.09.27_00_01_30_TAI.magnetogram_processed.npy,d8c37fb24146e9abfd546e7c4274c190b739e9baca59cc41296d59801ccf3fa2,2018-09-27T00:01:30,2018-09-27T00:00:53.000Z,2018-09-27,2018-09-27 00:00:31.700,1.3059258460998535,stored_original_4096x4096_pixel_percentage_not_recomputed_from_npy,train,"(512, 512)",float32
512,512;513;514,data/processed/hmi.m_45s.2018.09.30_00_01_30_TAI.magnetogram_processed.npy,hmi.m_45s.2018.09.30_00_01_30_TAI.magnetogram_processed.npy,8132cfd3293fc42a8b1f72a3dd33cd31862e5ea9504bc214d6fdc7d1f8db07a6,2018-09-30T00:01:30,2018-09-30T00:00:53.000Z,2018-09-30,2018-09-30 00:00:31.300,1.3166725635528564,stored_original_4096x4096_pixel_percentage_not_recomputed_from_npy,train,"(512, 512)",float32
515,515;516,data/processed/hmi.m_45s.2018.10.01_00_01_30_TAI.magnetogram_processed.npy,hmi.m_45s.2018.10.01_00_01_30_TAI.magnetogram_processed.npy,5b8b626a349dbfb117c036a3701fb2e9c764c0685efd44a6a6283707d6e3b119,2018-10-01T00:01:30,2018-10-01T00:00:53.000Z,2018-10-01,2018-10-01 00:00:31.100,1.3298392295837402,stored_original_4096x4096_pixel_percentage_not_recomputed_from_npy,train,"(512, 512)",float32
517,517;518,data/processed/hmi.m_45s.2018.10.03_00_01_30_TAI.magnetogram_processed.npy,hmi.m_45s.2018.10.03_00_01_30_TAI.magnetogram_processed.npy,e3c8f51c142d41441e1009ea2e6df605c0bab12280c72b54ed20ed552afbd420,2018-10-03T00:01:30,2018-10-03T00:00:53.000Z,2018-10-03,2018-10-03 00:00:30.900,1.3179123401641846,stored_original_4096x4096_pixel_percentage_not_recomputed_from_npy,train,"(512, 512)",float32
519,519,data/processed/hmi.m_45s.2018.10.04_00_01_30_TAI.magnetogram_processed.npy,hmi.m_45s.2018.10.04_00_01_30_TAI.magnetogram_processed.npy,3c76035055823ad72808ad508f19aee5d3a13ee6b90317c0e72ac1ef1195c155,2018-10-04T00:01:30,2018-10-04T00:00:53.000Z,2018-10-04,2018-10-04 00:00:30.700,1.3072073459625244,stored_original_4096x4096_pixel_percentage_not_recomputed_from_npy,train,"(512, 512)",float32
520,520,data/processed/hmi.m_45s.2018.10.06_00_01_30_TAI.magnetogram_processed.npy,hmi.m_45s.2018.10.06_00_01_30_TAI.magnetogram_processed.npy,b5ffb41e3871b1c3a0cc7a8f54d1aea6cfd0dd00620da1558b031bf22b5d23a3,2018-10-06T00:01:30,2018-10-06T00:00:53.000Z,2018-10-06,2018-10-06 00:00:30.400,1.298058032989502,stored_original_4096x4096_pixel_percentage_not_recomputed_from_npy,train,"(512, 512)",float32
521,521,data/processed/hmi.m_45s.2018.10.08_00_01_30_TAI.magnetogram_processed.npy,hmi.m_45s.2018.10.08_00_01_30_TAI.magnetogram_processed.npy,ca839bade9ccefa2a92f7ff5c4e3a89f58f0be386df81a51d09c61634b1f1485,2018-10-08T00:01:30,2018-10-08T00:00:53.000Z,2018-10-08,2018-10-08 00:00:30.200,1.2740373611450195,stored_original_4096x4096_pixel_percentage_not_recomputed_from_npy,train,"(512, 512)",float32
522,522,data/processed/hmi.m_45s.2018.10.10_00_01_30_TAI.magnetogram_processed.npy,hmi.m_45s.2018.10.10_00_01_30_TAI.magnetogram_processed.npy,7d95e4a7b7b8d3920eacebf8127b2b26e558fdecc847d609d83d0456b619801b,2018-10-10T00:01:30,2018-10-10T00:00:53.000Z,2018-10-10,2018-10-10 00:00:29.900,1.2824833393096924,stored_original_4096x4096_pixel_percentage_not_recomputed_from_npy,train,"(512, 512)",float32
523,523,data/processed/hmi.m_45s.2018.10.12_00_01_30_TAI.magnetogram_processed.npy,hmi.m_45s.2018.10.12_00_01_30_TAI.magnetogram_processed.npy,39540c4cd3de668440ee313f2a8edd7743bb75350625d3c219c623f7d33a6ebb,2018-10-12T00:01:30,2018-10-12T00:00:53.000Z,2018-10-12,2018-10-12 00:00:29.600,1.2857019901275637,stored_original_4096x4096_pixel_percentage_not_recomputed_from_npy,train,"(512, 512)",float32
524,524,data/processed/hmi.m_45s.2018.10.13_00_02_15_TAI.magnetogram_processed.npy,hmi.m_45s.2018.10.13_00_02_15_TAI.magnetogram_processed.npy,20d7f49177d7a69840579595eb4b615a2938fe4f32ca21bc85ccefc1c7095b8c,2018-10-13T00:02:15,2018-10-13T00:01:38.000Z,2018-10-13,2018-10-13 00:01:14.400,1.7415106296539309,stored_original_4096x4096_pixel_percentage_not_recomputed_from_npy,train,"(512, 512)",float32
525,525,data/processed/hmi.m_45s.2018.10.17_00_01_30_TAI.magnetogram_processed.npy,hmi.m_45s.2018.10.17_00_01_30_TAI.magnetogram_processed.npy,00766e319335ee106d6e494c2e5af4c1aff9fb610c21c47b9d0623ca5405a379,2018-10-17T00:01:30,2018-10-17T00:00:53.000Z,2018-10-17,2018-10-17 00:00:28.900,1.299840211868286,stored_original_4096x4096_pixel_percentage_not_recomputed_from_npy,train,"(512, 512)",float32
526,526,data/processed/hmi.m_45s.2018.10.18_00_01_30_TAI.magnetogram_processed.npy,hmi.m_45s.2018.10.18_00_01_30_TAI.magnetogram_processed.npy,9212ed9db3bcc81f051a210889a6c0740c9fe89cabec0b39609f2b1210663e53,2018-10-18T00:01:30,2018-10-18T00:00:53.000Z,2018-10-18,2018-10-18 00:00:28.700,1.29430890083313,stored_original_4096x4096_pixel_percentage_not_recomputed_from_npy,selection_validation,"(512, 512)",float32
527,527,data/processed/hmi.m_45s.2018.10.20_00_01_30_TAI.magnetogram_processed.npy,hmi.m_45s.2018.10.20_00_01_30_TAI.magnetogram_processed.npy,c2d78d8f46fd27523606e4d8446dafe3916ef14ddbd39829e600d426b92c7c12,2018-10-20T00:01:30,2018-10-20T00:00:53.000Z,2018-10-20,2018-10-20 00:00:28.400,1.272869110107422,stored_original_4096x4096_pixel_percentage_not_recomputed_from_npy,selection_validation,"(512, 512)",float32
528,528;529,data/processed/hmi.m_45s.2018.10.21_00_01_30_TAI.magnetogram_processed.npy,hmi.m_45s.2018.10.21_00_01_30_TAI.magnetogram_processed.npy,48316995018d529b908f4c0a0d1f76333c0a1cbaf7bf92c10e83b2d3726d62f7,2018-10-21T00:01:30,2018-10-21T00:00:53.000Z,2018-10-21,2018-10-21 00:00:28.300,1.253741979598999,stored_original_4096x4096_pixel_percentage_not_recomputed_from_npy,train,"(512, 512)",float32
530,530,data/processed/hmi.m_45s.2018.10.23_00_01_30_TAI.magnetogram_processed.npy,hmi.m_45s.2018.10.23_00_01_30_TAI.magnetogram_processed.npy,62fedbe48976e253d3836478183cb4a3cf8d7f70fd1ac7051ccd88cfeb4077fe,2018-10-23T00:01:30,2018-10-23T00:00:53.000Z,2018-10-23,2018-10-23 00:00:28.000,1.2354612350463867,stored_original_4096x4096_pixel_percentage_not_recomputed_from_npy,train,"(512, 512)",float32
531,531;532,data/processed/hmi.m_45s.2018.10.24_00_01_30_TAI.magnetogram_processed.npy,hmi.m_45s.2018.10.24_00_01_30_TAI.magnetogram_processed.npy,f45bdbb419ff6ffdfbc742d82227bc1fc8d530301b098dd11a9d9bcf1b1bbe25,2018-10-24T00:01:30,2018-10-24T00:00:53.000Z,2018-10-24,2018-10-24 00:00:27.900,1.2447893619537354,stored_original_4096x4096_pixel_percentage_not_recomputed_from_npy,train,"(512, 512)",float32
533,533,data/processed/hmi.m_45s.2018.10.26_00_01_30_TAI.magnetogram_processed.npy,hmi.m_45s.2018.10.26_00_01_30_TAI.magnetogram_processed.npy,4c833763c2cca7db48699aaf0807f69bdbd2333951e7adc3305d734f1bf570bf,2018-10-26T00:01:30,2018-10-26T00:00:53.000Z,2018-10-26,2018-10-26 00:00:27.600,1.2508392333984375,stored_original_4096x4096_pixel_percentage_not_recomputed_from_npy,selection_validation,"(512, 512)",float32
534,534,data/processed/hmi.m_45s.2018.10.29_00_01_30_TAI.magnetogram_processed.npy,hmi.m_45s.2018.10.29_00_01_30_TAI.magnetogram_processed.npy,bd1d0ceaf68ac68acd6a8eddf21aeb817e4b164d72daa060d7f64c73ee7a1ceb,2018-10-29T00:01:30,2018-10-29T00:00:53.000Z,2018-10-29,2018-10-29 00:00:27.200,1.2553930282592771,stored_original_4096x4096_pixel_percentage_not_recomputed_from_npy,train,"(512, 512)",float32
535,535;536,data/processed/hmi.m_45s.2018.10.31_00_01_30_TAI.magnetogram_processed.npy,hmi.m_45s.2018.10.31_00_01_30_TAI.magnetogram_processed.npy,29dd4fa2099852056c392f0954775c8b2b188b41e07c1215d2839f74a6d870c6,2018-10-31T00:01:30,2018-10-31T00:00:53.000Z,2018-10-31,2018-10-31 00:00:26.900,1.249384880065918,stored_original_4096x4096_pixel_percentage_not_recomputed_from_npy,train,"(512, 512)",float32
537,537,data/processed/hmi.m_45s.2018.11.03_00_01_30_TAI.magnetogram_processed.npy,hmi.m_45s.2018.11.03_00_01_30_TAI.magnetogram_processed.npy,6c7795844faf610eba146774f769e9a9d3168192da3d637da11fb5a63366e7c3,2018-11-03T00:01:30,2018-11-03T00:00:53.000Z,2018-11-03,2018-11-03 00:00:26.600,1.2383580207824707,stored_original_4096x4096_pixel_percentage_not_recomputed_from_npy,train,"(512, 512)",float32
538,538,data/processed/hmi.m_45s.2018.11.05_00_01_30_TAI.magnetogram_processed.npy,hmi.m_45s.2018.11.05_00_01_30_TAI.magnetogram_processed.npy,1dee76d3e4207d14238720f720c6659098f72b5208cc7ed5ad07d70d8a399c4c,2018-11-05T00:01:30,2018-11-05T00:00:53.000Z,2018-11-05,2018-11-05 00:00:26.300,1.228797435760498,stored_original_4096x4096_pixel_percentage_not_recomputed_from_npy,train,"(512, 512)",float32
539,539;540,data/processed/hmi.m_45s.2018.11.06_00_01_30_TAI.magnetogram_processed.npy,hmi.m_45s.2018.11.06_00_01_30_TAI.magnetogram_processed.npy,92b893aa8096187ab658e405196dbbfa2ecf92dceca317c2c6f8ddb218725a96,2018-11-06T00:01:30,2018-11-06T00:00:53.000Z,2018-11-06,2018-11-06 00:00:26.200,1.3003408908843994,stored_original_4096x4096_pixel_percentage_not_recomputed_from_npy,selection_validation,"(512, 512)",float32
541,541,data/processed/hmi.m_45s.2018.11.08_00_01_30_TAI.magnetogram_processed.npy,hmi.m_45s.2018.11.08_00_01_30_TAI.magnetogram_processed.npy,1c7eea36b445ce8165515ae70c9a6ed167c8704c67c182eb3c901503f0804da6,2018-11-08T00:01:30,2018-11-08T00:00:53.000Z,2018-11-08,2018-11-08 00:00:25.900,1.281869411468506,stored_original_4096x4096_pixel_percentage_not_recomputed_from_npy,train,"(512, 512)",float32
542,542,data/processed/hmi.m_45s.2018.11.12_00_01_30_TAI.magnetogram_processed.npy,hmi.m_45s.2018.11.12_00_01_30_TAI.magnetogram_processed.npy,e22e196106da4d864c367648e05f616fc6a8bb4c653fdc67dc890a4ea2ea5f24,2018-11-12T00:01:30,2018-11-12T00:00:53.000Z,2018-11-12,2018-11-12 00:00:25.500,1.3288021087646484,stored_original_4096x4096_pixel_percentage_not_recomputed_from_npy,train,"(512, 512)",float32
543,543,data/processed/hmi.m_45s.2018.11.14_00_01_30_TAI.magnetogram_processed.npy,hmi.m_45s.2018.11.14_00_01_30_TAI.magnetogram_processed.npy,412044232e9d382a2bea72969e81d17715ce7f671c21717a6035389d1add357d,2018-11-14T00:01:30,2018-11-14T00:00:53.000Z,2018-11-14,2018-11-14 00:00:25.200,1.3311803340911863,stored_original_4096x4096_pixel_percentage_not_recomputed_from_npy,train,"(512, 512)",float32
544,544;545,data/processed/hmi.m_45s.2018.11.16_00_01_30_TAI.magnetogram_processed.npy,hmi.m_45s.2018.11.16_00_01_30_TAI.magnetogram_processed.npy,2741072f34698cec9b50a34013a696cba4ec15bb640eb259700e0b94e209de0f,2018-11-16T00:01:30,2018-11-16T00:00:53.000Z,2018-11-16,2018-11-16 00:00:25.000,1.2977182865142822,stored_original_4096x4096_pixel_percentage_not_recomputed_from_npy,train,"(512, 512)",float32
546,546;547,data/processed/hmi.m_45s.2018.11.17_00_01_30_TAI.magnetogram_processed.npy,hmi.m_45s.2018.11.17_00_01_30_TAI.magnetogram_processed.npy,16403f60f88d1ab6fc52f437f99ff777e9690c7594f6e5e030ad18e67d9109a8,2018-11-17T00:01:30,2018-11-17T00:00:53.000Z,2018-11-17,2018-11-17 00:00:24.900,1.2875139713287354,stored_original_4096x4096_pixel_percentage_not_recomputed_from_npy,selection_validation,"(512, 512)",float32
548,548,data/processed/hmi.m_45s.2018.11.18_00_01_30_TAI.magnetogram_processed.npy,hmi.m_45s.2018.11.18_00_01_30_TAI.magnetogram_processed.npy,b56bb46d863958020c4ceff6d8abf56dc0668fb9d7472fa959c8f16df31ea366,2018-11-18T00:01:30,2018-11-18T00:00:53.000Z,2018-11-18,2018-11-18 00:00:24.800,1.284843683242798,stored_original_4096x4096_pixel_percentage_not_recomputed_from_npy,train,"(512, 512)",float32
549,549,data/processed/hmi.m_45s.2018.11.20_00_01_30_TAI.magnetogram_processed.npy,hmi.m_45s.2018.11.20_00_01_30_TAI.magnetogram_processed.npy,9e0bf98d55b098b6ce4fd772a9d7c129c15be80d305d245f827ed38b894f93ee,2018-11-20T00:01:30,2018-11-20T00:00:53.000Z,2018-11-20,2018-11-20 00:00:24.600,1.222681999206543,stored_original_4096x4096_pixel_percentage_not_recomputed_from_npy,train,"(512, 512)",float32
550,550,data/processed/hmi.m_45s.2018.11.22_00_01_30_TAI.magnetogram_processed.npy,hmi.m_45s.2018.11.22_00_01_30_TAI.magnetogram_processed.npy,6c83a98b91e0039a9175ac6904cf6c59e1fcd78aa2ccfa30aaf37f06883bc44a,2018-11-22T00:01:30,2018-11-22T00:00:53.000Z,2018-11-22,2018-11-22 00:00:24.400,1.224207878112793,stored_original_4096x4096_pixel_percentage_not_recomputed_from_npy,selection_validation,"(512, 512)",float32
551,551,data/processed/hmi.m_45s.2018.11.28_00_01_30_TAI.magnetogram_processed.npy,hmi.m_45s.2018.11.28_00_01_30_TAI.magnetogram_processed.npy,2690777c1ab3a4deab11012af40fcf829f665b55cbc167ddbea34b5c49eed29e,2018-11-28T00:01:30,2018-11-28T00:00:53.000Z,2018-11-28,2018-11-28 00:00:23.800,1.2444615364074707,stored_original_4096x4096_pixel_percentage_not_recomputed_from_npy,train,"(512, 512)",float32
552,552,data/processed/hmi.m_45s.2018.11.29_00_01_30_TAI.magnetogram_processed.npy,hmi.m_45s.2018.11.29_00_01_30_TAI.magnetogram_processed.npy,a9996c36862c9766ba130d8539040953ba94c63c622cb6c877435ea7c5f8db39,2018-11-29T00:01:30,2018-11-29T00:00:53.000Z,2018-11-29,2018-11-29 00:00:23.700,1.2441277503967283,stored_original_4096x4096_pixel_percentage_not_recomputed_from_npy,train,"(512, 512)",float32
553,553,data/processed/hmi.m_45s.2018.12.01_00_01_30_TAI.magnetogram_processed.npy,hmi.m_45s.2018.12.01_00_01_30_TAI.magnetogram_processed.npy,82ecac39d8109b72c2220376819904fd6128c635a34a98159bc6cb07e5acbdd2,2018-12-01T00:01:30,2018-12-01T00:00:53.000Z,2018-12-01,2018-12-01 00:00:23.600,1.2381374835968018,stored_original_4096x4096_pixel_percentage_not_recomputed_from_npy,train,"(512, 512)",float32
554,554,data/processed/hmi.m_45s.2018.12.03_00_01_30_TAI.magnetogram_processed.npy,hmi.m_45s.2018.12.03_00_01_30_TAI.magnetogram_processed.npy,755a75899c34484b2f1264dcd881244719bf77b2013dc62b983cf0cebb87d451,2018-12-03T00:01:30,2018-12-03T00:00:53.000Z,2018-12-03,2018-12-03 00:00:23.400,1.283824443817139,stored_original_4096x4096_pixel_percentage_not_recomputed_from_npy,train,"(512, 512)",float32
555,555,data/processed/hmi.m_45s.2018.12.05_00_01_30_TAI.magnetogram_processed.npy,hmi.m_45s.2018.12.05_00_01_30_TAI.magnetogram_processed.npy,50af75b3c13529f4e03b01c74743090ab70b1719c2067d4761258a59da88c513,2018-12-05T00:01:30,2018-12-05T00:00:53.000Z,2018-12-05,2018-12-05 00:00:23.200,1.274031400680542,stored_original_4096x4096_pixel_percentage_not_recomputed_from_npy,selection_validation,"(512, 512)",float32
556,556,data/processed/hmi.m_45s.2018.12.06_00_01_30_TAI.magnetogram_processed.npy,hmi.m_45s.2018.12.06_00_01_30_TAI.magnetogram_processed.npy,323391e4bd31cc5767bf4d62ff36bbd4b7d030cfdc5ca48a7e8801deb13b0c10,2018-12-06T00:01:30,2018-12-06T00:00:53.000Z,2018-12-06,2018-12-06 00:00:23.200,1.286602020263672,stored_original_4096x4096_pixel_percentage_not_recomputed_from_npy,train,"(512, 512)",float32
557,557,data/processed/hmi.m_45s.2018.12.08_00_01_30_TAI.magnetogram_processed.npy,hmi.m_45s.2018.12.08_00_01_30_TAI.magnetogram_processed.npy,d610f518990b2641fad81a3ec38a2b547cfa3d729022759aed97a825d40bd4d7,2018-12-08T00:01:30,2018-12-08T00:00:53.000Z,2018-12-08,2018-12-08 00:00:23.000,1.2915492057800293,stored_original_4096x4096_pixel_percentage_not_recomputed_from_npy,train,"(512, 512)",float32
558,558;559,data/processed/hmi.m_45s.2018.12.11_00_01_30_TAI.magnetogram_processed.npy,hmi.m_45s.2018.12.11_00_01_30_TAI.magnetogram_processed.npy,7ce058d070ac63e25246733cb741ce48dbb054b6b3152e290e851513f9df9cec,2018-12-11T00:01:30,2018-12-11T00:00:53.000Z,2018-12-11,2018-12-11 00:00:22.800,1.3667106628417969,stored_original_4096x4096_pixel_percentage_not_recomputed_from_npy,train,"(512, 512)",float32
560,560;561,data/processed/hmi.m_45s.2018.12.17_00_01_30_TAI.magnetogram_processed.npy,hmi.m_45s.2018.12.17_00_01_30_TAI.magnetogram_processed.npy,d49bb0e0757a3ce6d0e8123aba9d162467fad806b3812f0aa7b8c7faa7a89a5f,2018-12-17T00:01:30,2018-12-17T00:00:53.000Z,2018-12-17,2018-12-17 00:00:22.500,1.3207316398620603,stored_original_4096x4096_pixel_percentage_not_recomputed_from_npy,train,"(512, 512)",float32
562,562,data/processed/hmi.m_45s.2018.12.19_00_01_30_TAI.magnetogram_processed.npy,hmi.m_45s.2018.12.19_00_01_30_TAI.magnetogram_processed.npy,cc12b1f1f721772b068a4ba6471c75c38e3204dbb8e9be6716f876aeac3859ba,2018-12-19T00:01:30,2018-12-19T00:00:53.000Z,2018-12-19,2018-12-19 00:00:22.400,1.2903451919555664,stored_original_4096x4096_pixel_percentage_not_recomputed_from_npy,selection_validation,"(512, 512)",float32
563,563,data/processed/hmi.m_45s.2018.12.21_00_01_30_TAI.magnetogram_processed.npy,hmi.m_45s.2018.12.21_00_01_30_TAI.magnetogram_processed.npy,1ff7b5765b80c9781aad759b377e67f4ad377c5d33b770b1c65ea1a3b545f703,2018-12-21T00:01:30,2018-12-21T00:00:53.000Z,2018-12-21,2018-12-21 00:00:22.300,1.3250291347503662,stored_original_4096x4096_pixel_percentage_not_recomputed_from_npy,train,"(512, 512)",float32
564,564;565,data/processed/hmi.m_45s.2018.12.24_00_01_30_TAI.magnetogram_processed.npy,hmi.m_45s.2018.12.24_00_01_30_TAI.magnetogram_processed.npy,4ce56b67cd972562fe20908ab07899f9a69d11a6705228bbe4b66c7cc5a71fca,2018-12-24T00:01:30,2018-12-24T00:00:53.000Z,2018-12-24,2018-12-24 00:00:22.200,1.3187527656555176,stored_original_4096x4096_pixel_percentage_not_recomputed_from_npy,train,"(512, 512)",float32
566,566;567,data/processed/hmi.m_45s.2018.12.26_00_01_30_TAI.magnetogram_processed.npy,hmi.m_45s.2018.12.26_00_01_30_TAI.magnetogram_processed.npy,35883b9fea4bce5820cc5c9f88d7f081cddc09cd357df6d6b14d15d73b7a511f,2018-12-26T00:01:30,2018-12-26T00:00:53.000Z,2018-12-26,2018-12-26 00:00:22.200,1.3089478015899658,stored_original_4096x4096_pixel_percentage_not_recomputed_from_npy,train,"(512, 512)",float32
568,568,data/processed/hmi.m_45s.2018.12.28_00_01_30_TAI.magnetogram_processed.npy,hmi.m_45s.2018.12.28_00_01_30_TAI.magnetogram_processed.npy,f5f98dd2083f7033591549d02f3685ed93f85bb18c062d8b2ccd00ffc4f1372e,2018-12-28T00:01:30,2018-12-28T00:00:53.000Z,2018-12-28,2018-12-28 00:00:22.200,1.3227581977844238,stored_original_4096x4096_pixel_percentage_not_recomputed_from_npy,train,"(512, 512)",float32
569,569,data/processed/hmi.m_45s.2018.12.29_00_01_30_TAI.magnetogram_processed.npy,hmi.m_45s.2018.12.29_00_01_30_TAI.magnetogram_processed.npy,e34e2b0119fc24c0731ce5ac5da00ce5fc1eee60bfe50b4e8948d7e927b01fd8,2018-12-29T00:01:30,2018-12-29T00:00:53.000Z,2018-12-29,2018-12-29 00:00:22.100,1.3579845428466797,stored_original_4096x4096_pixel_percentage_not_recomputed_from_npy,train,"(512, 512)",float32
570,570,data/processed/hmi.m_45s.2018.12.31_00_01_30_TAI.magnetogram_processed.npy,hmi.m_45s.2018.12.31_00_01_30_TAI.magnetogram_processed.npy,a0541ca370a18c476157e53027ce195a019d2cc8280936010539cd325137d386,2018-12-31T00:01:30,2018-12-31T00:00:53.000Z,2018-12-31,2018-12-31 00:00:22.100,1.3863742351531982,stored_original_4096x4096_pixel_percentage_not_recomputed_from_npy,train,"(512, 512)",float32
571,571,data/processed/hmi.m_45s.2021.01.01_00_01_30_TAI.magnetogram_processed.npy,hmi.m_45s.2021.01.01_00_01_30_TAI.magnetogram_processed.npy,774f5b65fed862c1c160e6af336a175fcfddbe16952b15cbaa01a1d69e2a7882,2021-01-01T00:01:30,2021-01-01T00:00:53.000Z,2021-01-01,2021-01-01 00:00:22.100,1.4693617820739746,stored_original_4096x4096_pixel_percentage_not_recomputed_from_npy,train,"(512, 512)",float32
572,572;573,data/processed/hmi.m_45s.2021.01.02_00_01_30_TAI.magnetogram_processed.npy,hmi.m_45s.2021.01.02_00_01_30_TAI.magnetogram_processed.npy,419316c6d2422d0659636c026657132c6203563180ff5783d0e1f104d823d2d9,2021-01-02T00:01:30,2021-01-02T00:00:53.000Z,2021-01-02,2021-01-02 00:00:22.100,1.4572322368621826,stored_original_4096x4096_pixel_percentage_not_recomputed_from_npy,train,"(512, 512)",float32
574,574,data/processed/hmi.m_45s.2021.01.07_00_01_30_TAI.magnetogram_processed.npy,hmi.m_45s.2021.01.07_00_01_30_TAI.magnetogram_processed.npy,035bcf8af0cf06420ba53671bcaa0de4ed6e9491a7ae7b2f56b308817eadcc93,2021-01-07T00:01:30,2021-01-07T00:00:53.000Z,2021-01-07,2021-01-07 00:00:22.100,1.4367938041687012,stored_original_4096x4096_pixel_percentage_not_recomputed_from_npy,train,"(512, 512)",float32
575,575,data/processed/hmi.m_45s.2021.01.12_00_01_30_TAI.magnetogram_processed.npy,hmi.m_45s.2021.01.12_00_01_30_TAI.magnetogram_processed.npy,83721c4e3a342a9dc40f108aec6c00369b792a447b142c146971e63d46e2f025,2021-01-12T00:01:30,2021-01-12T00:00:53.000Z,2021-01-12,2021-01-12 00:00:22.200,1.4365971088409424,stored_original_4096x4096_pixel_percentage_not_recomputed_from_npy,train,"(512, 512)",float32
576,576,data/processed/hmi.m_45s.2021.01.15_00_01_30_TAI.magnetogram_processed.npy,hmi.m_45s.2021.01.15_00_01_30_TAI.magnetogram_processed.npy,c3b6d8f13722c58ee97014081adf4efe5700acba9754f098f505f462e9d49312,2021-01-15T00:01:30,2021-01-15T00:00:53.000Z,2021-01-15,2021-01-15 00:00:22.300,1.4679968357086182,stored_original_4096x4096_pixel_percentage_not_recomputed_from_npy,train,"(512, 512)",float32
577,577;578,data/processed/hmi.m_45s.2021.01.16_00_01_30_TAI.magnetogram_processed.npy,hmi.m_45s.2021.01.16_00_01_30_TAI.magnetogram_processed.npy,28c65e3586bcdd2d93e4a1a05323fabad2cd5c820c7ca93002d2f2ed0650548e,2021-01-16T00:01:30,2021-01-16T00:00:53.000Z,2021-01-16,2021-01-16 00:00:22.300,1.4783382415771484,stored_original_4096x4096_pixel_percentage_not_recomputed_from_npy,train,"(512, 512)",float32
579,579,data/processed/hmi.m_45s.2021.01.17_00_01_30_TAI.magnetogram_processed.npy,hmi.m_45s.2021.01.17_00_01_30_TAI.magnetogram_processed.npy,77a08c5552b1b6b688fd969de3c460237b8e4f384c58a93f8d0cbbb983c2b527,2021-01-17T00:01:30,2021-01-17T00:00:53.000Z,2021-01-17,2021-01-17 00:00:22.300,1.483774185180664,stored_original_4096x4096_pixel_percentage_not_recomputed_from_npy,train,"(512, 512)",float32
580,580,data/processed/hmi.m_45s.2021.01.21_00_01_30_TAI.magnetogram_processed.npy,hmi.m_45s.2021.01.21_00_01_30_TAI.magnetogram_processed.npy,5f4b0b73dddd7c139dfb61033bb74af82fcfa03379d7f59cf11e923e70da239b,2021-01-21T00:01:30,2021-01-21T00:00:53.000Z,2021-01-21,2021-01-21 00:00:22.500,1.5520691871643066,stored_original_4096x4096_pixel_percentage_not_recomputed_from_npy,train,"(512, 512)",float32
581,581;582;583,data/processed/hmi.m_45s.2021.01.25_00_01_30_TAI.magnetogram_processed.npy,hmi.m_45s.2021.01.25_00_01_30_TAI.magnetogram_processed.npy,47cb069cb72ffe4744787a9138e5e173bed2489b209049b1ffd514b637a65575,2021-01-25T00:01:30,2021-01-25T00:00:53.000Z,2021-01-25,2021-01-25 00:00:22.700,1.621371507644653,stored_original_4096x4096_pixel_percentage_not_recomputed_from_npy,train,"(512, 512)",float32
584,584,data/processed/hmi.m_45s.2021.01.31_00_01_30_TAI.magnetogram_processed.npy,hmi.m_45s.2021.01.31_00_01_30_TAI.magnetogram_processed.npy,e3711bccbdffd11c536491e04a7f168b4e5ea1a37ad4c68fc7f2038613c7d9a6,2021-01-31T00:01:30,2021-01-31T00:00:53.000Z,2021-01-31,2021-01-31 00:00:23.000,1.582103967666626,stored_original_4096x4096_pixel_percentage_not_recomputed_from_npy,train,"(512, 512)",float32
585,585;586,data/processed/hmi.m_45s.2021.02.04_00_01_30_TAI.magnetogram_processed.npy,hmi.m_45s.2021.02.04_00_01_30_TAI.magnetogram_processed.npy,05f065b0a8ac45113a0ec5fdd73f48f8e36ff8980d12f3af700fb910c46e12d2,2021-02-04T00:01:30,2021-02-04T00:00:53.000Z,2021-02-04,2021-02-04 00:00:23.300,1.5558600425720217,stored_original_4096x4096_pixel_percentage_not_recomputed_from_npy,train,"(512, 512)",float32
587,587,data/processed/hmi.m_45s.2021.02.10_00_01_30_TAI.magnetogram_processed.npy,hmi.m_45s.2021.02.10_00_01_30_TAI.magnetogram_processed.npy,4a0ab26bfc59915b74489624c8bde49a4f3d5ea2c65c33bc56753bd21a81ad81,2021-02-10T00:01:30,2021-02-10T00:00:53.000Z,2021-02-10,2021-02-10 00:00:23.900,1.5896499156951904,stored_original_4096x4096_pixel_percentage_not_recomputed_from_npy,train,"(512, 512)",float32
588,588,data/processed/hmi.m_45s.2021.02.11_00_01_30_TAI.magnetogram_processed.npy,hmi.m_45s.2021.02.11_00_01_30_TAI.magnetogram_processed.npy,2629a680f264a48efb2bcf18c4b2cef5120235e577b11dafbbfaa2e3d875860d,2021-02-11T00:01:30,2021-02-11T00:00:53.000Z,2021-02-11,2021-02-11 00:00:23.900,1.604527235031128,stored_original_4096x4096_pixel_percentage_not_recomputed_from_npy,train,"(512, 512)",float32
589,589,data/processed/hmi.m_45s.2021.02.14_00_01_30_TAI.magnetogram_processed.npy,hmi.m_45s.2021.02.14_00_01_30_TAI.magnetogram_processed.npy,e95be4e0684e331024e32da8ab3e8406a04216534967d27efeb8d332c3573baf,2021-02-14T00:01:30,2021-02-14T00:00:53.000Z,2021-02-14,2021-02-14 00:00:24.200,1.6264915466308594,stored_original_4096x4096_pixel_percentage_not_recomputed_from_npy,selection_validation,"(512, 512)",float32
590,590,data/processed/hmi.m_45s.2021.02.17_00_01_30_TAI.magnetogram_processed.npy,hmi.m_45s.2021.02.17_00_01_30_TAI.magnetogram_processed.npy,89d09b4bf4aff1730df83b5f180f4fb3e2bea9eaa6a7f22510299cf73e7fe1a2,2021-02-17T00:01:30,2021-02-17T00:00:53.000Z,2021-02-17,2021-02-17 00:00:24.500,1.6152501106262207,stored_original_4096x4096_pixel_percentage_not_recomputed_from_npy,train,"(512, 512)",float32
591,591,data/processed/hmi.m_45s.2021.02.18_00_01_30_TAI.magnetogram_processed.npy,hmi.m_45s.2021.02.18_00_01_30_TAI.magnetogram_processed.npy,4e004d0939b05083915aa9eb84149e0024dbb57eff64b0b664a6dddf1f2f68e0,2021-02-18T00:01:30,2021-02-18T00:00:53.000Z,2021-02-18,2021-02-18 00:00:24.600,1.6212761402130127,stored_original_4096x4096_pixel_percentage_not_recomputed_from_npy,train,"(512, 512)",float32
592,592,data/processed/hmi.m_45s.2021.02.21_00_01_30_TAI.magnetogram_processed.npy,hmi.m_45s.2021.02.21_00_01_30_TAI.magnetogram_processed.npy,1f8e19e5a21d7b2179e82a89d5e349f9f3d27f776bdbbb92d4d34b20106d293b,2021-02-21T00:01:30,2021-02-21T00:00:53.000Z,2021-02-21,2021-02-21 00:00:24.900,1.6340792179107666,stored_original_4096x4096_pixel_percentage_not_recomputed_from_npy,train,"(512, 512)",float32
593,593,data/processed/hmi.m_45s.2021.02.22_00_01_30_TAI.magnetogram_processed.npy,hmi.m_45s.2021.02.22_00_01_30_TAI.magnetogram_processed.npy,5ee20b55f7048c99e9cbb5a99c46eab2e809ca155a2637f72c044fc7fc8bb730,2021-02-22T00:01:30,2021-02-22T00:00:53.000Z,2021-02-22,2021-02-22 00:00:25.000,1.642531156539917,stored_original_4096x4096_pixel_percentage_not_recomputed_from_npy,train,"(512, 512)",float32
594,594,data/processed/hmi.m_45s.2021.02.23_00_01_30_TAI.magnetogram_processed.npy,hmi.m_45s.2021.02.23_00_01_30_TAI.magnetogram_processed.npy,78c2fcb459283d2b9f21e1c71ce58e09263c3894070e73f699258ce98259690a,2021-02-23T00:01:30,2021-02-23T00:00:53.000Z,2021-02-23,2021-02-23 00:00:25.200,1.71850323677063,stored_original_4096x4096_pixel_percentage_not_recomputed_from_npy,train,"(512, 512)",float32
595,595,data/processed/hmi.m_45s.2021.02.27_00_01_30_TAI.magnetogram_processed.npy,hmi.m_45s.2021.02.27_00_01_30_TAI.magnetogram_processed.npy,7c0269d13ed97967f1f34fe6fe8f8cfb14440910278de6af903d5b10fac17459,2021-02-27T00:01:30,2021-02-27T00:00:53.000Z,2021-02-27,2021-02-27 00:00:25.600,1.6812920570373535,stored_original_4096x4096_pixel_percentage_not_recomputed_from_npy,selection_validation,"(512, 512)",float32
596,596,data/processed/hmi.m_45s.2021.02.28_00_01_30_TAI.magnetogram_processed.npy,hmi.m_45s.2021.02.28_00_01_30_TAI.magnetogram_processed.npy,f4c2ada89f4fcc6f49c6d68239215e63776c938f143d13c018132bbdd873cf98,2021-02-28T00:01:30,2021-02-28T00:00:53.000Z,2021-02-28,2021-02-28 00:00:25.700,1.6650855541229248,stored_original_4096x4096_pixel_percentage_not_recomputed_from_npy,train,"(512, 512)",float32
597,597,data/processed/hmi.m_45s.2021.03.06_00_01_30_TAI.magnetogram_processed.npy,hmi.m_45s.2021.03.06_00_01_30_TAI.magnetogram_processed.npy,2542dff1fca2583a4b26b345b4e0c00d46177ba224c66b77c3f262c432cdd49b,2021-03-06T00:01:30,2021-03-06T00:00:53.000Z,2021-03-06,2021-03-06 00:00:26.500,1.670849323272705,stored_original_4096x4096_pixel_percentage_not_recomputed_from_npy,train,"(512, 512)",float32
598,598;599,data/processed/hmi.m_45s.2021.03.07_00_01_30_TAI.magnetogram_processed.npy,hmi.m_45s.2021.03.07_00_01_30_TAI.magnetogram_processed.npy,51596a16f8428c685b85062d54179ce01ea9bfee3622cc0869aa6fe23f5ef5b0,2021-03-07T00:01:30,2021-03-07T00:00:53.000Z,2021-03-07,2021-03-07 00:00:26.600,1.6513705253601074,stored_original_4096x4096_pixel_percentage_not_recomputed_from_npy,train,"(512, 512)",float32
600,600;601,data/processed/hmi.m_45s.2021.03.09_00_01_30_TAI.magnetogram_processed.npy,hmi.m_45s.2021.03.09_00_01_30_TAI.magnetogram_processed.npy,7084c79a1916f27cd6bac7af870624c8f711ad256d104c1f80a239b2f11d8573,2021-03-09T00:01:30,2021-03-09T00:00:53.000Z,2021-03-09,2021-03-09 00:00:26.900,1.6286909580230713,stored_original_4096x4096_pixel_percentage_not_recomputed_from_npy,train,"(512, 512)",float32
602,602,data/processed/hmi.m_45s.2021.03.11_00_01_30_TAI.magnetogram_processed.npy,hmi.m_45s.2021.03.11_00_01_30_TAI.magnetogram_processed.npy,4adee6193b452de3ffe4eb4e21e4dc6a69aff17e467f1c6a3644eab5b67abd4a,2021-03-11T00:01:30,2021-03-11T00:00:53.000Z,2021-03-11,2021-03-11 00:00:27.200,1.631152629852295,stored_original_4096x4096_pixel_percentage_not_recomputed_from_npy,train,"(512, 512)",float32
603,603,data/processed/hmi.m_45s.2021.03.15_00_01_30_TAI.magnetogram_processed.npy,hmi.m_45s.2021.03.15_00_01_30_TAI.magnetogram_processed.npy,aba1e219d4ef1a56189c5ae17d762c1a596572f49938e78ae1a5f94c24d163d6,2021-03-15T00:01:30,2021-03-15T00:00:53.000Z,2021-03-15,2021-03-15 00:00:27.700,1.6923129558563232,stored_original_4096x4096_pixel_percentage_not_recomputed_from_npy,train,"(512, 512)",float32
604,604,data/processed/hmi.m_45s.2021.03.17_00_01_30_TAI.magnetogram_processed.npy,hmi.m_45s.2021.03.17_00_01_30_TAI.magnetogram_processed.npy,a24a83c21b70fea64cfa16b07deaa9f18ce2d3417ba3a150b75c4e8b2c59085c,2021-03-17T00:01:30,2021-03-17T00:00:53.000Z,2021-03-17,2021-03-17 00:00:28.000,1.7376363277435305,stored_original_4096x4096_pixel_percentage_not_recomputed_from_npy,train,"(512, 512)",float32
605,605,data/processed/hmi.m_45s.2021.03.20_00_01_30_TAI.magnetogram_processed.npy,hmi.m_45s.2021.03.20_00_01_30_TAI.magnetogram_processed.npy,b3014b1b6c8b32bc7ef1832e2f6420bd4bbfd8931467f75fe261c6ef30644c3e,2021-03-20T00:01:30,2021-03-20T00:00:53.000Z,2021-03-20,2021-03-20 00:00:28.400,1.609635353088379,stored_original_4096x4096_pixel_percentage_not_recomputed_from_npy,train,"(512, 512)",float32
606,606;607,data/processed/hmi.m_45s.2021.03.21_00_01_30_TAI.magnetogram_processed.npy,hmi.m_45s.2021.03.21_00_01_30_TAI.magnetogram_processed.npy,0180e116822c593d8b055e463bade8fa284d8db32506795dad5db945c0e9e0d4,2021-03-21T00:01:30,2021-03-21T00:00:53.000Z,2021-03-21,2021-03-21 00:00:28.500,1.6180217266082764,stored_original_4096x4096_pixel_percentage_not_recomputed_from_npy,train,"(512, 512)",float32
608,608;609,data/processed/hmi.m_45s.2021.03.22_00_01_30_TAI.magnetogram_processed.npy,hmi.m_45s.2021.03.22_00_01_30_TAI.magnetogram_processed.npy,b08a2421359a93323686d5fe503546a444a3c20b447def40b3dbde0f737010e2,2021-03-22T00:01:30,2021-03-22T00:00:53.000Z,2021-03-22,2021-03-22 00:00:28.700,1.7207086086273191,stored_original_4096x4096_pixel_percentage_not_recomputed_from_npy,train,"(512, 512)",float32
610,610,data/processed/hmi.m_45s.2021.03.25_00_01_30_TAI.magnetogram_processed.npy,hmi.m_45s.2021.03.25_00_01_30_TAI.magnetogram_processed.npy,178d9f107b861f6d9a3a640f32ad0a46f13c687a4e90ec90389e2238dc260d36,2021-03-25T00:01:30,2021-03-25T00:00:53.000Z,2021-03-25,2021-03-25 00:00:29.100,1.6305625438690186,stored_original_4096x4096_pixel_percentage_not_recomputed_from_npy,train,"(512, 512)",float32
611,611,data/processed/hmi.m_45s.2021.03.28_00_01_30_TAI.magnetogram_processed.npy,hmi.m_45s.2021.03.28_00_01_30_TAI.magnetogram_processed.npy,30d7b5524bbccc0135f30c3edf75711dd5cc666cc5929f82d1dda2341bc74848,2021-03-28T00:01:30,2021-03-28T00:00:53.000Z,2021-03-28,2021-03-28 00:00:29.500,1.5893936157226562,stored_original_4096x4096_pixel_percentage_not_recomputed_from_npy,train,"(512, 512)",float32
612,612,data/processed/hmi.m_45s.2021.03.29_00_01_30_TAI.magnetogram_processed.npy,hmi.m_45s.2021.03.29_00_01_30_TAI.magnetogram_processed.npy,194b7d4a7be658ffeffe2c60b36561648d4a3a0d9d5502e043dbb5ec291bfd7d,2021-03-29T00:01:30,2021-03-29T00:00:53.000Z,2021-03-29,2021-03-29 00:00:29.600,1.583224534988403,stored_original_4096x4096_pixel_percentage_not_recomputed_from_npy,train,"(512, 512)",float32
613,613;614,data/processed/hmi.m_45s.2021.03.30_00_01_30_TAI.magnetogram_processed.npy,hmi.m_45s.2021.03.30_00_01_30_TAI.magnetogram_processed.npy,8df7b6dcaae86c495fcf08695ea43bc1c314c60aa6b2e17c6b5b0965e8182d5d,2021-03-30T00:01:30,2021-03-30T00:00:53.000Z,2021-03-30,2021-03-30 00:00:29.800,1.5655219554901123,stored_original_4096x4096_pixel_percentage_not_recomputed_from_npy,train,"(512, 512)",float32
615,615,data/processed/hmi.m_45s.2021.04.01_00_01_30_TAI.magnetogram_processed.npy,hmi.m_45s.2021.04.01_00_01_30_TAI.magnetogram_processed.npy,2682f8cafa35a5968b97a7a9cfa229ab80ddc6f3e1badfd51d1ed6fcd06f31c1,2021-04-01T00:01:30,2021-04-01T00:00:53.000Z,2021-04-01,2021-04-01 00:00:30.100,1.551687717437744,stored_original_4096x4096_pixel_percentage_not_recomputed_from_npy,train,"(512, 512)",float32
616,616,data/processed/hmi.m_45s.2021.04.02_00_01_30_TAI.magnetogram_processed.npy,hmi.m_45s.2021.04.02_00_01_30_TAI.magnetogram_processed.npy,5c0facc8909f047a46bfddd49112b673746d7425bc12a42be1cdae77e1d3a4e7,2021-04-02T00:01:30,2021-04-02T00:00:53.000Z,2021-04-02,2021-04-02 00:00:30.200,1.5334010124206543,stored_original_4096x4096_pixel_percentage_not_recomputed_from_npy,train,"(512, 512)",float32
617,617;618,data/processed/hmi.m_45s.2021.04.03_00_01_30_TAI.magnetogram_processed.npy,hmi.m_45s.2021.04.03_00_01_30_TAI.magnetogram_processed.npy,cff7066033cd15e7d37edb21a628fde5ed89d83e5d2a68ecacb778e8017a16a4,2021-04-03T00:01:30,2021-04-03T00:00:53.000Z,2021-04-03,2021-04-03 00:00:30.400,1.4928042888641355,stored_original_4096x4096_pixel_percentage_not_recomputed_from_npy,selection_validation,"(512, 512)",float32
619,619,data/processed/hmi.m_45s.2021.04.04_00_01_30_TAI.magnetogram_processed.npy,hmi.m_45s.2021.04.04_00_01_30_TAI.magnetogram_processed.npy,5986008e0d9a2d595847b01d37f8302a5b4a28f3cc4b8107d8444381db1695fd,2021-04-04T00:01:30,2021-04-04T00:00:53.000Z,2021-04-04,2021-04-04 00:00:30.500,1.4963865280151367,stored_original_4096x4096_pixel_percentage_not_recomputed_from_npy,train,"(512, 512)",float32
620,620;621;622;623,data/processed/hmi.m_45s.2021.04.06_00_01_30_TAI.magnetogram_processed.npy,hmi.m_45s.2021.04.06_00_01_30_TAI.magnetogram_processed.npy,ca9fb1ee3d83df45edb32c3ce59c1de6caadaf71813a4ac169a99197ddf76d56,2021-04-06T00:01:30,2021-04-06T00:00:53.000Z,2021-04-06,2021-04-06 00:00:30.800,1.4879822731018066,stored_original_4096x4096_pixel_percentage_not_recomputed_from_npy,train,"(512, 512)",float32
624,624;625,data/processed/hmi.m_45s.2021.04.09_00_01_30_TAI.magnetogram_processed.npy,hmi.m_45s.2021.04.09_00_01_30_TAI.magnetogram_processed.npy,8410512bf49f0d75ce2fb41dcd21db60c6c503ac64b1f16a431361334eff299d,2021-04-09T00:01:30,2021-04-09T00:00:53.000Z,2021-04-09,2021-04-09 00:00:31.200,1.4940857887268066,stored_original_4096x4096_pixel_percentage_not_recomputed_from_npy,train,"(512, 512)",float32
626,626,data/processed/hmi.m_45s.2021.04.14_00_01_30_TAI.magnetogram_processed.npy,hmi.m_45s.2021.04.14_00_01_30_TAI.magnetogram_processed.npy,0d4195aa576529a4eb0078b87be8efc8a491483c7f1a3f05df8446b407854c61,2021-04-14T00:01:30,2021-04-14T00:00:53.000Z,2021-04-14,2021-04-14 00:00:32.000,1.477283239364624,stored_original_4096x4096_pixel_percentage_not_recomputed_from_npy,selection_validation,"(512, 512)",float32
627,627,data/processed/hmi.m_45s.2021.04.15_00_01_30_TAI.magnetogram_processed.npy,hmi.m_45s.2021.04.15_00_01_30_TAI.magnetogram_processed.npy,4bafc74233e035c2f24cab93a2e3d3c6a32cb89811f626e034e4dcb0c3b1d4c5,2021-04-15T00:01:30,2021-04-15T00:00:53.000Z,2021-04-15,2021-04-15 00:00:32.100,1.4978647232055664,stored_original_4096x4096_pixel_percentage_not_recomputed_from_npy,selection_validation,"(512, 512)",float32
628,628;629,data/processed/hmi.m_45s.2021.04.16_00_01_30_TAI.magnetogram_processed.npy,hmi.m_45s.2021.04.16_00_01_30_TAI.magnetogram_processed.npy,ba471f6287c780181f8de39b227f1cb42b564b86fa03fde3edfbb8855ac171ff,2021-04-16T00:01:30,2021-04-16T00:00:53.000Z,2021-04-16,2021-04-16 00:00:32.200,1.4969348907470703,stored_original_4096x4096_pixel_percentage_not_recomputed_from_npy,train,"(512, 512)",float32
630,630;631,data/processed/hmi.m_45s.2021.04.18_00_01_30_TAI.magnetogram_processed.npy,hmi.m_45s.2021.04.18_00_01_30_TAI.magnetogram_processed.npy,2fcfaaee16d5eff278ae5ab8d3747b0bd16477e99bf091520fcf63926c1e9086,2021-04-18T00:01:30,2021-04-18T00:00:53.000Z,2021-04-18,2021-04-18 00:00:32.500,1.640772819519043,stored_original_4096x4096_pixel_percentage_not_recomputed_from_npy,train,"(512, 512)",float32
632,632,data/processed/hmi.m_45s.2021.04.20_00_01_30_TAI.magnetogram_processed.npy,hmi.m_45s.2021.04.20_00_01_30_TAI.magnetogram_processed.npy,4aaa2ae80ef4ec8ead443b924ed1cb0ce0419e527ed5b3d650b9ea287c3dd067,2021-04-20T00:01:30,2021-04-20T00:00:53.000Z,2021-04-20,2021-04-20 00:00:32.800,1.6701817512512207,stored_original_4096x4096_pixel_percentage_not_recomputed_from_npy,train,"(512, 512)",float32
633,633,data/processed/hmi.m_45s.2021.04.27_00_01_30_TAI.magnetogram_processed.npy,hmi.m_45s.2021.04.27_00_01_30_TAI.magnetogram_processed.npy,e4f9d2687498939e2418f6410b1e7087ffd5ad1743cbeeed4560a0c326397efa,2021-04-27T00:01:30,2021-04-27T00:00:53.000Z,2021-04-27,2021-04-27 00:00:33.700,1.5226006507873535,stored_original_4096x4096_pixel_percentage_not_recomputed_from_npy,selection_validation,"(512, 512)",float32
634,634,data/processed/hmi.m_45s.2021.04.28_00_01_30_TAI.magnetogram_processed.npy,hmi.m_45s.2021.04.28_00_01_30_TAI.magnetogram_processed.npy,3e20a76afc228aed614c43ed99d9532bd1de1114b9d0441deeb3dfd360f5bf3b,2021-04-28T00:01:30,2021-04-28T00:00:53.000Z,2021-04-28,2021-04-28 00:00:33.800,1.5564441680908203,stored_original_4096x4096_pixel_percentage_not_recomputed_from_npy,train,"(512, 512)",float32
635,635,data/processed/hmi.m_45s.2021.05.03_00_01_30_TAI.magnetogram_processed.npy,hmi.m_45s.2021.05.03_00_01_30_TAI.magnetogram_processed.npy,81aa2890677c793b01ce22df2c6a2e564bd53aa513145b02e7cb108680bee1a2,2021-05-03T00:01:30,2021-05-03T00:00:53.000Z,2021-05-03,2021-05-03 00:00:34.500,1.3890326023101809,stored_original_4096x4096_pixel_percentage_not_recomputed_from_npy,train,"(512, 512)",float32
636,636;637,data/processed/hmi.m_45s.2021.05.06_00_01_30_TAI.magnetogram_processed.npy,hmi.m_45s.2021.05.06_00_01_30_TAI.magnetogram_processed.npy,5fb3a2a1864702254132233818375819814cc765770e7ca55f5d1e12135ea888,2021-05-06T00:01:30,2021-05-06T00:00:53.000Z,2021-05-06,2021-05-06 00:00:34.900,1.4042139053344729,stored_original_4096x4096_pixel_percentage_not_recomputed_from_npy,selection_validation,"(512, 512)",float32
638,638,data/processed/hmi.m_45s.2021.05.08_00_01_30_TAI.magnetogram_processed.npy,hmi.m_45s.2021.05.08_00_01_30_TAI.magnetogram_processed.npy,fe036885c0dd8c80830766255dec8eb07444ac4c138c4d3fc0a39349791dce42,2021-05-08T00:01:30,2021-05-08T00:00:53.000Z,2021-05-08,2021-05-08 00:00:35.100,1.394188404083252,stored_original_4096x4096_pixel_percentage_not_recomputed_from_npy,selection_validation,"(512, 512)",float32
639,639,data/processed/hmi.m_45s.2021.05.09_00_01_30_TAI.magnetogram_processed.npy,hmi.m_45s.2021.05.09_00_01_30_TAI.magnetogram_processed.npy,b7a60e97e4703b8a023c9385342bc5cbdeccaab5585970cf809d9e327756fcae,2021-05-09T00:01:30,2021-05-09T00:00:53.000Z,2021-05-09,2021-05-09 00:00:35.200,1.4041125774383545,stored_original_4096x4096_pixel_percentage_not_recomputed_from_npy,train,"(512, 512)",float32
640,640;641,data/processed/hmi.m_45s.2021.05.14_00_01_30_TAI.magnetogram_processed.npy,hmi.m_45s.2021.05.14_00_01_30_TAI.magnetogram_processed.npy,04206ebd1ffbcd1d607a4332365b82fc6be51360d989dfc6915f2fcaa94b03fa,2021-05-14T00:01:30,2021-05-14T00:00:53.000Z,2021-05-14,2021-05-14 00:00:35.800,1.4199316501617432,stored_original_4096x4096_pixel_percentage_not_recomputed_from_npy,train,"(512, 512)",float32
642,642,data/processed/hmi.m_45s.2021.05.16_00_01_30_TAI.magnetogram_processed.npy,hmi.m_45s.2021.05.16_00_01_30_TAI.magnetogram_processed.npy,5b997b52555e10710493fffe3ee95c220334a335c379fca046d2677bec89a44c,2021-05-16T00:01:30,2021-05-16T00:00:53.000Z,2021-05-16,2021-05-16 00:00:36.000,1.4182448387145996,stored_original_4096x4096_pixel_percentage_not_recomputed_from_npy,selection_validation,"(512, 512)",float32
643,643;644,data/processed/hmi.m_45s.2021.05.19_00_01_30_TAI.magnetogram_processed.npy,hmi.m_45s.2021.05.19_00_01_30_TAI.magnetogram_processed.npy,271e01ceae734756c7a5aeff12f72c6b9ca08faa30d50fd3faa42e3552d29eeb,2021-05-19T00:01:30,2021-05-19T00:00:53.000Z,2021-05-19,2021-05-19 00:00:36.300,1.3986408710479736,stored_original_4096x4096_pixel_percentage_not_recomputed_from_npy,train,"(512, 512)",float32
645,645,data/processed/hmi.m_45s.2021.05.25_00_01_30_TAI.magnetogram_processed.npy,hmi.m_45s.2021.05.25_00_01_30_TAI.magnetogram_processed.npy,2b96f61895e325e2e2ab70a52ad3472d224e22407c2ad89e1c674260f6df6d8d,2021-05-25T00:01:30,2021-05-25T00:00:53.000Z,2021-05-25,2021-05-25 00:00:36.800,1.4507770538330078,stored_original_4096x4096_pixel_percentage_not_recomputed_from_npy,train,"(512, 512)",float32
646,646,data/processed/hmi.m_45s.2021.05.28_00_01_30_TAI.magnetogram_processed.npy,hmi.m_45s.2021.05.28_00_01_30_TAI.magnetogram_processed.npy,0276c2828ee7ad6bc0e98c9490837564206db4e0ff22566f791b520c883046d6,2021-05-28T00:01:30,2021-05-28T00:00:53.000Z,2021-05-28,2021-05-28 00:00:37.100,1.4311552047729492,stored_original_4096x4096_pixel_percentage_not_recomputed_from_npy,train,"(512, 512)",float32
647,647,data/processed/hmi.m_45s.2021.05.31_00_01_30_TAI.magnetogram_processed.npy,hmi.m_45s.2021.05.31_00_01_30_TAI.magnetogram_processed.npy,4ef9f65aa3a5c12a0e36749f95b903eccf8a397579a73c5b757d36adfd047bdc,2021-05-31T00:01:30,2021-05-31T00:00:53.000Z,2021-05-31,2021-05-31 00:00:37.400,1.3729333877563477,stored_original_4096x4096_pixel_percentage_not_recomputed_from_npy,train,"(512, 512)",float32
648,648,data/processed/hmi.m_45s.2021.06.03_00_01_30_TAI.magnetogram_processed.npy,hmi.m_45s.2021.06.03_00_01_30_TAI.magnetogram_processed.npy,8a3b1399f3f70640dac674d0a97afae8f9fc6faed75873d6380a59e0b79b14cd,2021-06-03T00:01:30,2021-06-03T00:00:53.000Z,2021-06-03,2021-06-03 00:00:37.600,1.4201223850250244,stored_original_4096x4096_pixel_percentage_not_recomputed_from_npy,train,"(512, 512)",float32
649,649,data/processed/hmi.m_45s.2021.06.06_00_01_30_TAI.magnetogram_processed.npy,hmi.m_45s.2021.06.06_00_01_30_TAI.magnetogram_processed.npy,16aa3465a30c90245ea499ee8122b406e6f5c28001cb6b134ee7017b85c1b6b4,2021-06-06T00:01:30,2021-06-06T00:00:53.000Z,2021-06-06,2021-06-06 00:00:37.800,1.4276564121246338,stored_original_4096x4096_pixel_percentage_not_recomputed_from_npy,train,"(512, 512)",float32
650,650;651,data/processed/hmi.m_45s.2021.06.07_00_01_30_TAI.magnetogram_processed.npy,hmi.m_45s.2021.06.07_00_01_30_TAI.magnetogram_processed.npy,2a31c280b10edf8c656cad6bf9e540d2d9d9ed2daf39bd45dc282075c71d665a,2021-06-07T00:01:30,2021-06-07T00:00:53.000Z,2021-06-07,2021-06-07 00:00:37.900,1.452481746673584,stored_original_4096x4096_pixel_percentage_not_recomputed_from_npy,train,"(512, 512)",float32
652,652,data/processed/hmi.m_45s.2021.06.09_00_01_30_TAI.magnetogram_processed.npy,hmi.m_45s.2021.06.09_00_01_30_TAI.magnetogram_processed.npy,aa040939573448602189bd195fb02dbf0e95564a6e43d54bf83bbfe9d1d17c33,2021-06-09T00:01:30,2021-06-09T00:00:53.000Z,2021-06-09,2021-06-09 00:00:38.000,1.4240920543670654,stored_original_4096x4096_pixel_percentage_not_recomputed_from_npy,train,"(512, 512)",float32
653,653,data/processed/hmi.m_45s.2021.06.11_00_01_30_TAI.magnetogram_processed.npy,hmi.m_45s.2021.06.11_00_01_30_TAI.magnetogram_processed.npy,04fe210d7eae3d6e29a30b927a51cbd25a0be5c07700b86451dc88f82dc106d0,2021-06-11T00:01:30,2021-06-11T00:00:53.000Z,2021-06-11,2021-06-11 00:00:38.100,1.4122188091278076,stored_original_4096x4096_pixel_percentage_not_recomputed_from_npy,selection_validation,"(512, 512)",float32
654,654,data/processed/hmi.m_45s.2021.06.12_00_01_30_TAI.magnetogram_processed.npy,hmi.m_45s.2021.06.12_00_01_30_TAI.magnetogram_processed.npy,7599d1de479b481de97d4b636595f2536a7a6fa026696a5eed838812142f1146,2021-06-12T00:01:30,2021-06-12T00:00:53.000Z,2021-06-12,2021-06-12 00:00:38.200,1.407235860824585,stored_original_4096x4096_pixel_percentage_not_recomputed_from_npy,train,"(512, 512)",float32
655,655,data/processed/hmi.m_45s.2021.06.14_00_01_30_TAI.magnetogram_processed.npy,hmi.m_45s.2021.06.14_00_01_30_TAI.magnetogram_processed.npy,b784af7254868213ce12f805d6ae365cc26425380dc0de58f05793dcf81de3ec,2021-06-14T00:01:30,2021-06-14T00:00:53.000Z,2021-06-14,2021-06-14 00:00:38.300,1.412403583526611,stored_original_4096x4096_pixel_percentage_not_recomputed_from_npy,train,"(512, 512)",float32
656,656,data/processed/hmi.m_45s.2021.06.16_00_01_30_TAI.magnetogram_processed.npy,hmi.m_45s.2021.06.16_00_01_30_TAI.magnetogram_processed.npy,88972c8b95c92125f05bac70a34cf3ace28ff23074397db4e34a29404fab7554,2021-06-16T00:01:30,2021-06-16T00:00:53.000Z,2021-06-16,2021-06-16 00:00:38.400,1.438957452774048,stored_original_4096x4096_pixel_percentage_not_recomputed_from_npy,train,"(512, 512)",float32
657,657;658,data/processed/hmi.m_45s.2021.06.17_00_01_30_TAI.magnetogram_processed.npy,hmi.m_45s.2021.06.17_00_01_30_TAI.magnetogram_processed.npy,ea03d82d532b93baf26c42bafd9e52ec81c32258bccc65845c032acd48cdc318,2021-06-17T00:01:30,2021-06-17T00:00:53.000Z,2021-06-17,2021-06-17 00:00:38.400,1.4511346817016602,stored_original_4096x4096_pixel_percentage_not_recomputed_from_npy,train,"(512, 512)",float32
659,659,data/processed/hmi.m_45s.2021.06.21_00_01_30_TAI.magnetogram_processed.npy,hmi.m_45s.2021.06.21_00_01_30_TAI.magnetogram_processed.npy,91f3b989aff74643dc763be2109ad69ad7dc9d8d2fd47dbed286e6a23930e5da,2021-06-21T00:01:30,2021-06-21T00:00:53.000Z,2021-06-21,2021-06-21 00:00:38.500,1.445770263671875,stored_original_4096x4096_pixel_percentage_not_recomputed_from_npy,train,"(512, 512)",float32
660,660,data/processed/hmi.m_45s.2021.06.25_00_01_30_TAI.magnetogram_processed.npy,hmi.m_45s.2021.06.25_00_01_30_TAI.magnetogram_processed.npy,9997c84a7fac3f4f62f21da500b6461eed544ccd15e7db649e24198a95977398,2021-06-25T00:01:30,2021-06-25T00:00:53.000Z,2021-06-25,2021-06-25 00:00:38.600,1.4090001583099363,stored_original_4096x4096_pixel_percentage_not_recomputed_from_npy,train,"(512, 512)",float32
661,661;662,data/processed/hmi.m_45s.2021.06.28_00_01_30_TAI.magnetogram_processed.npy,hmi.m_45s.2021.06.28_00_01_30_TAI.magnetogram_processed.npy,6c8bf0af1566e59b1574434450892a8d7c362a75f6612137ea3f64f8993e3407,2021-06-28T00:01:30,2021-06-28T00:00:53.000Z,2021-06-28,2021-06-28 00:00:38.700,1.551443338394165,stored_original_4096x4096_pixel_percentage_not_recomputed_from_npy,train,"(512, 512)",float32
663,663,data/processed/hmi.m_45s.2021.07.02_00_01_30_TAI.magnetogram_processed.npy,hmi.m_45s.2021.07.02_00_01_30_TAI.magnetogram_processed.npy,cae782b612ac466cce7f8325fc312843c1bbd57d8a3ef2a6e117aac92c038daa,2021-07-02T00:01:30,2021-07-02T00:00:53.000Z,2021-07-02,2021-07-02 00:00:38.800,1.6411066055297852,stored_original_4096x4096_pixel_percentage_not_recomputed_from_npy,selection_validation,"(512, 512)",float32
664,664;665;666,data/processed/hmi.m_45s.2021.07.05_00_01_30_TAI.magnetogram_processed.npy,hmi.m_45s.2021.07.05_00_01_30_TAI.magnetogram_processed.npy,b875609643db4eec76fc168531716b1981aaf4fcc915bac0c4e5c9f0d7ef7131,2021-07-05T00:01:30,2021-07-05T00:00:53.000Z,2021-07-05,2021-07-05 00:00:38.800,1.5411794185638428,stored_original_4096x4096_pixel_percentage_not_recomputed_from_npy,train,"(512, 512)",float32
667,667,data/processed/hmi.m_45s.2021.07.08_00_01_30_TAI.magnetogram_processed.npy,hmi.m_45s.2021.07.08_00_01_30_TAI.magnetogram_processed.npy,126077c0180d460b236888cb55b566af2dea0dc8a42b2d58d802fadd48fcd132,2021-07-08T00:01:30,2021-07-08T00:00:53.000Z,2021-07-08,2021-07-08 00:00:38.800,1.4369487762451172,stored_original_4096x4096_pixel_percentage_not_recomputed_from_npy,train,"(512, 512)",float32
668,668,data/processed/hmi.m_45s.2021.07.09_00_01_30_TAI.magnetogram_processed.npy,hmi.m_45s.2021.07.09_00_01_30_TAI.magnetogram_processed.npy,29d69e597e73219a497c2d8c8614ffb51f5964b92266a5ef0d56ee57156ac1c3,2021-07-09T00:01:30,2021-07-09T00:00:53.000Z,2021-07-09,2021-07-09 00:00:38.800,1.4254271984100342,stored_original_4096x4096_pixel_percentage_not_recomputed_from_npy,train,"(512, 512)",float32
669,669,data/processed/hmi.m_45s.2021.07.12_00_01_30_TAI.magnetogram_processed.npy,hmi.m_45s.2021.07.12_00_01_30_TAI.magnetogram_processed.npy,52337e7011622932b6d0b8daf1189939f7ad7d08389f43bc1581fbfc62e3017c,2021-07-12T00:01:30,2021-07-12T00:00:53.000Z,2021-07-12,2021-07-12 00:00:38.700,1.4425337314605713,stored_original_4096x4096_pixel_percentage_not_recomputed_from_npy,train,"(512, 512)",float32
670,670,data/processed/hmi.m_45s.2021.07.14_00_01_30_TAI.magnetogram_processed.npy,hmi.m_45s.2021.07.14_00_01_30_TAI.magnetogram_processed.npy,a27f7c2019fbe15f30496a083ce39e84e8655f7d5d4dc451a2b819d52809b6c4,2021-07-14T00:01:30,2021-07-14T00:00:53.000Z,2021-07-14,2021-07-14 00:00:38.700,1.454395055770874,stored_original_4096x4096_pixel_percentage_not_recomputed_from_npy,train,"(512, 512)",float32
671,671;672,data/processed/hmi.m_45s.2021.07.17_00_01_30_TAI.magnetogram_processed.npy,hmi.m_45s.2021.07.17_00_01_30_TAI.magnetogram_processed.npy,0cdcd0c70ded7c2d6a2467a2ac2a72b9622c597f5a0b285d575ba146621992ec,2021-07-17T00:01:30,2021-07-17T00:00:53.000Z,2021-07-17,2021-07-17 00:00:38.600,1.4411866664886477,stored_original_4096x4096_pixel_percentage_not_recomputed_from_npy,train,"(512, 512)",float32
673,673;674,data/processed/hmi.m_45s.2021.07.18_00_01_30_TAI.magnetogram_processed.npy,hmi.m_45s.2021.07.18_00_01_30_TAI.magnetogram_processed.npy,37cc1af6191ba0a26aea693c3d5efe0cefa18a3427fba34a0f51eef90a6c4599,2021-07-18T00:01:30,2021-07-18T00:00:53.000Z,2021-07-18,2021-07-18 00:00:38.600,1.4719188213348389,stored_original_4096x4096_pixel_percentage_not_recomputed_from_npy,train,"(512, 512)",float32
675,675;676,data/processed/hmi.m_45s.2021.07.20_00_01_30_TAI.magnetogram_processed.npy,hmi.m_45s.2021.07.20_00_01_30_TAI.magnetogram_processed.npy,4ce366adbd0f611d7f64682504adc5faba48d490f70581a70e19d1b1f86214b4,2021-07-20T00:01:30,2021-07-20T00:00:53.000Z,2021-07-20,2021-07-20 00:00:38.500,1.467043161392212,stored_original_4096x4096_pixel_percentage_not_recomputed_from_npy,selection_validation,"(512, 512)",float32
677,677,data/processed/hmi.m_45s.2021.07.23_00_01_30_TAI.magnetogram_processed.npy,hmi.m_45s.2021.07.23_00_01_30_TAI.magnetogram_processed.npy,d08f9b81a7f678f195471fb90fa308d06c5d7955b567c36ab7c77fef199a6e92,2021-07-23T00:01:30,2021-07-23T00:00:53.000Z,2021-07-23,2021-07-23 00:00:38.400,1.4903604984283447,stored_original_4096x4096_pixel_percentage_not_recomputed_from_npy,train,"(512, 512)",float32
678,678,data/processed/hmi.m_45s.2021.07.26_00_01_30_TAI.magnetogram_processed.npy,hmi.m_45s.2021.07.26_00_01_30_TAI.magnetogram_processed.npy,0a76c8addd02aa0b7597dc3acccd015b0535f98bd1777967112ed249772cb6e0,2021-07-26T00:01:30,2021-07-26T00:00:53.000Z,2021-07-26,2021-07-26 00:00:38.300,1.571965217590332,stored_original_4096x4096_pixel_percentage_not_recomputed_from_npy,train,"(512, 512)",float32
679,679;680,data/processed/hmi.m_45s.2021.08.03_00_01_30_TAI.magnetogram_processed.npy,hmi.m_45s.2021.08.03_00_01_30_TAI.magnetogram_processed.npy,b02c8c5209359e1ea7062db73b3bf9437b42bf865ba4279247bf8c778b792bfd,2021-08-03T00:01:30,2021-08-03T00:00:53.000Z,2021-08-03,2021-08-03 00:00:37.800,1.436692476272583,stored_original_4096x4096_pixel_percentage_not_recomputed_from_npy,train,"(512, 512)",float32
681,681,data/processed/hmi.m_45s.2021.08.04_00_01_30_TAI.magnetogram_processed.npy,hmi.m_45s.2021.08.04_00_01_30_TAI.magnetogram_processed.npy,107bb5f23109b476b46dd69041e7f8b797e2044a10ce6cefc5a3d0443e134dc4,2021-08-04T00:01:30,2021-08-04T00:00:53.000Z,2021-08-04,2021-08-04 00:00:37.800,1.43548846244812,stored_original_4096x4096_pixel_percentage_not_recomputed_from_npy,selection_validation,"(512, 512)",float32
682,682,data/processed/hmi.m_45s.2021.08.05_00_01_30_TAI.magnetogram_processed.npy,hmi.m_45s.2021.08.05_00_01_30_TAI.magnetogram_processed.npy,99e437a667780d14f732866d7e8d5063d452e609649e9061642cd87c88246c85,2021-08-05T00:01:30,2021-08-05T00:00:53.000Z,2021-08-05,2021-08-05 00:00:37.700,1.4149665832519531,stored_original_4096x4096_pixel_percentage_not_recomputed_from_npy,selection_validation,"(512, 512)",float32
683,683;684,data/processed/hmi.m_45s.2021.08.10_00_01_30_TAI.magnetogram_processed.npy,hmi.m_45s.2021.08.10_00_01_30_TAI.magnetogram_processed.npy,b82daf20d0a349746e8998487ff020397f6e99146c588f6dd2a6e31aaf38bd7b,2021-08-10T00:01:30,2021-08-10T00:00:53.000Z,2021-08-10,2021-08-10 00:00:37.300,1.443922519683838,stored_original_4096x4096_pixel_percentage_not_recomputed_from_npy,train,"(512, 512)",float32
685,685;686,data/processed/hmi.m_45s.2021.08.13_00_01_30_TAI.magnetogram_processed.npy,hmi.m_45s.2021.08.13_00_01_30_TAI.magnetogram_processed.npy,7dfa2f70d18a280a335516070de93f29a34330a81ffec794dffcbf0a798453ac,2021-08-13T00:01:30,2021-08-13T00:00:53.000Z,2021-08-13,2021-08-13 00:00:37.100,1.469576358795166,stored_original_4096x4096_pixel_percentage_not_recomputed_from_npy,selection_validation,"(512, 512)",float32
687,687,data/processed/hmi.m_45s.2021.08.18_00_01_30_TAI.magnetogram_processed.npy,hmi.m_45s.2021.08.18_00_01_30_TAI.magnetogram_processed.npy,8031f5a0ed5fd053f902d8ebd26520b855382731e8b1719f5f719e0be36e008a,2021-08-18T00:01:30,2021-08-18T00:00:53.000Z,2021-08-18,2021-08-18 00:00:36.600,1.4249026775360107,stored_original_4096x4096_pixel_percentage_not_recomputed_from_npy,train,"(512, 512)",float32
688,688,data/processed/hmi.m_45s.2021.08.22_00_01_30_TAI.magnetogram_processed.npy,hmi.m_45s.2021.08.22_00_01_30_TAI.magnetogram_processed.npy,520702753498c10998ef466df94b7b5316d4dd546ebf500becdd22dc0c1d4313,2021-08-22T00:01:30,2021-08-22T00:00:53.000Z,2021-08-22,2021-08-22 00:00:36.200,1.450824737548828,stored_original_4096x4096_pixel_percentage_not_recomputed_from_npy,train,"(512, 512)",float32
689,689,data/processed/hmi.m_45s.2021.08.27_00_01_30_TAI.magnetogram_processed.npy,hmi.m_45s.2021.08.27_00_01_30_TAI.magnetogram_processed.npy,ceaefccbc12b31bca9b093058f0cc83e43fe927ec3aa46a12e24c2e249becc1c,2021-08-27T00:01:30,2021-08-27T00:00:53.000Z,2021-08-27,2021-08-27 00:00:35.700,1.560431718826294,stored_original_4096x4096_pixel_percentage_not_recomputed_from_npy,selection_validation,"(512, 512)",float32
690,690;691;692,data/processed/hmi.m_45s.2021.08.30_00_01_30_TAI.magnetogram_processed.npy,hmi.m_45s.2021.08.30_00_01_30_TAI.magnetogram_processed.npy,e7d0534544bab70d76f60ce6ad6e85752b1a9d2324649b6a68da9f99bdc71e19,2021-08-30T00:01:30,2021-08-30T00:00:53.000Z,2021-08-30,2021-08-30 00:00:35.300,1.5360116958618164,stored_original_4096x4096_pixel_percentage_not_recomputed_from_npy,train,"(512, 512)",float32
693,693,data/processed/hmi.m_45s.2021.08.31_00_01_30_TAI.magnetogram_processed.npy,hmi.m_45s.2021.08.31_00_01_30_TAI.magnetogram_processed.npy,019fbeb94b17fbb6eeb797e5a3f8edf81e0185cf1d150763a2906132951f8cc4,2021-08-31T00:01:30,2021-08-31T00:00:53.000Z,2021-08-31,2021-08-31 00:00:35.200,1.515287160873413,stored_original_4096x4096_pixel_percentage_not_recomputed_from_npy,train,"(512, 512)",float32
694,694,data/processed/hmi.m_45s.2021.09.06_00_01_30_TAI.magnetogram_processed.npy,hmi.m_45s.2021.09.06_00_01_30_TAI.magnetogram_processed.npy,c0d92c446e8b298542fcdf0c57b712753b6ef7ad65b69def8f66029b56a60354,2021-09-06T00:01:30,2021-09-06T00:00:53.000Z,2021-09-06,2021-09-06 00:00:34.500,1.5653669834136963,stored_original_4096x4096_pixel_percentage_not_recomputed_from_npy,train,"(512, 512)",float32
695,695;696,data/processed/hmi.m_45s.2021.09.09_00_01_30_TAI.magnetogram_processed.npy,hmi.m_45s.2021.09.09_00_01_30_TAI.magnetogram_processed.npy,4f46f7e44a01ea4b24a15f828a65228a49f8500d0f6dc219ccd767b7b3aa1a38,2021-09-09T00:01:30,2021-09-09T00:00:53.000Z,2021-09-09,2021-09-09 00:00:34.100,1.6657471656799316,stored_original_4096x4096_pixel_percentage_not_recomputed_from_npy,train,"(512, 512)",float32
697,697,data/processed/hmi.m_45s.2021.09.10_00_01_30_TAI.magnetogram_processed.npy,hmi.m_45s.2021.09.10_00_01_30_TAI.magnetogram_processed.npy,8f28632bf8bbeefab7f1d2319e2926a66780d3de2604084237de4e87bae1c2cb,2021-09-10T00:01:30,2021-09-10T00:00:53.000Z,2021-09-10,2021-09-10 00:00:34.000,1.632171869277954,stored_original_4096x4096_pixel_percentage_not_recomputed_from_npy,train,"(512, 512)",float32
698,698;699,data/processed/hmi.m_45s.2021.09.13_00_01_30_TAI.magnetogram_processed.npy,hmi.m_45s.2021.09.13_00_01_30_TAI.magnetogram_processed.npy,103b9455eca7c700a4653b9a207c611e909bc1ec9ecc904f57fa7b3a825ea085,2021-09-13T00:01:30,2021-09-13T00:00:53.000Z,2021-09-13,2021-09-13 00:00:33.600,1.458740234375,stored_original_4096x4096_pixel_percentage_not_recomputed_from_npy,selection_validation,"(512, 512)",float32
700,700,data/processed/hmi.m_45s.2021.09.14_00_01_30_TAI.magnetogram_processed.npy,hmi.m_45s.2021.09.14_00_01_30_TAI.magnetogram_processed.npy,98c4a7200a58c52b9719ee7f3ae992dc3b08ebb8050c81e5254d5ac0556cb232,2021-09-14T00:01:30,2021-09-14T00:00:53.000Z,2021-09-14,2021-09-14 00:00:33.500,1.399827003479004,stored_original_4096x4096_pixel_percentage_not_recomputed_from_npy,train,"(512, 512)",float32
701,701,data/processed/hmi.m_45s.2021.09.18_00_01_30_TAI.magnetogram_processed.npy,hmi.m_45s.2021.09.18_00_01_30_TAI.magnetogram_processed.npy,480ba07d882656a801f44d7dbe218b56abb712306ba9581049952fc61d13e8ba,2021-09-18T00:01:30,2021-09-18T00:00:53.000Z,2021-09-18,2021-09-18 00:00:32.900,1.3737201690673828,stored_original_4096x4096_pixel_percentage_not_recomputed_from_npy,train,"(512, 512)",float32
702,702;703,data/processed/hmi.m_45s.2021.09.19_00_01_30_TAI.magnetogram_processed.npy,hmi.m_45s.2021.09.19_00_01_30_TAI.magnetogram_processed.npy,aabf25c3e673987e06960687216a19e3d45249bbe7b027d09b8d1111661f33db,2021-09-19T00:01:30,2021-09-19T00:00:53.000Z,2021-09-19,2021-09-19 00:00:32.800,1.372283697128296,stored_original_4096x4096_pixel_percentage_not_recomputed_from_npy,train,"(512, 512)",float32
704,704,data/processed/hmi.m_45s.2021.09.22_00_01_30_TAI.magnetogram_processed.npy,hmi.m_45s.2021.09.22_00_01_30_TAI.magnetogram_processed.npy,46d6a3b983f312e19e4d31b53139720a9444be03d9f363bec3f025c32d6f8650,2021-09-22T00:01:30,2021-09-22T00:00:53.000Z,2021-09-22,2021-09-22 00:00:32.400,1.4719069004058838,stored_original_4096x4096_pixel_percentage_not_recomputed_from_npy,selection_validation,"(512, 512)",float32
705,705;706,data/processed/hmi.m_45s.2021.09.23_00_01_30_TAI.magnetogram_processed.npy,hmi.m_45s.2021.09.23_00_01_30_TAI.magnetogram_processed.npy,c82d9db9fa5b047b22f0b565b627db7f6946e2f1caa28d818ce64f351ce5e117,2021-09-23T00:01:30,2021-09-23T00:00:53.000Z,2021-09-23,2021-09-23 00:00:32.200,1.4998435974121094,stored_original_4096x4096_pixel_percentage_not_recomputed_from_npy,selection_validation,"(512, 512)",float32
707,707;708,data/processed/hmi.m_45s.2021.09.24_00_01_30_TAI.magnetogram_processed.npy,hmi.m_45s.2021.09.24_00_01_30_TAI.magnetogram_processed.npy,102a05a1cfa45600550a9de35c61d5007ba6773c3828f306ecf8f03ae74442e9,2021-09-24T00:01:30,2021-09-24T00:00:53.000Z,2021-09-24,2021-09-24 00:00:32.100,1.5064001083374023,stored_original_4096x4096_pixel_percentage_not_recomputed_from_npy,train,"(512, 512)",float32
709,709,data/processed/hmi.m_45s.2021.09.25_00_01_30_TAI.magnetogram_processed.npy,hmi.m_45s.2021.09.25_00_01_30_TAI.magnetogram_processed.npy,9b88db6afccc7e2beb0133ac6c20e42a5fecbee3efc92e5f5f5815e4d88f8dad,2021-09-25T00:01:30,2021-09-25T00:00:53.000Z,2021-09-25,2021-09-25 00:00:32.000,1.5012383460998535,stored_original_4096x4096_pixel_percentage_not_recomputed_from_npy,train,"(512, 512)",float32
710,710;711,data/processed/hmi.m_45s.2021.09.26_00_01_30_TAI.magnetogram_processed.npy,hmi.m_45s.2021.09.26_00_01_30_TAI.magnetogram_processed.npy,db8d2769d1c419b91051af7a137354f9792601a734f1ff1a5d0fd1ddc7156f90,2021-09-26T00:01:30,2021-09-26T00:00:53.000Z,2021-09-26,2021-09-26 00:00:31.800,1.4919519424438477,stored_original_4096x4096_pixel_percentage_not_recomputed_from_npy,train,"(512, 512)",float32
712,712;713,data/processed/hmi.m_45s.2021.09.27_00_01_30_TAI.magnetogram_processed.npy,hmi.m_45s.2021.09.27_00_01_30_TAI.magnetogram_processed.npy,337a76f5accb1ce24ab6c0ae74b63bc7b417428fae7cd197958ef50398d1c60e,2021-09-27T00:01:30,2021-09-27T00:00:53.000Z,2021-09-27,2021-09-27 00:00:31.700,1.4741003513336182,stored_original_4096x4096_pixel_percentage_not_recomputed_from_npy,train,"(512, 512)",float32
714,714,data/processed/hmi.m_45s.2021.09.30_00_01_30_TAI.magnetogram_processed.npy,hmi.m_45s.2021.09.30_00_01_30_TAI.magnetogram_processed.npy,129f2f54ce616bedeff38e3ddfcb0ce9eb5bed689e372f4e17bc64bddfb49034,2021-09-30T00:01:30,2021-09-30T00:00:53.000Z,2021-09-30,2021-09-30 00:00:31.300,1.4674782752990725,stored_original_4096x4096_pixel_percentage_not_recomputed_from_npy,train,"(512, 512)",float32
715,715;716,data/processed/hmi.m_45s.2021.10.01_00_01_30_TAI.magnetogram_processed.npy,hmi.m_45s.2021.10.01_00_01_30_TAI.magnetogram_processed.npy,e2fb86f84c4a62f2f47d0022ce682a47b0876eee2530a9dd379422d01b26da55,2021-10-01T00:01:30,2021-10-01T00:00:53.000Z,2021-10-01,2021-10-01 00:00:31.100,1.4447450637817385,stored_original_4096x4096_pixel_percentage_not_recomputed_from_npy,train,"(512, 512)",float32
717,717,data/processed/hmi.m_45s.2021.10.02_00_01_30_TAI.magnetogram_processed.npy,hmi.m_45s.2021.10.02_00_01_30_TAI.magnetogram_processed.npy,b0d4a608561bdc0a7d442400d83761b61ee7bd7a2459c61cacd612cdc7408466,2021-10-02T00:01:30,2021-10-02T00:00:53.000Z,2021-10-02,2021-10-02 00:00:31.000,1.4301002025604248,stored_original_4096x4096_pixel_percentage_not_recomputed_from_npy,train,"(512, 512)",float32
718,718,data/processed/hmi.m_45s.2021.10.06_00_01_30_TAI.magnetogram_processed.npy,hmi.m_45s.2021.10.06_00_01_30_TAI.magnetogram_processed.npy,97408b990a562e1c766a5269f2da5ad7d58208717c596af94b2efc4394ff9e74,2021-10-06T00:01:30,2021-10-06T00:00:53.000Z,2021-10-06,2021-10-06 00:00:30.400,1.4289796352386477,stored_original_4096x4096_pixel_percentage_not_recomputed_from_npy,train,"(512, 512)",float32
719,719;720;721,data/processed/hmi.m_45s.2021.10.09_00_01_30_TAI.magnetogram_processed.npy,hmi.m_45s.2021.10.09_00_01_30_TAI.magnetogram_processed.npy,22723b982f3e8b446ce54e733e606bf0925a0c51d35180489424d5b7beb19b25,2021-10-09T00:01:30,2021-10-09T00:00:53.000Z,2021-10-09,2021-10-09 00:00:30.000,1.4110684394836426,stored_original_4096x4096_pixel_percentage_not_recomputed_from_npy,selection_validation,"(512, 512)",float32
722,722;723,data/processed/hmi.m_45s.2021.10.10_00_01_30_TAI.magnetogram_processed.npy,hmi.m_45s.2021.10.10_00_01_30_TAI.magnetogram_processed.npy,061b16f0cf7d8a6a348c6e2d442e4403de6358f3ddc9248f352dd9e3beef3ee8,2021-10-10T00:01:30,2021-10-10T00:00:53.000Z,2021-10-10,2021-10-10 00:00:29.800,1.4211177825927734,stored_original_4096x4096_pixel_percentage_not_recomputed_from_npy,train,"(512, 512)",float32
724,724,data/processed/hmi.m_45s.2021.10.12_00_01_30_TAI.magnetogram_processed.npy,hmi.m_45s.2021.10.12_00_01_30_TAI.magnetogram_processed.npy,1400c8ba64837ec95d2f109d2212ccc98ceed71e8545a27b528ab7ba1fe7a855,2021-10-12T00:01:30,2021-10-12T00:00:53.000Z,2021-10-12,2021-10-12 00:00:29.500,1.3880252838134766,stored_original_4096x4096_pixel_percentage_not_recomputed_from_npy,selection_validation,"(512, 512)",float32
725,725,data/processed/hmi.m_45s.2021.10.16_00_01_30_TAI.magnetogram_processed.npy,hmi.m_45s.2021.10.16_00_01_30_TAI.magnetogram_processed.npy,d533bd7b1a7cee9359d2ee68e4d7507df07339240c15dc8fda7e1c3921956baa,2021-10-16T00:01:30,2021-10-16T00:00:53.000Z,2021-10-16,2021-10-16 00:00:29.000,1.2894809246063232,stored_original_4096x4096_pixel_percentage_not_recomputed_from_npy,train,"(512, 512)",float32
726,726,data/processed/hmi.m_45s.2021.10.17_00_01_30_TAI.magnetogram_processed.npy,hmi.m_45s.2021.10.17_00_01_30_TAI.magnetogram_processed.npy,191bf1d15b72bdcee3e1702f7965c13e70a9325416131965afa5f97e776e3753,2021-10-17T00:01:30,2021-10-17T00:00:53.000Z,2021-10-17,2021-10-17 00:00:28.800,1.2682437896728516,stored_original_4096x4096_pixel_percentage_not_recomputed_from_npy,train,"(512, 512)",float32
727,727;728,data/processed/hmi.m_45s.2021.10.18_00_01_30_TAI.magnetogram_processed.npy,hmi.m_45s.2021.10.18_00_01_30_TAI.magnetogram_processed.npy,3620957dad029ec42bcd6429df340d65e34c9960e75d66e28532260e1379a785,2021-10-18T00:01:30,2021-10-18T00:00:53.000Z,2021-10-18,2021-10-18 00:00:28.700,1.275622844696045,stored_original_4096x4096_pixel_percentage_not_recomputed_from_npy,train,"(512, 512)",float32
729,729,data/processed/hmi.m_45s.2021.10.21_00_01_30_TAI.magnetogram_processed.npy,hmi.m_45s.2021.10.21_00_01_30_TAI.magnetogram_processed.npy,05fcb92418351a721ab4d7a9da0a857f60329e8b77c1066947531e9f0ef0179a,2021-10-21T00:01:30,2021-10-21T00:00:53.000Z,2021-10-21,2021-10-21 00:00:28.300,1.2857377529144287,stored_original_4096x4096_pixel_percentage_not_recomputed_from_npy,selection_validation,"(512, 512)",float32
730,730,data/processed/hmi.m_45s.2021.10.22_00_01_30_TAI.magnetogram_processed.npy,hmi.m_45s.2021.10.22_00_01_30_TAI.magnetogram_processed.npy,388f84b9207043d92be68a5480dabec01f9899184cb873a4ec05e905a5f261ad,2021-10-22T00:01:30,2021-10-22T00:00:53.000Z,2021-10-22,2021-10-22 00:00:28.100,1.3317644596099854,stored_original_4096x4096_pixel_percentage_not_recomputed_from_npy,train,"(512, 512)",float32
731,731;732;733,data/processed/hmi.m_45s.2021.10.25_00_01_30_TAI.magnetogram_processed.npy,hmi.m_45s.2021.10.25_00_01_30_TAI.magnetogram_processed.npy,9efcf6f516265de62ebd81c3bfc1efc9e70dfb799ed96d1f0ba9ff11bc1d86d7,2021-10-25T00:01:30,2021-10-25T00:00:53.000Z,2021-10-25,2021-10-25 00:00:27.700,1.3973712921142578,stored_original_4096x4096_pixel_percentage_not_recomputed_from_npy,train,"(512, 512)",float32
734,734,data/processed/hmi.m_45s.2021.10.27_00_01_30_TAI.magnetogram_processed.npy,hmi.m_45s.2021.10.27_00_01_30_TAI.magnetogram_processed.npy,cec38e8bfb249fe7ace593d55381d0dd3e480f9c586030ec4af98edabd11f4b2,2021-10-27T00:01:30,2021-10-27T00:00:53.000Z,2021-10-27,2021-10-27 00:00:27.400,1.4724552631378174,stored_original_4096x4096_pixel_percentage_not_recomputed_from_npy,train,"(512, 512)",float32
735,735,data/processed/hmi.m_45s.2021.10.29_00_01_30_TAI.magnetogram_processed.npy,hmi.m_45s.2021.10.29_00_01_30_TAI.magnetogram_processed.npy,597928eb71c2dc6b0c41cbabac266184b286552b615dc6e2d12628d4b2fb6ae4,2021-10-29T00:01:30,2021-10-29T00:00:53.000Z,2021-10-29,2021-10-29 00:00:27.200,1.5880107879638672,stored_original_4096x4096_pixel_percentage_not_recomputed_from_npy,train,"(512, 512)",float32
736,736,data/processed/hmi.m_45s.2021.11.01_00_01_30_TAI.magnetogram_processed.npy,hmi.m_45s.2021.11.01_00_01_30_TAI.magnetogram_processed.npy,5a1abcab030f19df4c2653e36121405c347598bf6ae15e93f41f87534372eb39,2021-11-01T00:01:30,2021-11-01T00:00:53.000Z,2021-11-01,2021-11-01 00:00:26.800,1.4675617218017578,stored_original_4096x4096_pixel_percentage_not_recomputed_from_npy,train,"(512, 512)",float32
737,737,data/processed/hmi.m_45s.2021.11.03_00_01_30_TAI.magnetogram_processed.npy,hmi.m_45s.2021.11.03_00_01_30_TAI.magnetogram_processed.npy,589c9b87c0ab1eee5a801ddf03dc60e96dc4e128cacb4f29c001478321b9aad4,2021-11-03T00:01:30,2021-11-03T00:00:53.000Z,2021-11-03,2021-11-03 00:00:26.500,1.4332234859466553,stored_original_4096x4096_pixel_percentage_not_recomputed_from_npy,train,"(512, 512)",float32
738,738;739,data/processed/hmi.m_45s.2021.11.04_00_01_30_TAI.magnetogram_processed.npy,hmi.m_45s.2021.11.04_00_01_30_TAI.magnetogram_processed.npy,978ec979a182c6c82789dc229cde57baf96cc2ca1040f5c10d793a8ec8fb5b10,2021-11-04T00:01:30,2021-11-04T00:00:53.000Z,2021-11-04,2021-11-04 00:00:26.400,1.398766040802002,stored_original_4096x4096_pixel_percentage_not_recomputed_from_npy,train,"(512, 512)",float32
740,740,data/processed/hmi.m_45s.2021.11.05_00_01_30_TAI.magnetogram_processed.npy,hmi.m_45s.2021.11.05_00_01_30_TAI.magnetogram_processed.npy,5849b03657e60c76e89f644d94089ee038c531d0761633227dd8db2247b867c0,2021-11-05T00:01:30,2021-11-05T00:00:53.000Z,2021-11-05,2021-11-05 00:00:26.300,1.374727487564087,stored_original_4096x4096_pixel_percentage_not_recomputed_from_npy,train,"(512, 512)",float32
741,741,data/processed/hmi.m_45s.2021.11.06_00_01_30_TAI.magnetogram_processed.npy,hmi.m_45s.2021.11.06_00_01_30_TAI.magnetogram_processed.npy,7f433f369fda9545d11faddda096d21013d63d95d7d6cf5336474fc1cbd79dd3,2021-11-06T00:01:30,2021-11-06T00:00:53.000Z,2021-11-06,2021-11-06 00:00:26.200,1.4317750930786133,stored_original_4096x4096_pixel_percentage_not_recomputed_from_npy,selection_validation,"(512, 512)",float32
742,742;743,data/processed/hmi.m_45s.2021.11.11_00_01_30_TAI.magnetogram_processed.npy,hmi.m_45s.2021.11.11_00_01_30_TAI.magnetogram_processed.npy,ea1fbed6dec2182fc129a0d31ec0e9b4a94af8e49891156a4d65e7d73ad5b1be,2021-11-11T00:01:30,2021-11-11T00:00:53.000Z,2021-11-11,2021-11-11 00:00:25.600,1.380711793899536,stored_original_4096x4096_pixel_percentage_not_recomputed_from_npy,train,"(512, 512)",float32
744,744,data/processed/hmi.m_45s.2021.11.12_00_01_30_TAI.magnetogram_processed.npy,hmi.m_45s.2021.11.12_00_01_30_TAI.magnetogram_processed.npy,a72e4f2b482bcbfac5ca1677dce24b2cbcfafe2e1d8217200669fe087e4fe1b1,2021-11-12T00:01:30,2021-11-12T00:00:53.000Z,2021-11-12,2021-11-12 00:00:25.400,1.3685882091522217,stored_original_4096x4096_pixel_percentage_not_recomputed_from_npy,train,"(512, 512)",float32
745,745,data/processed/hmi.m_45s.2021.11.18_00_01_30_TAI.magnetogram_processed.npy,hmi.m_45s.2021.11.18_00_01_30_TAI.magnetogram_processed.npy,d75ff7a9f482b591aedaa42b78008757701ec2ee5ad7ebe4a9cc93d14d6e720a,2021-11-18T00:01:30,2021-11-18T00:00:53.000Z,2021-11-18,2021-11-18 00:00:24.800,1.306229829788208,stored_original_4096x4096_pixel_percentage_not_recomputed_from_npy,train,"(512, 512)",float32
746,746,data/processed/hmi.m_45s.2021.11.19_00_01_30_TAI.magnetogram_processed.npy,hmi.m_45s.2021.11.19_00_01_30_TAI.magnetogram_processed.npy,98e9baebb814adf9281b1f383fd9437cffa7ad5358143fd795e8ccec439431eb,2021-11-19T00:01:30,2021-11-19T00:00:53.000Z,2021-11-19,2021-11-19 00:00:24.600,1.323997974395752,stored_original_4096x4096_pixel_percentage_not_recomputed_from_npy,train,"(512, 512)",float32
747,747,data/processed/hmi.m_45s.2021.11.20_00_01_30_TAI.magnetogram_processed.npy,hmi.m_45s.2021.11.20_00_01_30_TAI.magnetogram_processed.npy,649d03bbdc9cec685cdf9941edcafa2a451952d50fa69f91e44ab0f2fc7f1d2e,2021-11-20T00:01:30,2021-11-20T00:00:53.000Z,2021-11-20,2021-11-20 00:00:24.500,1.313638687133789,stored_original_4096x4096_pixel_percentage_not_recomputed_from_npy,train,"(512, 512)",float32
748,748,data/processed/hmi.m_45s.2021.11.23_00_01_30_TAI.magnetogram_processed.npy,hmi.m_45s.2021.11.23_00_01_30_TAI.magnetogram_processed.npy,6df08e52cf4ef368b539e40df35e0541719a7b383c244caef461d35588cd04a1,2021-11-23T00:01:30,2021-11-23T00:00:53.000Z,2021-11-23,2021-11-23 00:00:24.200,1.3445377349853516,stored_original_4096x4096_pixel_percentage_not_recomputed_from_npy,selection_validation,"(512, 512)",float32
749,749,data/processed/hmi.m_45s.2021.11.24_00_01_30_TAI.magnetogram_processed.npy,hmi.m_45s.2021.11.24_00_01_30_TAI.magnetogram_processed.npy,973a03c7932f898187b1ca248d660903b271f6ebf9641c503ce8230d3c931c9f,2021-11-24T00:01:30,2021-11-24T00:00:53.000Z,2021-11-24,2021-11-24 00:00:24.100,1.3991236686706543,stored_original_4096x4096_pixel_percentage_not_recomputed_from_npy,train,"(512, 512)",float32
750,750,data/processed/hmi.m_45s.2021.11.25_00_01_30_TAI.magnetogram_processed.npy,hmi.m_45s.2021.11.25_00_01_30_TAI.magnetogram_processed.npy,6741e3aaf6ae17ccf7da67086c57d24a4dccfb3b0178f0b4919bd429908e03d7,2021-11-25T00:01:30,2021-11-25T00:00:53.000Z,2021-11-25,2021-11-25 00:00:24.100,1.4164984226226809,stored_original_4096x4096_pixel_percentage_not_recomputed_from_npy,selection_validation,"(512, 512)",float32
751,751,data/processed/hmi.m_45s.2021.11.26_00_01_30_TAI.magnetogram_processed.npy,hmi.m_45s.2021.11.26_00_01_30_TAI.magnetogram_processed.npy,266649c2dbfdf64ca78aaefd9e72b00c774670ff6e3028fa6055306814758263,2021-11-26T00:01:30,2021-11-26T00:00:53.000Z,2021-11-26,2021-11-26 00:00:24.000,1.4009714126586914,stored_original_4096x4096_pixel_percentage_not_recomputed_from_npy,train,"(512, 512)",float32
752,752,data/processed/hmi.m_45s.2021.11.27_00_01_30_TAI.magnetogram_processed.npy,hmi.m_45s.2021.11.27_00_01_30_TAI.magnetogram_processed.npy,cfd08c83e5946f246c07f351b35dad5cc8278aefd4610a32c846c48082c82825,2021-11-27T00:01:30,2021-11-27T00:00:53.000Z,2021-11-27,2021-11-27 00:00:23.900,1.4209091663360596,stored_original_4096x4096_pixel_percentage_not_recomputed_from_npy,train,"(512, 512)",float32
753,753,data/processed/hmi.m_45s.2021.11.28_00_01_30_TAI.magnetogram_processed.npy,hmi.m_45s.2021.11.28_00_01_30_TAI.magnetogram_processed.npy,177b479e38eeccf983a5b9d00f5f2af05892045a50b22ff6f513bbc2bde7cf18,2021-11-28T00:01:30,2021-11-28T00:00:53.000Z,2021-11-28,2021-11-28 00:00:23.800,1.409304141998291,stored_original_4096x4096_pixel_percentage_not_recomputed_from_npy,train,"(512, 512)",float32
754,754,data/processed/hmi.m_45s.2021.11.30_00_01_30_TAI.magnetogram_processed.npy,hmi.m_45s.2021.11.30_00_01_30_TAI.magnetogram_processed.npy,e5a48128e0cbefe1982c3f16cf029f6118a89094a3b3269080aeafc3520a408d,2021-11-30T00:01:30,2021-11-30T00:00:53.000Z,2021-11-30,2021-11-30 00:00:23.600,1.4132559299468994,stored_original_4096x4096_pixel_percentage_not_recomputed_from_npy,selection_validation,"(512, 512)",float32
755,755,data/processed/hmi.m_45s.2021.12.03_00_01_30_TAI.magnetogram_processed.npy,hmi.m_45s.2021.12.03_00_01_30_TAI.magnetogram_processed.npy,701407dc2235547a420219beb89282c1ef9da371964a152ee0b652a70751bba7,2021-12-03T00:01:30,2021-12-03T00:00:53.000Z,2021-12-03,2021-12-03 00:00:23.400,1.418471336364746,stored_original_4096x4096_pixel_percentage_not_recomputed_from_npy,train,"(512, 512)",float32
756,756,data/processed/hmi.m_45s.2021.12.05_00_01_30_TAI.magnetogram_processed.npy,hmi.m_45s.2021.12.05_00_01_30_TAI.magnetogram_processed.npy,cc22730b051ff4eb86e068769466f4c6cf90fb26a3ee8373a1e807873a485d25,2021-12-05T00:01:30,2021-12-05T00:00:53.000Z,2021-12-05,2021-12-05 00:00:23.200,1.334524154663086,stored_original_4096x4096_pixel_percentage_not_recomputed_from_npy,train,"(512, 512)",float32
757,757,data/processed/hmi.m_45s.2021.12.06_00_01_30_TAI.magnetogram_processed.npy,hmi.m_45s.2021.12.06_00_01_30_TAI.magnetogram_processed.npy,e5f46f89358f544b546c6c3fa5ee45f32f1f0d6b377132dfe099dedf967e309a,2021-12-06T00:01:30,2021-12-06T00:00:53.000Z,2021-12-06,2021-12-06 00:00:23.200,1.314669847488403,stored_original_4096x4096_pixel_percentage_not_recomputed_from_npy,selection_validation,"(512, 512)",float32
758,758,data/processed/hmi.m_45s.2021.12.09_00_01_30_TAI.magnetogram_processed.npy,hmi.m_45s.2021.12.09_00_01_30_TAI.magnetogram_processed.npy,0ad5f770c9b038499f3a5cad6166f73a298ba224d606626d092dfb88db5e726b,2021-12-09T00:01:30,2021-12-09T00:00:53.000Z,2021-12-09,2021-12-09 00:00:23.000,1.316291093826294,stored_original_4096x4096_pixel_percentage_not_recomputed_from_npy,train,"(512, 512)",float32
759,759;760,data/processed/hmi.m_45s.2021.12.10_00_01_30_TAI.magnetogram_processed.npy,hmi.m_45s.2021.12.10_00_01_30_TAI.magnetogram_processed.npy,d25ceeb75c28c9d7bd6c04529f6b43798beaaabf2849624acdf4159448c5888f,2021-12-10T00:01:30,2021-12-10T00:00:53.000Z,2021-12-10,2021-12-10 00:00:22.900,1.3211071491241455,stored_original_4096x4096_pixel_percentage_not_recomputed_from_npy,train,"(512, 512)",float32
761,761,data/processed/hmi.m_45s.2021.12.11_00_01_30_TAI.magnetogram_processed.npy,hmi.m_45s.2021.12.11_00_01_30_TAI.magnetogram_processed.npy,2eb30716062bd8ccef72dd334acb036498395fbab032536e88166ab23dcc23cd,2021-12-11T00:01:30,2021-12-11T00:00:53.000Z,2021-12-11,2021-12-11 00:00:22.800,1.2998342514038086,stored_original_4096x4096_pixel_percentage_not_recomputed_from_npy,selection_validation,"(512, 512)",float32
762,762;763,data/processed/hmi.m_45s.2021.12.14_00_01_30_TAI.magnetogram_processed.npy,hmi.m_45s.2021.12.14_00_01_30_TAI.magnetogram_processed.npy,7e29f8d39bb3428e9030e1c472325115de14ed6cda5c35aef35a2871adde1565,2021-12-14T00:01:30,2021-12-14T00:00:53.000Z,2021-12-14,2021-12-14 00:00:22.700,1.3135671615600586,stored_original_4096x4096_pixel_percentage_not_recomputed_from_npy,train,"(512, 512)",float32
764,764,data/processed/hmi.m_45s.2021.12.16_00_01_30_TAI.magnetogram_processed.npy,hmi.m_45s.2021.12.16_00_01_30_TAI.magnetogram_processed.npy,904b19fcc1be4973bcb32fb301bf8a97f22e72e14c9bd1d50905984a13ca7ac9,2021-12-16T00:01:30,2021-12-16T00:00:53.000Z,2021-12-16,2021-12-16 00:00:22.600,1.4750659465789795,stored_original_4096x4096_pixel_percentage_not_recomputed_from_npy,train,"(512, 512)",float32
765,765;766,data/processed/hmi.m_45s.2021.12.19_00_01_30_TAI.magnetogram_processed.npy,hmi.m_45s.2021.12.19_00_01_30_TAI.magnetogram_processed.npy,5bd96517645de68b1cfac58c993f250dbe8fd0054797a2b3f347c1f9b0458f10,2021-12-19T00:01:30,2021-12-19T00:00:53.000Z,2021-12-19,2021-12-19 00:00:22.400,1.6452431678771973,stored_original_4096x4096_pixel_percentage_not_recomputed_from_npy,train,"(512, 512)",float32
767,767,data/processed/hmi.m_45s.2021.12.20_00_01_30_TAI.magnetogram_processed.npy,hmi.m_45s.2021.12.20_00_01_30_TAI.magnetogram_processed.npy,755515af81fc02e5fd52e2c25e2e63270427372f30e5124cbecca285ed43123c,2021-12-20T00:01:30,2021-12-20T00:00:53.000Z,2021-12-20,2021-12-20 00:00:22.400,1.6490757465362549,stored_original_4096x4096_pixel_percentage_not_recomputed_from_npy,train,"(512, 512)",float32
768,768;769,data/processed/hmi.m_45s.2021.12.22_00_01_30_TAI.magnetogram_processed.npy,hmi.m_45s.2021.12.22_00_01_30_TAI.magnetogram_processed.npy,46c3891ea3c9e1708880792e095ce6aec0f5004e895b9941cd62016f2d932750,2021-12-22T00:01:30,2021-12-22T00:00:53.000Z,2021-12-22,2021-12-22 00:00:22.300,1.7675161361694336,stored_original_4096x4096_pixel_percentage_not_recomputed_from_npy,selection_validation,"(512, 512)",float32
770,770,data/processed/hmi.m_45s.2021.12.23_00_01_30_TAI.magnetogram_processed.npy,hmi.m_45s.2021.12.23_00_01_30_TAI.magnetogram_processed.npy,bbd3deb12cf6801d40e485c4b824974a8ee53ffde912acf005aba421bad3d5d7,2021-12-23T00:01:30,2021-12-23T00:00:53.000Z,2021-12-23,2021-12-23 00:00:22.300,1.7442822456359863,stored_original_4096x4096_pixel_percentage_not_recomputed_from_npy,train,"(512, 512)",float32
771,771;772,data/processed/hmi.m_45s.2021.12.24_00_01_30_TAI.magnetogram_processed.npy,hmi.m_45s.2021.12.24_00_01_30_TAI.magnetogram_processed.npy,ae9df48724d6ce04d0084212c445245be42549c7761b3a3f105c32c66deff572,2021-12-24T00:01:30,2021-12-24T00:00:53.000Z,2021-12-24,2021-12-24 00:00:22.300,1.7423033714294434,stored_original_4096x4096_pixel_percentage_not_recomputed_from_npy,train,"(512, 512)",float32
773,773,data/processed/hmi.m_45s.2021.12.27_00_01_30_TAI.magnetogram_processed.npy,hmi.m_45s.2021.12.27_00_01_30_TAI.magnetogram_processed.npy,f398e41b8b172aaabae793d5d0f35a037d4333bc36fddd3ebbef2ece1a3f13ea,2021-12-27T00:01:30,2021-12-27T00:00:53.000Z,2021-12-27,2021-12-27 00:00:22.200,1.7372071743011477,stored_original_4096x4096_pixel_percentage_not_recomputed_from_npy,train,"(512, 512)",float32
774,774,data/processed/hmi.m_45s.2022.01.02_00_01_30_TAI.magnetogram_processed.npy,hmi.m_45s.2022.01.02_00_01_30_TAI.magnetogram_processed.npy,39a3a89ef4d0481a9331483d2152166dd46e1868303cbcd8839bef590ec9597f,2022-01-02T00:01:30,2022-01-02T00:00:53.000Z,2022-01-02,2022-01-02 00:00:22.100,1.4723896980285645,stored_original_4096x4096_pixel_percentage_not_recomputed_from_npy,train,"(512, 512)",float32
775,775,data/processed/hmi.m_45s.2022.01.03_00_01_30_TAI.magnetogram_processed.npy,hmi.m_45s.2022.01.03_00_01_30_TAI.magnetogram_processed.npy,b13628a4a5fca49e7945c7827b0890a48ce7cd368fdeec2e4e9b0f05019cbb1d,2022-01-03T00:01:30,2022-01-03T00:00:53.000Z,2022-01-03,2022-01-03 00:00:22.100,1.429283618927002,stored_original_4096x4096_pixel_percentage_not_recomputed_from_npy,train,"(512, 512)",float32
776,776,data/processed/hmi.m_45s.2022.01.04_00_01_30_TAI.magnetogram_processed.npy,hmi.m_45s.2022.01.04_00_01_30_TAI.magnetogram_processed.npy,ebb8bec4f592b5b0c74b778616e9a01239a44925bc12db100f2a6359f75d152b,2022-01-04T00:01:30,2022-01-04T00:00:53.000Z,2022-01-04,2022-01-04 00:00:22.100,1.4129459857940674,stored_original_4096x4096_pixel_percentage_not_recomputed_from_npy,selection_validation,"(512, 512)",float32
777,777,data/processed/hmi.m_45s.2022.01.05_00_01_30_TAI.magnetogram_processed.npy,hmi.m_45s.2022.01.05_00_01_30_TAI.magnetogram_processed.npy,1a605fbb63240f4021e8c9bbda95cc2fb6de61d684110f95569e27834b44875c,2022-01-05T00:01:30,2022-01-05T00:00:53.000Z,2022-01-05,2022-01-05 00:00:22.100,1.4175474643707275,stored_original_4096x4096_pixel_percentage_not_recomputed_from_npy,selection_validation,"(512, 512)",float32
778,778,data/processed/hmi.m_45s.2022.01.06_00_01_30_TAI.magnetogram_processed.npy,hmi.m_45s.2022.01.06_00_01_30_TAI.magnetogram_processed.npy,ca14b78fd841cfeda819ba20b8c17dc7b3226397e06c0e51f5620d7124bae6a7,2022-01-06T00:01:30,2022-01-06T00:00:53.000Z,2022-01-06,2022-01-06 00:00:22.100,1.4513492584228516,stored_original_4096x4096_pixel_percentage_not_recomputed_from_npy,train,"(512, 512)",float32
779,779;780,data/processed/hmi.m_45s.2022.01.08_00_01_30_TAI.magnetogram_processed.npy,hmi.m_45s.2022.01.08_00_01_30_TAI.magnetogram_processed.npy,34192e0bc201ae48d10121039d6532a5db5bb600ca5866a2660cf93ea2ddd9c6,2022-01-08T00:01:30,2022-01-08T00:00:53.000Z,2022-01-08,2022-01-08 00:00:22.100,1.5665411949157717,stored_original_4096x4096_pixel_percentage_not_recomputed_from_npy,train,"(512, 512)",float32
781,781,data/processed/hmi.m_45s.2022.01.09_00_01_30_TAI.magnetogram_processed.npy,hmi.m_45s.2022.01.09_00_01_30_TAI.magnetogram_processed.npy,31c024050c335f9d4f69352fde4a15081e3b633e249f679895eac2713b439771,2022-01-09T00:01:30,2022-01-09T00:00:53.000Z,2022-01-09,2022-01-09 00:00:22.100,1.5762388706207275,stored_original_4096x4096_pixel_percentage_not_recomputed_from_npy,train,"(512, 512)",float32
782,782,data/processed/hmi.m_45s.2022.01.10_00_01_30_TAI.magnetogram_processed.npy,hmi.m_45s.2022.01.10_00_01_30_TAI.magnetogram_processed.npy,64529fc2d465fa4ddf698081bb4c312304d384dc0cab9ddc9c90072e993797f1,2022-01-10T00:01:30,2022-01-10T00:00:53.000Z,2022-01-10,2022-01-10 00:00:22.200,1.594388484954834,stored_original_4096x4096_pixel_percentage_not_recomputed_from_npy,train,"(512, 512)",float32
783,783,data/processed/hmi.m_45s.2022.01.20_00_01_30_TAI.magnetogram_processed.npy,hmi.m_45s.2022.01.20_00_01_30_TAI.magnetogram_processed.npy,e3a55404fda69db88fff482ce2b5dee29cd83d67183fe0796947b3707e4ca589,2022-01-20T00:01:30,2022-01-20T00:00:53.000Z,2022-01-20,2022-01-20 00:00:22.400,1.6917407512664795,stored_original_4096x4096_pixel_percentage_not_recomputed_from_npy,train,"(512, 512)",float32
784,784;785;786,data/processed/hmi.m_45s.2022.01.21_00_01_30_TAI.magnetogram_processed.npy,hmi.m_45s.2022.01.21_00_01_30_TAI.magnetogram_processed.npy,32d0b7ec00b75b5669c53a5f5904d3260c6d54b987b9fb2e0a43d55cdcbabbc4,2022-01-21T00:01:30,2022-01-21T00:00:53.000Z,2022-01-21,2022-01-21 00:00:22.500,1.692521572113037,stored_original_4096x4096_pixel_percentage_not_recomputed_from_npy,train,"(512, 512)",float32
787,787,data/processed/hmi.m_45s.2022.01.24_00_01_30_TAI.magnetogram_processed.npy,hmi.m_45s.2022.01.24_00_01_30_TAI.magnetogram_processed.npy,884f146352c31893eea2ad3be9eef8a995e1c7e98f08cf7ee2c666f27958ce5e,2022-01-24T00:01:30,2022-01-24T00:00:53.000Z,2022-01-24,2022-01-24 00:00:22.600,1.6717374324798584,stored_original_4096x4096_pixel_percentage_not_recomputed_from_npy,train,"(512, 512)",float32
788,788;789;790,data/processed/hmi.m_45s.2022.01.25_00_01_30_TAI.magnetogram_processed.npy,hmi.m_45s.2022.01.25_00_01_30_TAI.magnetogram_processed.npy,44bf5aca88d4dd203b4996cf3e69ddd527c82d8b96e7b5bfb6c71a985127c258,2022-01-25T00:01:30,2022-01-25T00:00:53.000Z,2022-01-25,2022-01-25 00:00:22.700,1.655864715576172,stored_original_4096x4096_pixel_percentage_not_recomputed_from_npy,selection_validation,"(512, 512)",float32
791,791,data/processed/hmi.m_45s.2022.01.29_00_01_30_TAI.magnetogram_processed.npy,hmi.m_45s.2022.01.29_00_01_30_TAI.magnetogram_processed.npy,470b83a9a4c56e02a7d3e4fdacfe9ed2ac684073097e2d597958ee40869f8e40,2022-01-29T00:01:30,2022-01-29T00:00:53.000Z,2022-01-29,2022-01-29 00:00:22.900,1.7691373825073242,stored_original_4096x4096_pixel_percentage_not_recomputed_from_npy,train,"(512, 512)",float32
792,792,data/processed/hmi.m_45s.2022.02.01_00_01_30_TAI.magnetogram_processed.npy,hmi.m_45s.2022.02.01_00_01_30_TAI.magnetogram_processed.npy,6210863cc3ecb06d6b256cd8928fbd228862e260437d04d339364587582baa69,2022-02-01T00:01:30,2022-02-01T00:00:53.000Z,2022-02-01,2022-02-01 00:00:23.100,1.8581092357635496,stored_original_4096x4096_pixel_percentage_not_recomputed_from_npy,train,"(512, 512)",float32
793,793,data/processed/hmi.m_45s.2022.02.05_00_01_30_TAI.magnetogram_processed.npy,hmi.m_45s.2022.02.05_00_01_30_TAI.magnetogram_processed.npy,90c0b6f3220c35ed0cf56e52c9a567c0ec34c950cdaa532eaacd2587fbbc771d,2022-02-05T00:01:30,2022-02-05T00:00:53.000Z,2022-02-05,2022-02-05 00:00:23.400,1.9538938999176023,stored_original_4096x4096_pixel_percentage_not_recomputed_from_npy,train,"(512, 512)",float32
794,794,data/processed/hmi.m_45s.2022.02.09_00_01_30_TAI.magnetogram_processed.npy,hmi.m_45s.2022.02.09_00_01_30_TAI.magnetogram_processed.npy,1f7533083bb3c06d6b18111decf11137d86272d6fa97014560701cbdd7d41367,2022-02-09T00:01:30,2022-02-09T00:00:53.000Z,2022-02-09,2022-02-09 00:00:23.700,1.9395828247070312,stored_original_4096x4096_pixel_percentage_not_recomputed_from_npy,train,"(512, 512)",float32
795,795,data/processed/hmi.m_45s.2022.02.15_00_01_30_TAI.magnetogram_processed.npy,hmi.m_45s.2022.02.15_00_01_30_TAI.magnetogram_processed.npy,815d5c99b3f4763a25335040bae0410c85182c3680d682364951d8d85dea0592,2022-02-15T00:01:30,2022-02-15T00:00:53.000Z,2022-02-15,2022-02-15 00:00:24.300,1.784217357635498,stored_original_4096x4096_pixel_percentage_not_recomputed_from_npy,train,"(512, 512)",float32
796,796,data/processed/hmi.m_45s.2022.02.18_00_01_30_TAI.magnetogram_processed.npy,hmi.m_45s.2022.02.18_00_01_30_TAI.magnetogram_processed.npy,067c39316447a630b8bbc3a2b7370a73faf63a2badb403c349cef68fc9ce20cd,2022-02-18T00:01:30,2022-02-18T00:00:53.000Z,2022-02-18,2022-02-18 00:00:24.600,1.761084794998169,stored_original_4096x4096_pixel_percentage_not_recomputed_from_npy,train,"(512, 512)",float32
797,797,data/processed/hmi.m_45s.2022.03.01_00_01_30_TAI.magnetogram_processed.npy,hmi.m_45s.2022.03.01_00_01_30_TAI.magnetogram_processed.npy,cfa3cc141f675aa07b77d5e93e551880a3007158686fd944ed59f70131a36a48,2022-03-01T00:01:30,2022-03-01T00:00:53.000Z,2022-03-01,2022-03-01 00:00:25.800,1.7596781253814695,stored_original_4096x4096_pixel_percentage_not_recomputed_from_npy,train,"(512, 512)",float32
798,798;799,data/processed/hmi.m_45s.2022.03.08_00_01_30_TAI.magnetogram_processed.npy,hmi.m_45s.2022.03.08_00_01_30_TAI.magnetogram_processed.npy,a87626e0b5f05b5aa457fa3a79c5f376cb363d4688eac05b63070c25df594756,2022-03-08T00:01:30,2022-03-08T00:00:53.000Z,2022-03-08,2022-03-08 00:00:26.700,1.9575119018554688,stored_original_4096x4096_pixel_percentage_not_recomputed_from_npy,train,"(512, 512)",float32
800,800,data/processed/hmi.m_45s.2022.03.11_00_01_30_TAI.magnetogram_processed.npy,hmi.m_45s.2022.03.11_00_01_30_TAI.magnetogram_processed.npy,39f7c5e4d33bf0d963d057a5bff206e0998efe9aa14c6c8c600af0268923ef62,2022-03-11T00:01:30,2022-03-11T00:00:53.000Z,2022-03-11,2022-03-11 00:00:27.100,1.8971264362335205,stored_original_4096x4096_pixel_percentage_not_recomputed_from_npy,selection_validation,"(512, 512)",float32
801,801;802,data/processed/hmi.m_45s.2022.03.17_00_01_30_TAI.magnetogram_processed.npy,hmi.m_45s.2022.03.17_00_01_30_TAI.magnetogram_processed.npy,bcfbc5d49a42a94e094155d1170ec731003b04946ff84c78ebddf489bc5f43f7,2022-03-17T00:01:30,2022-03-17T00:00:53.000Z,2022-03-17,2022-03-17 00:00:27.900,1.785033941268921,stored_original_4096x4096_pixel_percentage_not_recomputed_from_npy,train,"(512, 512)",float32
803,803;804,data/processed/hmi.m_45s.2022.03.20_00_01_30_TAI.magnetogram_processed.npy,hmi.m_45s.2022.03.20_00_01_30_TAI.magnetogram_processed.npy,02e3075d81b7bf2336b2a6d434c018a5b3fe07491bb3f0d88baf1994d5fe86e4,2022-03-20T00:01:30,2022-03-20T00:00:53.000Z,2022-03-20,2022-03-20 00:00:28.300,1.6364634037017822,stored_original_4096x4096_pixel_percentage_not_recomputed_from_npy,train,"(512, 512)",float32
805,805,data/processed/hmi.m_45s.2022.03.21_00_01_30_TAI.magnetogram_processed.npy,hmi.m_45s.2022.03.21_00_01_30_TAI.magnetogram_processed.npy,c983c625676826c76ed0fe0e7790482afdcd08853e0516252f0b77a2fd965307,2022-03-21T00:01:30,2022-03-21T00:00:53.000Z,2022-03-21,2022-03-21 00:00:28.400,1.6127288341522217,stored_original_4096x4096_pixel_percentage_not_recomputed_from_npy,train,"(512, 512)",float32
806,806,data/processed/hmi.m_45s.2022.03.23_00_01_30_TAI.magnetogram_processed.npy,hmi.m_45s.2022.03.23_00_01_30_TAI.magnetogram_processed.npy,b685de84c17857ff52ecf2e3016434ededb3cb219d7ddaabf7122679c196a3ce,2022-03-23T00:01:30,2022-03-23T00:00:53.000Z,2022-03-23,2022-03-23 00:00:28.700,1.636981964111328,stored_original_4096x4096_pixel_percentage_not_recomputed_from_npy,train,"(512, 512)",float32
807,807;808,data/processed/hmi.m_45s.2022.03.24_00_01_30_TAI.magnetogram_processed.npy,hmi.m_45s.2022.03.24_00_01_30_TAI.magnetogram_processed.npy,68dc2c3623c8a8be43afbb383846d8e91f8053876c11f4c5a8c89d222e6743b4,2022-03-24T00:01:30,2022-03-24T00:00:53.000Z,2022-03-24,2022-03-24 00:00:28.900,1.679617166519165,stored_original_4096x4096_pixel_percentage_not_recomputed_from_npy,train,"(512, 512)",float32
809,809,data/processed/hmi.m_45s.2022.03.25_00_01_30_TAI.magnetogram_processed.npy,hmi.m_45s.2022.03.25_00_01_30_TAI.magnetogram_processed.npy,0649eb73df8aca13f850e5cc3c1fe0cfa3db1eab712f491ca10cfe5946d05e72,2022-03-25T00:01:30,2022-03-25T00:00:53.000Z,2022-03-25,2022-03-25 00:00:29.000,1.7170906066894531,stored_original_4096x4096_pixel_percentage_not_recomputed_from_npy,train,"(512, 512)",float32
810,810,data/processed/hmi.m_45s.2022.03.28_00_01_30_TAI.magnetogram_processed.npy,hmi.m_45s.2022.03.28_00_01_30_TAI.magnetogram_processed.npy,298dded8370696077ce460c2f432cc21d0470b66e572c706d37ef2ba4f353e9f,2022-03-28T00:01:30,2022-03-28T00:00:53.000Z,2022-03-28,2022-03-28 00:00:29.500,1.947987079620361,stored_original_4096x4096_pixel_percentage_not_recomputed_from_npy,selection_validation,"(512, 512)",float32
811,811;812,data/processed/hmi.m_45s.2022.03.29_00_01_30_TAI.magnetogram_processed.npy,hmi.m_45s.2022.03.29_00_01_30_TAI.magnetogram_processed.npy,cb5a199a4483ea0bb9b4f62053c99f2c7ea035d35b5ecc1ac767987d953503c5,2022-03-29T00:01:30,2022-03-29T00:00:53.000Z,2022-03-29,2022-03-29 00:00:29.600,2.057671546936035,stored_original_4096x4096_pixel_percentage_not_recomputed_from_npy,train,"(512, 512)",float32
813,813;814,data/processed/hmi.m_45s.2022.03.30_00_01_30_TAI.magnetogram_processed.npy,hmi.m_45s.2022.03.30_00_01_30_TAI.magnetogram_processed.npy,f64b967b6f71e816e31dbf38bd576baddbb2e34c4db0b29eec24c254c7567366,2022-03-30T00:01:30,2022-03-30T00:00:53.000Z,2022-03-30,2022-03-30 00:00:29.700,2.050173282623291,stored_original_4096x4096_pixel_percentage_not_recomputed_from_npy,train,"(512, 512)",float32
815,815,data/processed/hmi.m_45s.2022.04.01_00_01_30_TAI.magnetogram_processed.npy,hmi.m_45s.2022.04.01_00_01_30_TAI.magnetogram_processed.npy,82c59af48d4341bce008c23ef699675ef598fc426703bcb71c8747b288c62a24,2022-04-01T00:01:30,2022-04-01T00:00:53.000Z,2022-04-01,2022-04-01 00:00:30.000,1.9804418087005615,stored_original_4096x4096_pixel_percentage_not_recomputed_from_npy,selection_validation,"(512, 512)",float32
816,816;817,data/processed/hmi.m_45s.2022.04.03_00_01_30_TAI.magnetogram_processed.npy,hmi.m_45s.2022.04.03_00_01_30_TAI.magnetogram_processed.npy,8a11eda567b5a60250fa63b06298c01b174387bdeb79176b26c28157900094a5,2022-04-03T00:01:30,2022-04-03T00:00:53.000Z,2022-04-03,2022-04-03 00:00:30.300,2.0090699195861816,stored_original_4096x4096_pixel_percentage_not_recomputed_from_npy,train,"(512, 512)",float32
818,818;819,data/processed/hmi.m_45s.2022.04.05_00_01_30_TAI.magnetogram_processed.npy,hmi.m_45s.2022.04.05_00_01_30_TAI.magnetogram_processed.npy,cb19534ab7f29460246760dba9cf3f59d1264694437e508b66bcb01ba76b3766,2022-04-05T00:01:30,2022-04-05T00:00:53.000Z,2022-04-05,2022-04-05 00:00:30.600,1.930135488510132,stored_original_4096x4096_pixel_percentage_not_recomputed_from_npy,selection_validation,"(512, 512)",float32
820,820,data/processed/hmi.m_45s.2022.04.06_00_01_30_TAI.magnetogram_processed.npy,hmi.m_45s.2022.04.06_00_01_30_TAI.magnetogram_processed.npy,9d753eb3db5363c8dfd8403ef186a04ac5e77e29d8e81a449b91dfc1d6dc047b,2022-04-06T00:01:30,2022-04-06T00:00:53.000Z,2022-04-06,2022-04-06 00:00:30.700,1.900959014892578,stored_original_4096x4096_pixel_percentage_not_recomputed_from_npy,train,"(512, 512)",float32
821,821,data/processed/hmi.m_45s.2022.04.09_00_01_30_TAI.magnetogram_processed.npy,hmi.m_45s.2022.04.09_00_01_30_TAI.magnetogram_processed.npy,579cc023b4540cbd134560fa212a936907ed5a24964765b80b54fd08ee152f00,2022-04-09T00:01:30,2022-04-09T00:00:53.000Z,2022-04-09,2022-04-09 00:00:31.200,1.6998291015625,stored_original_4096x4096_pixel_percentage_not_recomputed_from_npy,train,"(512, 512)",float32
822,822,data/processed/hmi.m_45s.2022.04.15_00_01_30_TAI.magnetogram_processed.npy,hmi.m_45s.2022.04.15_00_01_30_TAI.magnetogram_processed.npy,95457053b50d853a3258ca5b502aeba1949f45786ecebf1166381c5cc20b43fc,2022-04-15T00:01:30,2022-04-15T00:00:53.000Z,2022-04-15,2022-04-15 00:00:32.000,1.5562117099761963,stored_original_4096x4096_pixel_percentage_not_recomputed_from_npy,train,"(512, 512)",float32
823,823,data/processed/hmi.m_45s.2022.04.17_00_01_30_TAI.magnetogram_processed.npy,hmi.m_45s.2022.04.17_00_01_30_TAI.magnetogram_processed.npy,cdcb863a08118cc2fbf5aacf0c8eb94f3ff5ae13a48d48bbd221cfc379a9ccb2,2022-04-17T00:01:30,2022-04-17T00:00:53.000Z,2022-04-17,2022-04-17 00:00:32.300,1.680833101272583,stored_original_4096x4096_pixel_percentage_not_recomputed_from_npy,selection_validation,"(512, 512)",float32
824,824;825,data/processed/hmi.m_45s.2022.04.19_00_01_30_TAI.magnetogram_processed.npy,hmi.m_45s.2022.04.19_00_01_30_TAI.magnetogram_processed.npy,ce1b75191e70b33401f95ce86004c3f494a0865cff445c0be165423db3edb555,2022-04-19T00:01:30,2022-04-19T00:00:53.000Z,2022-04-19,2022-04-19 00:00:32.600,1.8456876277923584,stored_original_4096x4096_pixel_percentage_not_recomputed_from_npy,train,"(512, 512)",float32
826,826;827,data/processed/hmi.m_45s.2022.04.20_00_01_30_TAI.magnetogram_processed.npy,hmi.m_45s.2022.04.20_00_01_30_TAI.magnetogram_processed.npy,050ee133570d2b26709ba50fd28ff7e7a5e9626fa934f3ba44eb342f2c99d9b9,2022-04-20T00:01:30,2022-04-20T00:00:53.000Z,2022-04-20,2022-04-20 00:00:32.700,1.970285177230835,stored_original_4096x4096_pixel_percentage_not_recomputed_from_npy,train,"(512, 512)",float32
828,828,data/processed/hmi.m_45s.2022.04.21_00_01_30_TAI.magnetogram_processed.npy,hmi.m_45s.2022.04.21_00_01_30_TAI.magnetogram_processed.npy,2bb0b9d9732b5a98de0b80de71d294d6fc52fe6ee746bb90af2fa3ff73da0ae3,2022-04-21T00:01:30,2022-04-21T00:00:53.000Z,2022-04-21,2022-04-21 00:00:32.800,1.9307076930999756,stored_original_4096x4096_pixel_percentage_not_recomputed_from_npy,train,"(512, 512)",float32
829,829,data/processed/hmi.m_45s.2022.04.22_00_01_30_TAI.magnetogram_processed.npy,hmi.m_45s.2022.04.22_00_01_30_TAI.magnetogram_processed.npy,f692b51a48886ec1b4f680a0b93e75ff9f6aa822c879ba0b15a2f43e94de919e,2022-04-22T00:01:30,2022-04-22T00:00:53.000Z,2022-04-22,2022-04-22 00:00:33.000,1.9859492778778076,stored_original_4096x4096_pixel_percentage_not_recomputed_from_npy,selection_validation,"(512, 512)",float32
830,830;831,data/processed/hmi.m_45s.2022.04.25_00_01_30_TAI.magnetogram_processed.npy,hmi.m_45s.2022.04.25_00_01_30_TAI.magnetogram_processed.npy,3571a031285d62de8a9a4637d61e855b8c3e57e8a94df62fb338abb19a827638,2022-04-25T00:01:30,2022-04-25T00:00:53.000Z,2022-04-25,2022-04-25 00:00:33.400,2.0416855812072754,stored_original_4096x4096_pixel_percentage_not_recomputed_from_npy,train,"(512, 512)",float32
832,832;833,data/processed/hmi.m_45s.2022.04.29_00_01_30_TAI.magnetogram_processed.npy,hmi.m_45s.2022.04.29_00_01_30_TAI.magnetogram_processed.npy,6c8c5a8513922cd15de5f6766bfe3ea88ada7a8b2541cb793b4f0a76e7b6ebee,2022-04-29T00:01:30,2022-04-29T00:00:53.000Z,2022-04-29,2022-04-29 00:00:33.900,1.8158197402954104,stored_original_4096x4096_pixel_percentage_not_recomputed_from_npy,train,"(512, 512)",float32
834,834,data/processed/hmi.m_45s.2022.05.01_00_01_30_TAI.magnetogram_processed.npy,hmi.m_45s.2022.05.01_00_01_30_TAI.magnetogram_processed.npy,bd13155457fd2ff2b1284403486f7a64a5bce9c08a5d7244a07fbcba8cb43f29,2022-05-01T00:01:30,2022-05-01T00:00:53.000Z,2022-05-01,2022-05-01 00:00:34.200,1.6981184482574463,stored_original_4096x4096_pixel_percentage_not_recomputed_from_npy,train,"(512, 512)",float32
835,835;836,data/processed/hmi.m_45s.2022.05.05_00_01_30_TAI.magnetogram_processed.npy,hmi.m_45s.2022.05.05_00_01_30_TAI.magnetogram_processed.npy,046642be8128b55f8e67b9ffd05f985d35786439e03f6add5502f82f0e2dc407,2022-05-05T00:01:30,2022-05-05T00:00:53.000Z,2022-05-05,2022-05-05 00:00:34.700,1.654183864593506,stored_original_4096x4096_pixel_percentage_not_recomputed_from_npy,selection_validation,"(512, 512)",float32
837,837,data/processed/hmi.m_45s.2022.05.07_00_01_30_TAI.magnetogram_processed.npy,hmi.m_45s.2022.05.07_00_01_30_TAI.magnetogram_processed.npy,cb56e37e40b85268dbbb0853617fb5bf49e339017582d3240aaa81b50f3ec49a,2022-05-07T00:01:30,2022-05-07T00:00:53.000Z,2022-05-07,2022-05-07 00:00:34.900,1.6609489917755127,stored_original_4096x4096_pixel_percentage_not_recomputed_from_npy,train,"(512, 512)",float32
838,838,data/processed/hmi.m_45s.2022.05.08_00_01_30_TAI.magnetogram_processed.npy,hmi.m_45s.2022.05.08_00_01_30_TAI.magnetogram_processed.npy,5363c2051f7c7d8e4bff226917c6e9bd150eb1444b3511366e84ee561d5205a3,2022-05-08T00:01:30,2022-05-08T00:00:53.000Z,2022-05-08,2022-05-08 00:00:35.000,1.65330171585083,stored_original_4096x4096_pixel_percentage_not_recomputed_from_npy,train,"(512, 512)",float32
839,839,data/processed/hmi.m_45s.2022.05.11_00_01_30_TAI.magnetogram_processed.npy,hmi.m_45s.2022.05.11_00_01_30_TAI.magnetogram_processed.npy,b8ce936974c66b61eeaa6d140c398ad77f1cacb40fcf8c7eba207171a2d95623,2022-05-11T00:01:30,2022-05-11T00:00:53.000Z,2022-05-11,2022-05-11 00:00:35.400,1.6711831092834473,stored_original_4096x4096_pixel_percentage_not_recomputed_from_npy,train,"(512, 512)",float32
840,840,data/processed/hmi.m_45s.2022.05.15_00_01_30_TAI.magnetogram_processed.npy,hmi.m_45s.2022.05.15_00_01_30_TAI.magnetogram_processed.npy,9848f45cb5f185957a3e7e10b80275d71c0bcdbb3289ea92dd8423eeb820a659,2022-05-15T00:01:30,2022-05-15T00:00:53.000Z,2022-05-15,2022-05-15 00:00:35.800,1.7981290817260742,stored_original_4096x4096_pixel_percentage_not_recomputed_from_npy,train,"(512, 512)",float32
841,841,data/processed/hmi.m_45s.2022.05.17_00_01_30_TAI.magnetogram_processed.npy,hmi.m_45s.2022.05.17_00_01_30_TAI.magnetogram_processed.npy,4705710c2e6375908fe026658d0a8296891f6faed2284ae05154d0a1daf0afff,2022-05-17T00:01:30,2022-05-17T00:00:53.000Z,2022-05-17,2022-05-17 00:00:36.000,1.9435763359069824,stored_original_4096x4096_pixel_percentage_not_recomputed_from_npy,selection_validation,"(512, 512)",float32
842,842,data/processed/hmi.m_45s.2022.05.18_00_01_30_TAI.magnetogram_processed.npy,hmi.m_45s.2022.05.18_00_01_30_TAI.magnetogram_processed.npy,aa99a3c082fec529131f58d6b90444e7be78c8dde8ae8fd5dbcb52507145a20b,2022-05-18T00:01:30,2022-05-18T00:00:53.000Z,2022-05-18,2022-05-18 00:00:36.100,2.0181119441986084,stored_original_4096x4096_pixel_percentage_not_recomputed_from_npy,selection_validation,"(512, 512)",float32
843,843,data/processed/hmi.m_45s.2022.05.19_00_01_30_TAI.magnetogram_processed.npy,hmi.m_45s.2022.05.19_00_01_30_TAI.magnetogram_processed.npy,cd674d4fad16cbe64b441b8e307ad23a6b39694805c1a50daff085e837d3be90,2022-05-19T00:01:30,2022-05-19T00:00:53.000Z,2022-05-19,2022-05-19 00:00:36.200,2.087336778640747,stored_original_4096x4096_pixel_percentage_not_recomputed_from_npy,train,"(512, 512)",float32
844,844;845,data/processed/hmi.m_45s.2022.05.20_00_01_30_TAI.magnetogram_processed.npy,hmi.m_45s.2022.05.20_00_01_30_TAI.magnetogram_processed.npy,d299c94a3f337768933689a6d755d4663884f4ff73b107dd6e7f3ea19cbccfb1,2022-05-20T00:01:30,2022-05-20T00:00:53.000Z,2022-05-20,2022-05-20 00:00:36.300,2.099162340164185,stored_original_4096x4096_pixel_percentage_not_recomputed_from_npy,train,"(512, 512)",float32
846,846,data/processed/hmi.m_45s.2022.05.25_00_01_30_TAI.magnetogram_processed.npy,hmi.m_45s.2022.05.25_00_01_30_TAI.magnetogram_processed.npy,511e41adbe209ebc87d7dd290d7fd3c69dcf9624a4c376023dc515f47217ee8f,2022-05-25T00:01:30,2022-05-25T00:00:53.000Z,2022-05-25,2022-05-25 00:00:36.800,1.7882466316223145,stored_original_4096x4096_pixel_percentage_not_recomputed_from_npy,train,"(512, 512)",float32
847,847,data/processed/hmi.m_45s.2022.05.29_00_01_30_TAI.magnetogram_processed.npy,hmi.m_45s.2022.05.29_00_01_30_TAI.magnetogram_processed.npy,eba236926632ef2634ca5996fddb846f00b754f7fffed33bc471d91eff72c323,2022-05-29T00:01:30,2022-05-29T00:00:53.000Z,2022-05-29,2022-05-29 00:00:37.200,1.5343248844146729,stored_original_4096x4096_pixel_percentage_not_recomputed_from_npy,train,"(512, 512)",float32
848,848,data/processed/hmi.m_45s.2022.05.31_00_01_30_TAI.magnetogram_processed.npy,hmi.m_45s.2022.05.31_00_01_30_TAI.magnetogram_processed.npy,203315d63a9ce0acba3e4eb0531bd8a9719d6303a918bfe48d7a279d1445d22e,2022-05-31T00:01:30,2022-05-31T00:00:53.000Z,2022-05-31,2022-05-31 00:00:37.300,1.4971256256103516,stored_original_4096x4096_pixel_percentage_not_recomputed_from_npy,selection_validation,"(512, 512)",float32
849,849,data/processed/hmi.m_45s.2022.06.01_00_01_30_TAI.magnetogram_processed.npy,hmi.m_45s.2022.06.01_00_01_30_TAI.magnetogram_processed.npy,0e5666abb542842855da84b9d71ac955717db79a39ee61c92ac580b49f1ec887,2022-06-01T00:01:30,2022-06-01T00:00:53.000Z,2022-06-01,2022-06-01 00:00:37.400,1.4875411987304688,stored_original_4096x4096_pixel_percentage_not_recomputed_from_npy,train,"(512, 512)",float32
850,850,data/processed/hmi.m_45s.2022.06.04_00_01_30_TAI.magnetogram_processed.npy,hmi.m_45s.2022.06.04_00_01_30_TAI.magnetogram_processed.npy,9c8cb2e75771a23cfdb5cfb6cbe7754b8845992250539a782148ebd6bd788d3c,2022-06-04T00:01:30,2022-06-04T00:00:53.000Z,2022-06-04,2022-06-04 00:00:37.600,1.4944016933441162,stored_original_4096x4096_pixel_percentage_not_recomputed_from_npy,selection_validation,"(512, 512)",float32
851,851;852,data/processed/hmi.m_45s.2022.06.07_00_01_30_TAI.magnetogram_processed.npy,hmi.m_45s.2022.06.07_00_01_30_TAI.magnetogram_processed.npy,23e4a2b0126a2a4f0b0563436c9e239505ea934d7e4a36b0b110745941aa730d,2022-06-07T00:01:30,2022-06-07T00:00:53.000Z,2022-06-07,2022-06-07 00:00:37.800,1.5161693096160889,stored_original_4096x4096_pixel_percentage_not_recomputed_from_npy,train,"(512, 512)",float32
853,853,data/processed/hmi.m_45s.2022.06.08_00_01_30_TAI.magnetogram_processed.npy,hmi.m_45s.2022.06.08_00_01_30_TAI.magnetogram_processed.npy,4a1b7d55f8d21a37b5ad10eb550e1e8b0800d36cf1dd675a7ac2f03a85252bed,2022-06-08T00:01:30,2022-06-08T00:00:53.000Z,2022-06-08,2022-06-08 00:00:37.900,1.5299022197723389,stored_original_4096x4096_pixel_percentage_not_recomputed_from_npy,train,"(512, 512)",float32
854,854,data/processed/hmi.m_45s.2022.06.12_00_01_30_TAI.magnetogram_processed.npy,hmi.m_45s.2022.06.12_00_01_30_TAI.magnetogram_processed.npy,73866f95ebf018b0f9cc48ade863c6e59b698ab3683f8c5bbf757860900afd4c,2022-06-12T00:01:30,2022-06-12T00:00:53.000Z,2022-06-12,2022-06-12 00:00:38.100,1.6487956047058103,stored_original_4096x4096_pixel_percentage_not_recomputed_from_npy,train,"(512, 512)",float32
855,855,data/processed/hmi.m_45s.2022.06.15_00_01_30_TAI.magnetogram_processed.npy,hmi.m_45s.2022.06.15_00_01_30_TAI.magnetogram_processed.npy,ab9d7c3d01b2d9087a6610307f0699b1b1038f4c6ea81e520834e4dded35270a,2022-06-15T00:01:30,2022-06-15T00:00:53.000Z,2022-06-15,2022-06-15 00:00:38.300,1.9073724746704104,stored_original_4096x4096_pixel_percentage_not_recomputed_from_npy,train,"(512, 512)",float32
856,856,data/processed/hmi.m_45s.2022.06.16_00_01_30_TAI.magnetogram_processed.npy,hmi.m_45s.2022.06.16_00_01_30_TAI.magnetogram_processed.npy,89c856214743ed2af6b82cef681a58d19c892f3fb2296fd4e7010e0715d91f5a,2022-06-16T00:01:30,2022-06-16T00:00:53.000Z,2022-06-16,2022-06-16 00:00:38.300,1.9489586353302,stored_original_4096x4096_pixel_percentage_not_recomputed_from_npy,train,"(512, 512)",float32
857,857,data/processed/hmi.m_45s.2022.06.22_00_01_30_TAI.magnetogram_processed.npy,hmi.m_45s.2022.06.22_00_01_30_TAI.magnetogram_processed.npy,7eacefa261c124e67926169021ac4ee275a775c631f5ea0885077c137c83a008,2022-06-22T00:01:30,2022-06-22T00:00:53.000Z,2022-06-22,2022-06-22 00:00:38.600,1.7033815383911133,stored_original_4096x4096_pixel_percentage_not_recomputed_from_npy,train,"(512, 512)",float32
858,858,data/processed/hmi.m_45s.2022.06.25_00_01_30_TAI.magnetogram_processed.npy,hmi.m_45s.2022.06.25_00_01_30_TAI.magnetogram_processed.npy,48893c12abf749c029d0cd2938e80cbeedfc357819fb628a3aabf8aa50998b4a,2022-06-25T00:01:30,2022-06-25T00:00:53.000Z,2022-06-25,2022-06-25 00:00:38.700,1.6070544719696045,stored_original_4096x4096_pixel_percentage_not_recomputed_from_npy,train,"(512, 512)",float32
859,859,data/processed/hmi.m_45s.2022.06.27_00_01_30_TAI.magnetogram_processed.npy,hmi.m_45s.2022.06.27_00_01_30_TAI.magnetogram_processed.npy,3d39a94b522df80d3efd96e01029eaf15630ae1bf31d04d6a57aac6664ec9140,2022-06-27T00:01:30,2022-06-27T00:00:53.000Z,2022-06-27,2022-06-27 00:00:38.700,1.5591442584991455,stored_original_4096x4096_pixel_percentage_not_recomputed_from_npy,train,"(512, 512)",float32
860,860,data/processed/hmi.m_45s.2022.06.28_00_01_30_TAI.magnetogram_processed.npy,hmi.m_45s.2022.06.28_00_01_30_TAI.magnetogram_processed.npy,e9748491e5cd2574c46023f6ffa6f83bfc6c56d33590ba984f95ea5dea9dd95c,2022-06-28T00:01:30,2022-06-28T00:00:53.000Z,2022-06-28,2022-06-28 00:00:38.700,1.5498220920562744,stored_original_4096x4096_pixel_percentage_not_recomputed_from_npy,train,"(512, 512)",float32
861,861,data/processed/hmi.m_45s.2022.06.29_00_01_30_TAI.magnetogram_processed.npy,hmi.m_45s.2022.06.29_00_01_30_TAI.magnetogram_processed.npy,ff636a9a45df94c767591378882236bb6ae8f2f4c8b22c3112624040e6b2d552,2022-06-29T00:01:30,2022-06-29T00:00:53.000Z,2022-06-29,2022-06-29 00:00:38.700,1.518404483795166,stored_original_4096x4096_pixel_percentage_not_recomputed_from_npy,train,"(512, 512)",float32
862,862;863,data/processed/hmi.m_45s.2022.07.01_00_01_30_TAI.magnetogram_processed.npy,hmi.m_45s.2022.07.01_00_01_30_TAI.magnetogram_processed.npy,6f3aacfa93b3a1ecb0608e1477e4cd6e27d9283f07cf498c1b4fbc0a14d775e1,2022-07-01T00:01:30,2022-07-01T00:00:53.000Z,2022-07-01,2022-07-01 00:00:38.800,1.505190134048462,stored_original_4096x4096_pixel_percentage_not_recomputed_from_npy,train,"(512, 512)",float32
864,864,data/processed/hmi.m_45s.2022.07.06_00_01_30_TAI.magnetogram_processed.npy,hmi.m_45s.2022.07.06_00_01_30_TAI.magnetogram_processed.npy,7438685a7e3830a23b6bbf935e4d3cc19e4efc9a302e3b167db3e67ca70d4112,2022-07-06T00:01:30,2022-07-06T00:00:53.000Z,2022-07-06,2022-07-06 00:00:38.800,1.6313612461090088,stored_original_4096x4096_pixel_percentage_not_recomputed_from_npy,train,"(512, 512)",float32
865,865,data/processed/hmi.m_45s.2022.07.10_00_01_30_TAI.magnetogram_processed.npy,hmi.m_45s.2022.07.10_00_01_30_TAI.magnetogram_processed.npy,c4285c6fc2e015ea93ce3e128bb818720d83f84aaa1c69e08c43f6aadeb47022,2022-07-10T00:01:30,2022-07-10T00:00:53.000Z,2022-07-10,2022-07-10 00:00:38.700,1.8930912017822263,stored_original_4096x4096_pixel_percentage_not_recomputed_from_npy,train,"(512, 512)",float32
866,866,data/processed/hmi.m_45s.2022.07.13_00_01_30_TAI.magnetogram_processed.npy,hmi.m_45s.2022.07.13_00_01_30_TAI.magnetogram_processed.npy,473d500c428b9b8c3b784b0fa89543645f6272bb0b1257119a0731a29b3baea3,2022-07-13T00:01:30,2022-07-13T00:00:53.000Z,2022-07-13,2022-07-13 00:00:38.700,2.092152833938598,stored_original_4096x4096_pixel_percentage_not_recomputed_from_npy,selection_validation,"(512, 512)",float32
867,867,data/processed/hmi.m_45s.2022.07.14_00_01_30_TAI.magnetogram_processed.npy,hmi.m_45s.2022.07.14_00_01_30_TAI.magnetogram_processed.npy,94155d897e69dff97a2b6510f6f62e8db3333379d47f02d4758258b0148b9631,2022-07-14T00:01:30,2022-07-14T00:00:53.000Z,2022-07-14,2022-07-14 00:00:38.700,2.0890533924102783,stored_original_4096x4096_pixel_percentage_not_recomputed_from_npy,train,"(512, 512)",float32
868,868;869,data/processed/hmi.m_45s.2022.07.16_00_01_30_TAI.magnetogram_processed.npy,hmi.m_45s.2022.07.16_00_01_30_TAI.magnetogram_processed.npy,bfadf0e636d9c0d445afdfb83315bcf3873c884c697d4dc039b99c47548d0a3e,2022-07-16T00:01:30,2022-07-16T00:00:53.000Z,2022-07-16,2022-07-16 00:00:38.600,2.0464718341827393,stored_original_4096x4096_pixel_percentage_not_recomputed_from_npy,train,"(512, 512)",float32
870,870,data/processed/hmi.m_45s.2022.07.20_00_01_30_TAI.magnetogram_processed.npy,hmi.m_45s.2022.07.20_00_01_30_TAI.magnetogram_processed.npy,6ef645dc735889f3a8aa86770432a2c5be1df6932267ad08aa5509634c191767,2022-07-20T00:01:30,2022-07-20T00:00:53.000Z,2022-07-20,2022-07-20 00:00:38.500,1.8361032009124756,stored_original_4096x4096_pixel_percentage_not_recomputed_from_npy,train,"(512, 512)",float32
871,871,data/processed/hmi.m_45s.2022.07.21_00_01_30_TAI.magnetogram_processed.npy,hmi.m_45s.2022.07.21_00_01_30_TAI.magnetogram_processed.npy,a0eead6398f5055eec9223281fcf0a7727d7fd9437b63bd8d25aba2c91709a2a,2022-07-21T00:01:30,2022-07-21T00:00:53.000Z,2022-07-21,2022-07-21 00:00:38.500,1.78566575050354,stored_original_4096x4096_pixel_percentage_not_recomputed_from_npy,train,"(512, 512)",float32
872,872;873,data/processed/hmi.m_45s.2022.07.22_00_01_30_TAI.magnetogram_processed.npy,hmi.m_45s.2022.07.22_00_01_30_TAI.magnetogram_processed.npy,2eec84f4466da2cc031579d4262c8efdeed1a6dac4ee335cb47f3a6794a06b97,2022-07-22T00:01:30,2022-07-22T00:00:53.000Z,2022-07-22,2022-07-22 00:00:38.500,1.7218530178070068,stored_original_4096x4096_pixel_percentage_not_recomputed_from_npy,train,"(512, 512)",float32
874,874;875,data/processed/hmi.m_45s.2022.07.23_00_01_30_TAI.magnetogram_processed.npy,hmi.m_45s.2022.07.23_00_01_30_TAI.magnetogram_processed.npy,192ad5585e10789c1d3233ee1a965dbe57680b3862c3631b838137bd092a44c2,2022-07-23T00:01:30,2022-07-23T00:00:53.000Z,2022-07-23,2022-07-23 00:00:38.400,1.7036199569702148,stored_original_4096x4096_pixel_percentage_not_recomputed_from_npy,train,"(512, 512)",float32
876,876,data/processed/hmi.m_45s.2022.07.25_00_01_30_TAI.magnetogram_processed.npy,hmi.m_45s.2022.07.25_00_01_30_TAI.magnetogram_processed.npy,193bf4d335b7fd812cc460736c4155e6c5c259d347b8686764767840f16328f5,2022-07-25T00:01:30,2022-07-25T00:00:53.000Z,2022-07-25,2022-07-25 00:00:38.300,1.6164898872375488,stored_original_4096x4096_pixel_percentage_not_recomputed_from_npy,selection_validation,"(512, 512)",float32
877,877,data/processed/hmi.m_45s.2022.07.28_00_01_30_TAI.magnetogram_processed.npy,hmi.m_45s.2022.07.28_00_01_30_TAI.magnetogram_processed.npy,af5e9cda0ecc6d39af385d77ffcae6acff3484d0b0f531e157d3445c83169bb7,2022-07-28T00:01:30,2022-07-28T00:00:53.000Z,2022-07-28,2022-07-28 00:00:38.200,1.5089869499206543,stored_original_4096x4096_pixel_percentage_not_recomputed_from_npy,train,"(512, 512)",float32
878,878;879,data/processed/hmi.m_45s.2022.07.29_00_01_30_TAI.magnetogram_processed.npy,hmi.m_45s.2022.07.29_00_01_30_TAI.magnetogram_processed.npy,8d0c8e4dfcbc991f9e3c6d4ea286854319bb8886f3efa29409d95a29a758c377,2022-07-29T00:01:30,2022-07-29T00:00:53.000Z,2022-07-29,2022-07-29 00:00:38.100,1.5044093132019043,stored_original_4096x4096_pixel_percentage_not_recomputed_from_npy,train,"(512, 512)",float32
880,880,data/processed/hmi.m_45s.2022.08.03_00_01_30_TAI.magnetogram_processed.npy,hmi.m_45s.2022.08.03_00_01_30_TAI.magnetogram_processed.npy,f1491ef98c6d49bbb601fcd7293475edc14d07485416423201561845d095226a,2022-08-03T00:01:30,2022-08-03T00:00:53.000Z,2022-08-03,2022-08-03 00:00:37.800,1.5819370746612549,stored_original_4096x4096_pixel_percentage_not_recomputed_from_npy,train,"(512, 512)",float32
881,881,data/processed/hmi.m_45s.2022.08.05_00_01_30_TAI.magnetogram_processed.npy,hmi.m_45s.2022.08.05_00_01_30_TAI.magnetogram_processed.npy,f91f5ded137fa71d71f67b2d4c24885dc5269bf474bc20fa0c82fb9ceefff257,2022-08-05T00:01:30,2022-08-05T00:00:53.000Z,2022-08-05,2022-08-05 00:00:37.700,1.6545891761779783,stored_original_4096x4096_pixel_percentage_not_recomputed_from_npy,train,"(512, 512)",float32
882,882;883;884,data/processed/hmi.m_45s.2022.08.07_00_01_30_TAI.magnetogram_processed.npy,hmi.m_45s.2022.08.07_00_01_30_TAI.magnetogram_processed.npy,9a0f99e717265c2c1adcc97e84bfef3254508b9f05e47fbeac7ea8d7ee61a906,2022-08-07T00:01:30,2022-08-07T00:00:53.000Z,2022-08-07,2022-08-07 00:00:37.600,1.6840159893035889,stored_original_4096x4096_pixel_percentage_not_recomputed_from_npy,train,"(512, 512)",float32
885,885,data/processed/hmi.m_45s.2022.08.10_00_01_30_TAI.magnetogram_processed.npy,hmi.m_45s.2022.08.10_00_01_30_TAI.magnetogram_processed.npy,b09e74e79f375bbbb0089ca4bfedc791b1715976a28bd1212bd2753f47285bb2,2022-08-10T00:01:30,2022-08-10T00:00:53.000Z,2022-08-10,2022-08-10 00:00:37.300,1.7548441886901855,stored_original_4096x4096_pixel_percentage_not_recomputed_from_npy,selection_validation,"(512, 512)",float32
886,886,data/processed/hmi.m_45s.2022.08.13_00_01_30_TAI.magnetogram_processed.npy,hmi.m_45s.2022.08.13_00_01_30_TAI.magnetogram_processed.npy,5cbad503895cd7bd97332d50bdfdfc894ddec284cd7d0f2324f56e4e29470757,2022-08-13T00:01:30,2022-08-13T00:00:53.000Z,2022-08-13,2022-08-13 00:00:37.100,1.7512619495391846,stored_original_4096x4096_pixel_percentage_not_recomputed_from_npy,train,"(512, 512)",float32
887,887,data/processed/hmi.m_45s.2022.08.15_00_01_30_TAI.magnetogram_processed.npy,hmi.m_45s.2022.08.15_00_01_30_TAI.magnetogram_processed.npy,f275c63dd1f58942b8af2d5e12d0e0f85a840a3ac96173b27fcc734f1cc0d1b0,2022-08-15T00:01:30,2022-08-15T00:00:53.000Z,2022-08-15,2022-08-15 00:00:36.900,1.7564117908477783,stored_original_4096x4096_pixel_percentage_not_recomputed_from_npy,train,"(512, 512)",float32
888,888;889,data/processed/hmi.m_45s.2022.08.16_00_01_30_TAI.magnetogram_processed.npy,hmi.m_45s.2022.08.16_00_01_30_TAI.magnetogram_processed.npy,322586ee0ede21cd6a09dcf144dd54dad31932a1115dd89e5eda2855862868a3,2022-08-16T00:01:30,2022-08-16T00:00:53.000Z,2022-08-16,2022-08-16 00:00:36.800,1.7665326595306396,stored_original_4096x4096_pixel_percentage_not_recomputed_from_npy,train,"(512, 512)",float32
890,890,data/processed/hmi.m_45s.2022.08.17_00_01_30_TAI.magnetogram_processed.npy,hmi.m_45s.2022.08.17_00_01_30_TAI.magnetogram_processed.npy,48f916765c62166a62d8402d57d594c707c94b7e4523ae205f9a1a74bbad8726,2022-08-17T00:01:30,2022-08-17T00:00:53.000Z,2022-08-17,2022-08-17 00:00:36.700,1.748192310333252,stored_original_4096x4096_pixel_percentage_not_recomputed_from_npy,train,"(512, 512)",float32
891,891,data/processed/hmi.m_45s.2022.08.18_00_01_30_TAI.magnetogram_processed.npy,hmi.m_45s.2022.08.18_00_01_30_TAI.magnetogram_processed.npy,a03264535747e2bd997bcd8df3ba5e57327f5bcd643ca04a51c8e43004169a39,2022-08-18T00:01:30,2022-08-18T00:00:53.000Z,2022-08-18,2022-08-18 00:00:36.600,1.6920089721679688,stored_original_4096x4096_pixel_percentage_not_recomputed_from_npy,train,"(512, 512)",float32
892,892;893,data/processed/hmi.m_45s.2022.08.20_00_01_30_TAI.magnetogram_processed.npy,hmi.m_45s.2022.08.20_00_01_30_TAI.magnetogram_processed.npy,c4dca4aedf3aab815934d3d087d0ac30d80accacdb3c0648c6b5fce404d842ff,2022-08-20T00:01:30,2022-08-20T00:00:53.000Z,2022-08-20,2022-08-20 00:00:36.400,1.633310317993164,stored_original_4096x4096_pixel_percentage_not_recomputed_from_npy,train,"(512, 512)",float32
894,894;895,data/processed/hmi.m_45s.2022.08.21_00_01_30_TAI.magnetogram_processed.npy,hmi.m_45s.2022.08.21_00_01_30_TAI.magnetogram_processed.npy,7b29f587873670400eaadb2368a90cbe46c8676b3df52c555663f5efcf85b67d,2022-08-21T00:01:30,2022-08-21T00:00:53.000Z,2022-08-21,2022-08-21 00:00:36.300,1.5890657901763916,stored_original_4096x4096_pixel_percentage_not_recomputed_from_npy,train,"(512, 512)",float32
896,896,data/processed/hmi.m_45s.2022.08.23_00_01_30_TAI.magnetogram_processed.npy,hmi.m_45s.2022.08.23_00_01_30_TAI.magnetogram_processed.npy,8b832ef2fdffa70c5f21a0a9a72bd6e958cbcc05e5727402362d2e9a3ca68901,2022-08-23T00:01:30,2022-08-23T00:00:53.000Z,2022-08-23,2022-08-23 00:00:36.100,1.5596210956573486,stored_original_4096x4096_pixel_percentage_not_recomputed_from_npy,train,"(512, 512)",float32
897,897,data/processed/hmi.m_45s.2022.08.24_00_01_30_TAI.magnetogram_processed.npy,hmi.m_45s.2022.08.24_00_01_30_TAI.magnetogram_processed.npy,d8c721e3e37cd628176d2fdcb4460775adfebc5359ac2cc5153a00ff841fdb51,2022-08-24T00:01:30,2022-08-24T00:00:53.000Z,2022-08-24,2022-08-24 00:00:36.000,1.5482723712921145,stored_original_4096x4096_pixel_percentage_not_recomputed_from_npy,train,"(512, 512)",float32
898,898,data/processed/hmi.m_45s.2022.08.26_00_01_30_TAI.magnetogram_processed.npy,hmi.m_45s.2022.08.26_00_01_30_TAI.magnetogram_processed.npy,c4d69390bfae2956cfbbf47f4bfceec39cd42a5e6338f3d2f2548b6cc4b894c8,2022-08-26T00:01:30,2022-08-26T00:00:53.000Z,2022-08-26,2022-08-26 00:00:35.800,1.61973237991333,stored_original_4096x4096_pixel_percentage_not_recomputed_from_npy,train,"(512, 512)",float32
899,899,data/processed/hmi.m_45s.2022.08.28_00_01_30_TAI.magnetogram_processed.npy,hmi.m_45s.2022.08.28_00_01_30_TAI.magnetogram_processed.npy,f895c072a75c2a5f06341c7127ab2005c41ebe1b75721659460204c544b302ca,2022-08-28T00:01:30,2022-08-28T00:00:53.000Z,2022-08-28,2022-08-28 00:00:35.600,1.644134521484375,stored_original_4096x4096_pixel_percentage_not_recomputed_from_npy,train,"(512, 512)",float32
900,900,data/processed/hmi.m_45s.2022.09.01_00_01_30_TAI.magnetogram_processed.npy,hmi.m_45s.2022.09.01_00_01_30_TAI.magnetogram_processed.npy,323b389f0fa76cb2cc55fcc7d307dd68745b309319bf0d5a80a79478320a2f70,2022-09-01T00:01:30,2022-09-01T00:00:53.000Z,2022-09-01,2022-09-01 00:00:35.200,1.627260446548462,stored_original_4096x4096_pixel_percentage_not_recomputed_from_npy,train,"(512, 512)",float32
901,901;902,data/processed/hmi.m_45s.2022.09.02_00_01_30_TAI.magnetogram_processed.npy,hmi.m_45s.2022.09.02_00_01_30_TAI.magnetogram_processed.npy,a66917d229447d2539a632618479678cbfcd04bc06a7ac44bb8de5201e25beb9,2022-09-02T00:01:30,2022-09-02T00:00:53.000Z,2022-09-02,2022-09-02 00:00:35.000,1.6351759433746338,stored_original_4096x4096_pixel_percentage_not_recomputed_from_npy,train,"(512, 512)",float32
903,903,data/processed/hmi.m_45s.2022.09.03_00_01_30_TAI.magnetogram_processed.npy,hmi.m_45s.2022.09.03_00_01_30_TAI.magnetogram_processed.npy,288b6fdcea9b2921dfc89161e9f190991679c72752d81d6037fa75a5aca3a920,2022-09-03T00:01:30,2022-09-03T00:00:53.000Z,2022-09-03,2022-09-03 00:00:34.900,1.641845703125,stored_original_4096x4096_pixel_percentage_not_recomputed_from_npy,train,"(512, 512)",float32
904,904,data/processed/hmi.m_45s.2022.09.04_00_01_30_TAI.magnetogram_processed.npy,hmi.m_45s.2022.09.04_00_01_30_TAI.magnetogram_processed.npy,139124859de435a8b3d989514481306a0b0cad85e2f465d98527dbbf55d900a8,2022-09-04T00:01:30,2022-09-04T00:00:53.000Z,2022-09-04,2022-09-04 00:00:34.800,1.6978442668914795,stored_original_4096x4096_pixel_percentage_not_recomputed_from_npy,selection_validation,"(512, 512)",float32
905,905,data/processed/hmi.m_45s.2022.09.05_00_01_30_TAI.magnetogram_processed.npy,hmi.m_45s.2022.09.05_00_01_30_TAI.magnetogram_processed.npy,979f796b378869e064cfda7ace4d386c7f35bb2517babb395a7d45637e725a19,2022-09-05T00:01:30,2022-09-05T00:00:53.000Z,2022-09-05,2022-09-05 00:00:34.700,1.719343662261963,stored_original_4096x4096_pixel_percentage_not_recomputed_from_npy,train,"(512, 512)",float32
906,906,data/processed/hmi.m_45s.2022.09.06_00_01_30_TAI.magnetogram_processed.npy,hmi.m_45s.2022.09.06_00_01_30_TAI.magnetogram_processed.npy,7154848e9c314c518808acde76750a5dc7232b020d7922eab51ce3171cb8e46b,2022-09-06T00:01:30,2022-09-06T00:00:53.000Z,2022-09-06,2022-09-06 00:00:34.500,1.7152667045593262,stored_original_4096x4096_pixel_percentage_not_recomputed_from_npy,selection_validation,"(512, 512)",float32
907,907,data/processed/hmi.m_45s.2022.09.07_00_01_30_TAI.magnetogram_processed.npy,hmi.m_45s.2022.09.07_00_01_30_TAI.magnetogram_processed.npy,0a83c277c129720653618e3322c4d1519e3bb98f0d076c97b7a63d729c6b11c7,2022-09-07T00:01:30,2022-09-07T00:00:53.000Z,2022-09-07,2022-09-07 00:00:34.400,1.7037749290466309,stored_original_4096x4096_pixel_percentage_not_recomputed_from_npy,train,"(512, 512)",float32
908,908,data/processed/hmi.m_45s.2022.09.11_00_01_30_TAI.magnetogram_processed.npy,hmi.m_45s.2022.09.11_00_01_30_TAI.magnetogram_processed.npy,130b11b25f85710888936acbbfe33324e3ec536af78dd677bf5e985ed519df71,2022-09-11T00:01:30,2022-09-11T00:00:53.000Z,2022-09-11,2022-09-11 00:00:33.900,1.755321025848389,stored_original_4096x4096_pixel_percentage_not_recomputed_from_npy,train,"(512, 512)",float32
909,909;910,data/processed/hmi.m_45s.2022.09.20_00_01_30_TAI.magnetogram_processed.npy,hmi.m_45s.2022.09.20_00_01_30_TAI.magnetogram_processed.npy,73a9735b6e2853704341e6dc1d16617dddcff331b43938b68837ff8798e01576,2022-09-20T00:01:30,2022-09-20T00:00:53.000Z,2022-09-20,2022-09-20 00:00:32.700,1.6157865524291992,stored_original_4096x4096_pixel_percentage_not_recomputed_from_npy,train,"(512, 512)",float32
911,911;912,data/processed/hmi.m_45s.2022.09.25_00_01_30_TAI.magnetogram_processed.npy,hmi.m_45s.2022.09.25_00_01_30_TAI.magnetogram_processed.npy,e301c00949cb5242df1cc8354e257d1acac39994d95331479ea3c62f8db7a9c1,2022-09-25T00:01:30,2022-09-25T00:00:53.000Z,2022-09-25,2022-09-25 00:00:32.000,1.7643630504608154,stored_original_4096x4096_pixel_percentage_not_recomputed_from_npy,train,"(512, 512)",float32
913,913;914,data/processed/hmi.m_45s.2022.09.26_00_01_30_TAI.magnetogram_processed.npy,hmi.m_45s.2022.09.26_00_01_30_TAI.magnetogram_processed.npy,d3a72ae47c5ea04c52da7ddf580a3e25d3ed78f6f51094b416eac38243361726,2022-09-26T00:01:30,2022-09-26T00:00:53.000Z,2022-09-26,2022-09-26 00:00:31.900,1.755976676940918,stored_original_4096x4096_pixel_percentage_not_recomputed_from_npy,selection_validation,"(512, 512)",float32
915,915,data/processed/hmi.m_45s.2022.10.03_00_01_30_TAI.magnetogram_processed.npy,hmi.m_45s.2022.10.03_00_01_30_TAI.magnetogram_processed.npy,f13a84d452869694d6794c0bc91b5a1d7e4f2523a193200136401ad2cf0d3181,2022-10-03T00:01:30,2022-10-03T00:00:53.000Z,2022-10-03,2022-10-03 00:00:30.900,1.7937839031219482,stored_original_4096x4096_pixel_percentage_not_recomputed_from_npy,selection_validation,"(512, 512)",float32
916,916,data/processed/hmi.m_45s.2022.10.04_00_01_30_TAI.magnetogram_processed.npy,hmi.m_45s.2022.10.04_00_01_30_TAI.magnetogram_processed.npy,bcfa75dfb029c0424d9f4239e2303711a1593db4ae50ba9c5c64665453b2c245,2022-10-04T00:01:30,2022-10-04T00:00:53.000Z,2022-10-04,2022-10-04 00:00:30.700,1.8818914890289309,stored_original_4096x4096_pixel_percentage_not_recomputed_from_npy,train,"(512, 512)",float32
917,917,data/processed/hmi.m_45s.2022.10.06_00_01_30_TAI.magnetogram_processed.npy,hmi.m_45s.2022.10.06_00_01_30_TAI.magnetogram_processed.npy,77b968319aab21d884f69141d2a083b815722cf2bbd74435fdb19b05b77b5fc5,2022-10-06T00:01:30,2022-10-06T00:00:53.000Z,2022-10-06,2022-10-06 00:00:30.400,1.9736111164093015,stored_original_4096x4096_pixel_percentage_not_recomputed_from_npy,train,"(512, 512)",float32
918,918,data/processed/hmi.m_45s.2022.10.09_00_01_30_TAI.magnetogram_processed.npy,hmi.m_45s.2022.10.09_00_01_30_TAI.magnetogram_processed.npy,92f356875e951326c56340b128538d01fc6aefad7a176071b07c5e6c5e537d2d,2022-10-09T00:01:30,2022-10-09T00:00:53.000Z,2022-10-09,2022-10-09 00:00:30.000,1.9484102725982664,stored_original_4096x4096_pixel_percentage_not_recomputed_from_npy,train,"(512, 512)",float32
919,919,data/processed/hmi.m_45s.2022.10.12_00_01_30_TAI.magnetogram_processed.npy,hmi.m_45s.2022.10.12_00_01_30_TAI.magnetogram_processed.npy,de453828c142a98051929587f3e5f23ab228db6e17974c9a971fd647e2601141,2022-10-12T00:01:30,2022-10-12T00:00:53.000Z,2022-10-12,2022-10-12 00:00:29.600,1.805680990219116,stored_original_4096x4096_pixel_percentage_not_recomputed_from_npy,selection_validation,"(512, 512)",float32
920,920,data/processed/hmi.m_45s.2022.10.13_00_01_30_TAI.magnetogram_processed.npy,hmi.m_45s.2022.10.13_00_01_30_TAI.magnetogram_processed.npy,4522a06d090806acb0d6caf8d539cba93c540d051856a3af512027800690c8be,2022-10-13T00:01:30,2022-10-13T00:00:53.000Z,2022-10-13,2022-10-13 00:00:29.400,1.6932010650634766,stored_original_4096x4096_pixel_percentage_not_recomputed_from_npy,train,"(512, 512)",float32
921,921,data/processed/hmi.m_45s.2022.10.14_00_01_30_TAI.magnetogram_processed.npy,hmi.m_45s.2022.10.14_00_01_30_TAI.magnetogram_processed.npy,85107f23d5912c5f79245cf2711290ac8715533c4c8182709c9e5239e85cc0d3,2022-10-14T00:01:30,2022-10-14T00:00:53.000Z,2022-10-14,2022-10-14 00:00:29.300,1.5699565410614014,stored_original_4096x4096_pixel_percentage_not_recomputed_from_npy,train,"(512, 512)",float32
922,922,data/processed/hmi.m_45s.2022.10.16_00_01_30_TAI.magnetogram_processed.npy,hmi.m_45s.2022.10.16_00_01_30_TAI.magnetogram_processed.npy,ad2a5a2c6523bd4be5ebcd4c2758800b9fdbd4b8abf95596d727067749e1d745,2022-10-16T00:01:30,2022-10-16T00:00:53.000Z,2022-10-16,2022-10-16 00:00:29.000,1.5053510665893557,stored_original_4096x4096_pixel_percentage_not_recomputed_from_npy,selection_validation,"(512, 512)",float32
923,923;924;925,data/processed/hmi.m_45s.2022.10.19_00_01_30_TAI.magnetogram_processed.npy,hmi.m_45s.2022.10.19_00_01_30_TAI.magnetogram_processed.npy,1badd604b79a6a10e3c3fd854301a2ee1a0a91dbf0f7436e23250c918e44f2ba,2022-10-19T00:01:30,2022-10-19T00:00:53.000Z,2022-10-19,2022-10-19 00:00:28.600,1.504361629486084,stored_original_4096x4096_pixel_percentage_not_recomputed_from_npy,train,"(512, 512)",float32
926,926,data/processed/hmi.m_45s.2022.10.20_00_01_30_TAI.magnetogram_processed.npy,hmi.m_45s.2022.10.20_00_01_30_TAI.magnetogram_processed.npy,07cb995708b640ee2bd0cc56f0aaef19106bd45d8c77e4a15c14c0b834523773,2022-10-20T00:01:30,2022-10-20T00:00:53.000Z,2022-10-20,2022-10-20 00:00:28.500,1.5283524990081787,stored_original_4096x4096_pixel_percentage_not_recomputed_from_npy,train,"(512, 512)",float32
927,927;928;929,data/processed/hmi.m_45s.2022.10.21_00_01_30_TAI.magnetogram_processed.npy,hmi.m_45s.2022.10.21_00_01_30_TAI.magnetogram_processed.npy,841cf286484f3002c597636ebdc80ab96fa4dfa6bb49fec139e99ec9c8c79f56,2022-10-21T00:01:30,2022-10-21T00:00:53.000Z,2022-10-21,2022-10-21 00:00:28.300,1.517653465270996,stored_original_4096x4096_pixel_percentage_not_recomputed_from_npy,train,"(512, 512)",float32
930,930,data/processed/hmi.m_45s.2022.10.22_00_01_30_TAI.magnetogram_processed.npy,hmi.m_45s.2022.10.22_00_01_30_TAI.magnetogram_processed.npy,745bb51976b93219cbc50f46427de77c8101527735f851f16c2288fa4bd5ef96,2022-10-22T00:01:30,2022-10-22T00:00:53.000Z,2022-10-22,2022-10-22 00:00:28.200,1.513528823852539,stored_original_4096x4096_pixel_percentage_not_recomputed_from_npy,selection_validation,"(512, 512)",float32
931,931;932,data/processed/hmi.m_45s.2022.10.27_00_01_30_TAI.magnetogram_processed.npy,hmi.m_45s.2022.10.27_00_01_30_TAI.magnetogram_processed.npy,9cb95d853038f0725fe41605b05dde4065ca2b0f741734c3df8e871767f7481d,2022-10-27T00:01:30,2022-10-27T00:00:53.000Z,2022-10-27,2022-10-27 00:00:27.500,1.5559017658233645,stored_original_4096x4096_pixel_percentage_not_recomputed_from_npy,train,"(512, 512)",float32
933,933,data/processed/hmi.m_45s.2022.10.30_00_01_30_TAI.magnetogram_processed.npy,hmi.m_45s.2022.10.30_00_01_30_TAI.magnetogram_processed.npy,013551fccbcfb125c098a94dec81377199cc0453c95639fe88e5bdecaa6ec625,2022-10-30T00:01:30,2022-10-30T00:00:53.000Z,2022-10-30,2022-10-30 00:00:27.100,1.722884178161621,stored_original_4096x4096_pixel_percentage_not_recomputed_from_npy,train,"(512, 512)",float32
934,934;935;936,data/processed/hmi.m_45s.2022.11.02_00_01_30_TAI.magnetogram_processed.npy,hmi.m_45s.2022.11.02_00_01_30_TAI.magnetogram_processed.npy,65c6f50dd4107e065c928c1eac639b3a4e2b54cb3f0ed6e72c17be3a483f291a,2022-11-02T00:01:30,2022-11-02T00:00:53.000Z,2022-11-02,2022-11-02 00:00:26.700,1.7692863941192627,stored_original_4096x4096_pixel_percentage_not_recomputed_from_npy,train,"(512, 512)",float32
937,937;938,data/processed/hmi.m_45s.2022.11.03_00_01_30_TAI.magnetogram_processed.npy,hmi.m_45s.2022.11.03_00_01_30_TAI.magnetogram_processed.npy,b2669f75a0aa4ff2398330add8cf49d1aefa68ed161be97851248d3fd6582514,2022-11-03T00:01:30,2022-11-03T00:00:53.000Z,2022-11-03,2022-11-03 00:00:26.600,1.7823338508605957,stored_original_4096x4096_pixel_percentage_not_recomputed_from_npy,train,"(512, 512)",float32
939,939,data/processed/hmi.m_45s.2022.11.04_00_01_30_TAI.magnetogram_processed.npy,hmi.m_45s.2022.11.04_00_01_30_TAI.magnetogram_processed.npy,4dc93cd38cde9264f61fb1526275292ed71d38c5801f8f4597130144214163f6,2022-11-04T00:01:30,2022-11-04T00:00:53.000Z,2022-11-04,2022-11-04 00:00:26.400,1.7746150493621826,stored_original_4096x4096_pixel_percentage_not_recomputed_from_npy,train,"(512, 512)",float32
940,940,data/processed/hmi.m_45s.2022.11.06_00_01_30_TAI.magnetogram_processed.npy,hmi.m_45s.2022.11.06_00_01_30_TAI.magnetogram_processed.npy,90f0d3190db61f709443dcad93e70ca08191f227a99b9c5644564cdc30c41f4e,2022-11-06T00:01:30,2022-11-06T00:00:53.000Z,2022-11-06,2022-11-06 00:00:26.200,1.96073055267334,stored_original_4096x4096_pixel_percentage_not_recomputed_from_npy,train,"(512, 512)",float32
941,941,data/processed/hmi.m_45s.2022.11.09_00_01_30_TAI.magnetogram_processed.npy,hmi.m_45s.2022.11.09_00_01_30_TAI.magnetogram_processed.npy,e6409efe980c7346162539f3fac0a7686596ed0eea0026376c6ad81482d6cbfb,2022-11-09T00:01:30,2022-11-09T00:00:53.000Z,2022-11-09,2022-11-09 00:00:25.800,1.7385542392730713,stored_original_4096x4096_pixel_percentage_not_recomputed_from_npy,train,"(512, 512)",float32
942,942,data/processed/hmi.m_45s.2022.11.12_00_01_30_TAI.magnetogram_processed.npy,hmi.m_45s.2022.11.12_00_01_30_TAI.magnetogram_processed.npy,7bcc1eb4b31bd6689948e7aa0440f3e618e773a908e4750d786d4a33f2c9d935,2022-11-12T00:01:30,2022-11-12T00:00:53.000Z,2022-11-12,2022-11-12 00:00:25.500,1.6596853733062744,stored_original_4096x4096_pixel_percentage_not_recomputed_from_npy,selection_validation,"(512, 512)",float32
943,943;944,data/processed/hmi.m_45s.2022.11.15_00_01_30_TAI.magnetogram_processed.npy,hmi.m_45s.2022.11.15_00_01_30_TAI.magnetogram_processed.npy,8d1bb19b8bac28d51bf6c09c11b6572c5b74848221ac3cb9de033b4d4d2a9bfd,2022-11-15T00:01:30,2022-11-15T00:00:53.000Z,2022-11-15,2022-11-15 00:00:25.100,1.6319811344146729,stored_original_4096x4096_pixel_percentage_not_recomputed_from_npy,selection_validation,"(512, 512)",float32
945,945,data/processed/hmi.m_45s.2022.11.17_00_01_30_TAI.magnetogram_processed.npy,hmi.m_45s.2022.11.17_00_01_30_TAI.magnetogram_processed.npy,a33b2358decc3d86d04a769df3255900776d2995e6119f6c9ad3226b67c5f2a6,2022-11-17T00:01:30,2022-11-17T00:00:53.000Z,2022-11-17,2022-11-17 00:00:24.900,1.4964103698730469,stored_original_4096x4096_pixel_percentage_not_recomputed_from_npy,train,"(512, 512)",float32
946,946,data/processed/hmi.m_45s.2022.11.20_00_01_30_TAI.magnetogram_processed.npy,hmi.m_45s.2022.11.20_00_01_30_TAI.magnetogram_processed.npy,22cdd1c515bbce414e9df2989174a51aed429bc59aab5f500e791b4508a66633,2022-11-20T00:01:30,2022-11-20T00:00:53.000Z,2022-11-20,2022-11-20 00:00:24.600,1.5852689743041992,stored_original_4096x4096_pixel_percentage_not_recomputed_from_npy,train,"(512, 512)",float32
947,947,data/processed/hmi.m_45s.2022.11.22_00_01_30_TAI.magnetogram_processed.npy,hmi.m_45s.2022.11.22_00_01_30_TAI.magnetogram_processed.npy,1324bdba9ddeaf4cc8c54c524600e33fa4187f0348272715dcc0f8dd5dbbbec0,2022-11-22T00:01:30,2022-11-22T00:00:53.000Z,2022-11-22,2022-11-22 00:00:24.400,1.6345739364624023,stored_original_4096x4096_pixel_percentage_not_recomputed_from_npy,selection_validation,"(512, 512)",float32
948,948,data/processed/hmi.m_45s.2022.11.23_00_01_30_TAI.magnetogram_processed.npy,hmi.m_45s.2022.11.23_00_01_30_TAI.magnetogram_processed.npy,4dee463ef46c854294693eebcb497a1e90463666ba42fcd833966306b49bb9b9,2022-11-23T00:01:30,2022-11-23T00:00:53.000Z,2022-11-23,2022-11-23 00:00:24.300,1.6442298889160156,stored_original_4096x4096_pixel_percentage_not_recomputed_from_npy,train,"(512, 512)",float32
949,949,data/processed/hmi.m_45s.2022.11.26_00_01_30_TAI.magnetogram_processed.npy,hmi.m_45s.2022.11.26_00_01_30_TAI.magnetogram_processed.npy,743251525848a1bb18dcf70fcc27a6472d395d88cd5ec8669f841021c47ef57c,2022-11-26T00:01:30,2022-11-26T00:00:53.000Z,2022-11-26,2022-11-26 00:00:24.000,1.56630277633667,stored_original_4096x4096_pixel_percentage_not_recomputed_from_npy,train,"(512, 512)",float32
950,950,data/processed/hmi.m_45s.2022.11.27_00_01_30_TAI.magnetogram_processed.npy,hmi.m_45s.2022.11.27_00_01_30_TAI.magnetogram_processed.npy,6dd50b2340c1febfbfbaa495c27ae2ac865d9f73e1049f8ef4487e23d16d6de8,2022-11-27T00:01:30,2022-11-27T00:00:53.000Z,2022-11-27,2022-11-27 00:00:23.900,1.5549898147583008,stored_original_4096x4096_pixel_percentage_not_recomputed_from_npy,selection_validation,"(512, 512)",float32
951,951,data/processed/hmi.m_45s.2022.11.30_00_01_30_TAI.magnetogram_processed.npy,hmi.m_45s.2022.11.30_00_01_30_TAI.magnetogram_processed.npy,0c7a6490fbe35a5a2884b029ebcecfd01b4073bac751527217dd94bd6a6032f7,2022-11-30T00:01:30,2022-11-30T00:00:53.000Z,2022-11-30,2022-11-30 00:00:23.700,1.5536010265350342,stored_original_4096x4096_pixel_percentage_not_recomputed_from_npy,train,"(512, 512)",float32
952,952,data/processed/hmi.m_45s.2022.12.04_00_01_30_TAI.magnetogram_processed.npy,hmi.m_45s.2022.12.04_00_01_30_TAI.magnetogram_processed.npy,84558e84f33245e2952c139109c723518172904162415699c87f40daf2c6629d,2022-12-04T00:01:30,2022-12-04T00:00:53.000Z,2022-12-04,2022-12-04 00:00:23.300,1.7425715923309326,stored_original_4096x4096_pixel_percentage_not_recomputed_from_npy,train,"(512, 512)",float32
953,953,data/processed/hmi.m_45s.2022.12.05_00_01_30_TAI.magnetogram_processed.npy,hmi.m_45s.2022.12.05_00_01_30_TAI.magnetogram_processed.npy,682a7bc7e6e472fb665fa5bb079490214f21c209b85051eb9571fc63988e0412,2022-12-05T00:01:30,2022-12-05T00:00:53.000Z,2022-12-05,2022-12-05 00:00:23.200,1.7908573150634766,stored_original_4096x4096_pixel_percentage_not_recomputed_from_npy,train,"(512, 512)",float32
954,954,data/processed/hmi.m_45s.2022.12.06_00_01_30_TAI.magnetogram_processed.npy,hmi.m_45s.2022.12.06_00_01_30_TAI.magnetogram_processed.npy,79fc6d4dc4cd14848655d86d508f3c900ba9818d44013a4a44e05773868792d1,2022-12-06T00:01:30,2022-12-06T00:00:53.000Z,2022-12-06,2022-12-06 00:00:23.200,1.855027675628662,stored_original_4096x4096_pixel_percentage_not_recomputed_from_npy,selection_validation,"(512, 512)",float32
955,955,data/processed/hmi.m_45s.2022.12.08_00_01_30_TAI.magnetogram_processed.npy,hmi.m_45s.2022.12.08_00_01_30_TAI.magnetogram_processed.npy,f1ae5a8b9bb499615123c476344e6a2de0ffb22137333b6f811976b338827559,2022-12-08T00:01:30,2022-12-08T00:00:53.000Z,2022-12-08,2022-12-08 00:00:23.000,1.8959403038024905,stored_original_4096x4096_pixel_percentage_not_recomputed_from_npy,train,"(512, 512)",float32
956,956,data/processed/hmi.m_45s.2022.12.11_00_01_30_TAI.magnetogram_processed.npy,hmi.m_45s.2022.12.11_00_01_30_TAI.magnetogram_processed.npy,1c1cb20ae18c49f1fda7a71f5ac02d0ce8860661557c1aa9ba1f15871df311bb,2022-12-11T00:01:30,2022-12-11T00:00:53.000Z,2022-12-11,2022-12-11 00:00:22.800,1.86767578125,stored_original_4096x4096_pixel_percentage_not_recomputed_from_npy,train,"(512, 512)",float32
957,957,data/processed/hmi.m_45s.2022.12.13_00_01_30_TAI.magnetogram_processed.npy,hmi.m_45s.2022.12.13_00_01_30_TAI.magnetogram_processed.npy,9ad70ef4ee5abde640d33b8920ee76b647febc51c65c893e4cd67f2382c7bbda,2022-12-13T00:01:30,2022-12-13T00:00:53.000Z,2022-12-13,2022-12-13 00:00:22.700,1.798313856124878,stored_original_4096x4096_pixel_percentage_not_recomputed_from_npy,train,"(512, 512)",float32
958,958,data/processed/hmi.m_45s.2022.12.14_00_01_30_TAI.magnetogram_processed.npy,hmi.m_45s.2022.12.14_00_01_30_TAI.magnetogram_processed.npy,5c2f9bda1a28775ee3ab47b8d60891fdb9ff2b0a91d124fdde1c7ebe5d7caa66,2022-12-14T00:01:30,2022-12-14T00:00:53.000Z,2022-12-14,2022-12-14 00:00:22.700,1.795750856399536,stored_original_4096x4096_pixel_percentage_not_recomputed_from_npy,train,"(512, 512)",float32
959,959;960,data/processed/hmi.m_45s.2022.12.15_00_01_30_TAI.magnetogram_processed.npy,hmi.m_45s.2022.12.15_00_01_30_TAI.magnetogram_processed.npy,2e7d29ac80cacc163e8cf9fe720501564c22995f2702c57ea6e87f34553d835a,2022-12-15T00:01:30,2022-12-15T00:00:53.000Z,2022-12-15,2022-12-15 00:00:22.600,1.8216311931610107,stored_original_4096x4096_pixel_percentage_not_recomputed_from_npy,train,"(512, 512)",float32
961,961,data/processed/hmi.m_45s.2022.12.19_00_01_30_TAI.magnetogram_processed.npy,hmi.m_45s.2022.12.19_00_01_30_TAI.magnetogram_processed.npy,3115c649d3e38ed35f4c152a2867852d0e9b2d5eea028365a4cdab8fbe54279a,2022-12-19T00:01:30,2022-12-19T00:00:53.000Z,2022-12-19,2022-12-19 00:00:22.500,1.877206563949585,stored_original_4096x4096_pixel_percentage_not_recomputed_from_npy,selection_validation,"(512, 512)",float32
962,962,data/processed/hmi.m_45s.2022.12.20_00_01_30_TAI.magnetogram_processed.npy,hmi.m_45s.2022.12.20_00_01_30_TAI.magnetogram_processed.npy,47f4203ff071536ab265e04cb1b03d961914fc959bc8c78d6fcd7c3e8d3373d8,2022-12-20T00:01:30,2022-12-20T00:00:53.000Z,2022-12-20,2022-12-20 00:00:22.400,1.878213882446289,stored_original_4096x4096_pixel_percentage_not_recomputed_from_npy,train,"(512, 512)",float32
963,963;964,data/processed/hmi.m_45s.2022.12.27_00_01_30_TAI.magnetogram_processed.npy,hmi.m_45s.2022.12.27_00_01_30_TAI.magnetogram_processed.npy,03f9baca4911beffd54d4a4fc845d25b2dfbd590f4a59369784e31cd061158a1,2022-12-27T00:01:30,2022-12-27T00:00:53.000Z,2022-12-27,2022-12-27 00:00:22.200,1.8522322177886963,stored_original_4096x4096_pixel_percentage_not_recomputed_from_npy,train,"(512, 512)",float32
965,965,data/processed/hmi.m_45s.2022.12.28_00_01_30_TAI.magnetogram_processed.npy,hmi.m_45s.2022.12.28_00_01_30_TAI.magnetogram_processed.npy,67cd79a2d5e8d7e0d47a8ef92f4d2928c24d9383acd746667482d82736108455,2022-12-28T00:01:30,2022-12-28T00:00:53.000Z,2022-12-28,2022-12-28 00:00:22.200,1.8190503120422363,stored_original_4096x4096_pixel_percentage_not_recomputed_from_npy,train,"(512, 512)",float32
966,966;967,data/processed/hmi.m_45s.2023.01.01_00_01_30_TAI.magnetogram_processed.npy,hmi.m_45s.2023.01.01_00_01_30_TAI.magnetogram_processed.npy,5ce8d251a8fe063220d62229093d44415b139b7667e5ba0dad9473e9b411b2bd,2023-01-01T00:01:30,2023-01-01T00:00:53.000Z,2023-01-01,2023-01-01 00:00:22.100,1.9275903701782229,stored_original_4096x4096_pixel_percentage_not_recomputed_from_npy,selection_validation,"(512, 512)",float32
968,968;969,data/processed/hmi.m_45s.2023.01.03_00_01_30_TAI.magnetogram_processed.npy,hmi.m_45s.2023.01.03_00_01_30_TAI.magnetogram_processed.npy,ae7d9cc62e6afc4fe1003702f3c93f0d28f97508117534590e6250242788c221,2023-01-03T00:01:30,2023-01-03T00:00:53.000Z,2023-01-03,2023-01-03 00:00:22.100,1.9991278648376465,stored_original_4096x4096_pixel_percentage_not_recomputed_from_npy,train,"(512, 512)",float32
970,970,data/processed/hmi.m_45s.2023.01.08_00_01_30_TAI.magnetogram_processed.npy,hmi.m_45s.2023.01.08_00_01_30_TAI.magnetogram_processed.npy,58587b9bd7c9106c1af6bc9a76f09bc4b8e096bc6f3d2a5d6e46161de6b44933,2023-01-08T00:01:30,2023-01-08T00:00:53.000Z,2023-01-08,2023-01-08 00:00:22.100,2.1823465824127197,stored_original_4096x4096_pixel_percentage_not_recomputed_from_npy,train,"(512, 512)",float32
971,971,data/processed/hmi.m_45s.2023.01.09_00_01_30_TAI.magnetogram_processed.npy,hmi.m_45s.2023.01.09_00_01_30_TAI.magnetogram_processed.npy,522cf69ce37053d5e7164139925fc052a28a1867fba6fb35a04fc245d6ba58b1,2023-01-09T00:01:30,2023-01-09T00:00:53.000Z,2023-01-09,2023-01-09 00:00:22.100,2.186703681945801,stored_original_4096x4096_pixel_percentage_not_recomputed_from_npy,selection_validation,"(512, 512)",float32
972,972,data/processed/hmi.m_45s.2023.01.12_00_01_30_TAI.magnetogram_processed.npy,hmi.m_45s.2023.01.12_00_01_30_TAI.magnetogram_processed.npy,32d932ed276aa5b600ea32381b451c121ec32911229330063b5b5b460dda8c20,2023-01-12T00:01:30,2023-01-12T00:00:53.000Z,2023-01-12,2023-01-12 00:00:22.200,2.2483646869659424,stored_original_4096x4096_pixel_percentage_not_recomputed_from_npy,selection_validation,"(512, 512)",float32
973,973;974,data/processed/hmi.m_45s.2023.01.13_00_01_30_TAI.magnetogram_processed.npy,hmi.m_45s.2023.01.13_00_01_30_TAI.magnetogram_processed.npy,8ce03485db70a3a1b7850b02c1cdc370da24a651c66ac355d5a10a3b29268a6a,2023-01-13T00:01:30,2023-01-13T00:00:53.000Z,2023-01-13,2023-01-13 00:00:22.200,2.2530555725097656,stored_original_4096x4096_pixel_percentage_not_recomputed_from_npy,train,"(512, 512)",float32
975,975,data/processed/hmi.m_45s.2023.01.15_00_01_30_TAI.magnetogram_processed.npy,hmi.m_45s.2023.01.15_00_01_30_TAI.magnetogram_processed.npy,894cd8537e1fd68b28f81f903b5e13c725f4be7dc5c0e5f3a786d94d270b3bc5,2023-01-15T00:01:30,2023-01-15T00:00:53.000Z,2023-01-15,2023-01-15 00:00:22.300,2.408093214035034,stored_original_4096x4096_pixel_percentage_not_recomputed_from_npy,train,"(512, 512)",float32
976,976,data/processed/hmi.m_45s.2023.01.19_00_01_30_TAI.magnetogram_processed.npy,hmi.m_45s.2023.01.19_00_01_30_TAI.magnetogram_processed.npy,103d100630b2b1225b7f2e1c3a045ffe39adb19e32a3457c36bd17dad11f6b89,2023-01-19T00:01:30,2023-01-19T00:00:53.000Z,2023-01-19,2023-01-19 00:00:22.400,2.629387378692627,stored_original_4096x4096_pixel_percentage_not_recomputed_from_npy,train,"(512, 512)",float32
977,977,data/processed/hmi.m_45s.2023.01.20_00_01_30_TAI.magnetogram_processed.npy,hmi.m_45s.2023.01.20_00_01_30_TAI.magnetogram_processed.npy,01b6e5cf10009eb25e746ee387428ba7cd1bb7b38fa692f5773c12bfea59f173,2023-01-20T00:01:30,2023-01-20T00:00:53.000Z,2023-01-20,2023-01-20 00:00:22.500,2.608788013458252,stored_original_4096x4096_pixel_percentage_not_recomputed_from_npy,train,"(512, 512)",float32
978,978,data/processed/hmi.m_45s.2023.01.21_00_01_30_TAI.magnetogram_processed.npy,hmi.m_45s.2023.01.21_00_01_30_TAI.magnetogram_processed.npy,ef1bde3afe696bdbe757b1ae6559125c86274346529a73837c3487e20898dc91,2023-01-21T00:01:30,2023-01-21T00:00:53.000Z,2023-01-21,2023-01-21 00:00:22.500,2.5001704692840576,stored_original_4096x4096_pixel_percentage_not_recomputed_from_npy,train,"(512, 512)",float32
979,979,data/processed/hmi.m_45s.2023.01.23_00_01_30_TAI.magnetogram_processed.npy,hmi.m_45s.2023.01.23_00_01_30_TAI.magnetogram_processed.npy,5b63295e938125a9c037948d6227295a69fe9145b1d24fe65a48b64ab081c678,2023-01-23T00:01:30,2023-01-23T00:00:53.000Z,2023-01-23,2023-01-23 00:00:22.600,2.274155616760254,stored_original_4096x4096_pixel_percentage_not_recomputed_from_npy,train,"(512, 512)",float32
980,980,data/processed/hmi.m_45s.2023.01.25_00_01_30_TAI.magnetogram_processed.npy,hmi.m_45s.2023.01.25_00_01_30_TAI.magnetogram_processed.npy,99269ebeba4ffb4993b9e2f07bba37b95481bf32741eec4abf5d9290e22416b2,2023-01-25T00:01:30,2023-01-25T00:00:53.000Z,2023-01-25,2023-01-25 00:00:22.700,1.9982576370239256,stored_original_4096x4096_pixel_percentage_not_recomputed_from_npy,selection_validation,"(512, 512)",float32
981,981,data/processed/hmi.m_45s.2023.01.27_00_01_30_TAI.magnetogram_processed.npy,hmi.m_45s.2023.01.27_00_01_30_TAI.magnetogram_processed.npy,f41bb69d67c8a4822901b580a8fc9d4c3df6d470ba2975d04fca3e413d8fe47a,2023-01-27T00:01:30,2023-01-27T00:00:53.000Z,2023-01-27,2023-01-27 00:00:22.800,1.876884698867798,stored_original_4096x4096_pixel_percentage_not_recomputed_from_npy,train,"(512, 512)",float32
982,982;983,data/processed/hmi.m_45s.2023.01.29_00_01_30_TAI.magnetogram_processed.npy,hmi.m_45s.2023.01.29_00_01_30_TAI.magnetogram_processed.npy,45298d6ed0fab8bfa53399b0b229cd5ddab15f8039cefe18102b1b197a802c1c,2023-01-29T00:01:30,2023-01-29T00:00:53.000Z,2023-01-29,2023-01-29 00:00:22.900,1.926928758621216,stored_original_4096x4096_pixel_percentage_not_recomputed_from_npy,selection_validation,"(512, 512)",float32
984,984,data/processed/hmi.m_45s.2023.01.30_00_01_30_TAI.magnetogram_processed.npy,hmi.m_45s.2023.01.30_00_01_30_TAI.magnetogram_processed.npy,9b2fb4e45b7df6583841bf77b8a1513ce19576fcabd607844889ee59451db269,2023-01-30T00:01:30,2023-01-30T00:00:53.000Z,2023-01-30,2023-01-30 00:00:23.000,1.9832253456115725,stored_original_4096x4096_pixel_percentage_not_recomputed_from_npy,selection_validation,"(512, 512)",float32
985,985,data/processed/hmi.m_45s.2023.01.31_00_01_30_TAI.magnetogram_processed.npy,hmi.m_45s.2023.01.31_00_01_30_TAI.magnetogram_processed.npy,a1a5bfaa44ac64a4b83bbbd2fb57b8dbe5cba596f0c9257e7b5b492a86c28f6c,2023-01-31T00:01:30,2023-01-31T00:00:53.000Z,2023-01-31,2023-01-31 00:00:23.000,2.0181119441986084,stored_original_4096x4096_pixel_percentage_not_recomputed_from_npy,selection_validation,"(512, 512)",float32
986,986,data/processed/hmi.m_45s.2023.02.03_00_01_30_TAI.magnetogram_processed.npy,hmi.m_45s.2023.02.03_00_01_30_TAI.magnetogram_processed.npy,d19bc1d1a7244f42ae1ee2c0c1945cedccfbe0842a12acc4876292a9555b0768,2023-02-03T00:01:30,2023-02-03T00:00:53.000Z,2023-02-03,2023-02-03 00:00:23.200,2.056300640106201,stored_original_4096x4096_pixel_percentage_not_recomputed_from_npy,train,"(512, 512)",float32
987,987,data/processed/hmi.m_45s.2023.02.06_00_01_30_TAI.magnetogram_processed.npy,hmi.m_45s.2023.02.06_00_01_30_TAI.magnetogram_processed.npy,fec6450c25f349906ba7a9c84e0800ac8735ce6bf30c8b5b94d4f6df23354242,2023-02-06T00:01:30,2023-02-06T00:00:53.000Z,2023-02-06,2023-02-06 00:00:23.500,2.1789968013763428,stored_original_4096x4096_pixel_percentage_not_recomputed_from_npy,train,"(512, 512)",float32
988,988;989,data/processed/hmi.m_45s.2023.02.08_00_01_30_TAI.magnetogram_processed.npy,hmi.m_45s.2023.02.08_00_01_30_TAI.magnetogram_processed.npy,1fd3946ba6f981d4c2ec59b1f977068b603b72b2ad41eb31898f27e89dafa513,2023-02-08T00:01:30,2023-02-08T00:00:53.000Z,2023-02-08,2023-02-08 00:00:23.600,2.263963222503662,stored_original_4096x4096_pixel_percentage_not_recomputed_from_npy,train,"(512, 512)",float32
990,990,data/processed/hmi.m_45s.2023.02.09_00_01_30_TAI.magnetogram_processed.npy,hmi.m_45s.2023.02.09_00_01_30_TAI.magnetogram_processed.npy,433aaac2cce05be5317c70dedd2b60fda77c56ce97bd485d164596ec0a20fd6f,2023-02-09T00:01:30,2023-02-09T00:00:53.000Z,2023-02-09,2023-02-09 00:00:23.700,2.301090955734253,stored_original_4096x4096_pixel_percentage_not_recomputed_from_npy,train,"(512, 512)",float32
991,991,data/processed/hmi.m_45s.2023.02.10_00_01_30_TAI.magnetogram_processed.npy,hmi.m_45s.2023.02.10_00_01_30_TAI.magnetogram_processed.npy,18f9b8e3da3042ea2a93ee04572fc8c226087241658472363b015ec9d8064fb5,2023-02-10T00:01:30,2023-02-10T00:00:53.000Z,2023-02-10,2023-02-10 00:00:23.800,2.3275673389434814,stored_original_4096x4096_pixel_percentage_not_recomputed_from_npy,train,"(512, 512)",float32
992,992;993;994,data/processed/hmi.m_45s.2023.02.12_00_01_30_TAI.magnetogram_processed.npy,hmi.m_45s.2023.02.12_00_01_30_TAI.magnetogram_processed.npy,f67df31d1dfda528765b9928ce9057ffc5e975b0139d9a5d4cdb2712fd047d92,2023-02-12T00:01:30,2023-02-12T00:00:53.000Z,2023-02-12,2023-02-12 00:00:24.000,2.433156967163086,stored_original_4096x4096_pixel_percentage_not_recomputed_from_npy,train,"(512, 512)",float32
995,995;996,data/processed/hmi.m_45s.2023.02.14_00_01_30_TAI.magnetogram_processed.npy,hmi.m_45s.2023.02.14_00_01_30_TAI.magnetogram_processed.npy,e7046d639e898c2c946bef8d4e743b7f4c49565ff7a45a17d8e1653e992d01da,2023-02-14T00:01:30,2023-02-14T00:00:53.000Z,2023-02-14,2023-02-14 00:00:24.200,2.482748031616211,stored_original_4096x4096_pixel_percentage_not_recomputed_from_npy,train,"(512, 512)",float32
997,997,data/processed/hmi.m_45s.2023.02.17_00_01_30_TAI.magnetogram_processed.npy,hmi.m_45s.2023.02.17_00_01_30_TAI.magnetogram_processed.npy,507c92eeffd896dd411af741c33046548433a96fc4dcebc8c1685f9765410f78,2023-02-17T00:01:30,2023-02-17T00:00:53.000Z,2023-02-17,2023-02-17 00:00:24.500,2.2733330726623535,stored_original_4096x4096_pixel_percentage_not_recomputed_from_npy,train,"(512, 512)",float32
998,998;999,data/processed/hmi.m_45s.2023.02.23_00_01_30_TAI.magnetogram_processed.npy,hmi.m_45s.2023.02.23_00_01_30_TAI.magnetogram_processed.npy,7c11b9b6fb12caa06f9786e02d60edbb369c5219e1f89644df503edd1fb50f14,2023-02-23T00:01:30,2023-02-23T00:00:53.000Z,2023-02-23,2023-02-23 00:00:25.100,2.039515972137451,stored_original_4096x4096_pixel_percentage_not_recomputed_from_npy,train,"(512, 512)",float32
1000,1000,data/processed/hmi.m_45s.2023.02.25_00_01_30_TAI.magnetogram_processed.npy,hmi.m_45s.2023.02.25_00_01_30_TAI.magnetogram_processed.npy,452ac454c6c1bd14e9527937ce08503cb3ab7a0629e7e7c62a61165b56e58d27,2023-02-25T00:01:30,2023-02-25T00:00:53.000Z,2023-02-25,2023-02-25 00:00:25.300,2.1741390228271484,stored_original_4096x4096_pixel_percentage_not_recomputed_from_npy,train,"(512, 512)",float32
1001,1001;1002,data/processed/hmi.m_45s.2023.02.27_00_01_30_TAI.magnetogram_processed.npy,hmi.m_45s.2023.02.27_00_01_30_TAI.magnetogram_processed.npy,28587bba8f6bbed56e2636b04a90fc5c88e3b32441882ccaad210353ee59d662,2023-02-27T00:01:30,2023-02-27T00:00:53.000Z,2023-02-27,2023-02-27 00:00:25.600,2.1210849285125732,stored_original_4096x4096_pixel_percentage_not_recomputed_from_npy,train,"(512, 512)",float32
1003,1003,data/processed/hmi.m_45s.2023.03.01_00_01_30_TAI.magnetogram_processed.npy,hmi.m_45s.2023.03.01_00_01_30_TAI.magnetogram_processed.npy,e88f67c6d532ec1ffac90a309edd964c6e099e81bbe4e96648ac9cf9e8a5ad63,2023-03-01T00:01:30,2023-03-01T00:00:53.000Z,2023-03-01,2023-03-01 00:00:25.800,2.147132158279419,stored_original_4096x4096_pixel_percentage_not_recomputed_from_npy,train,"(512, 512)",float32
1004,1004,data/processed/hmi.m_45s.2023.03.03_00_01_30_TAI.magnetogram_processed.npy,hmi.m_45s.2023.03.03_00_01_30_TAI.magnetogram_processed.npy,d76c17ca9024c19192b2a3c42d639ffd89b838ca53d7940a4623e94cc797bcda,2023-03-03T00:01:30,2023-03-03T00:00:53.000Z,2023-03-03,2023-03-03 00:00:26.000,2.0516574382781982,stored_original_4096x4096_pixel_percentage_not_recomputed_from_npy,train,"(512, 512)",float32
1005,1005,data/processed/hmi.m_45s.2023.03.05_00_01_30_TAI.magnetogram_processed.npy,hmi.m_45s.2023.03.05_00_01_30_TAI.magnetogram_processed.npy,e23adaf11fc477fbc4116b2befd603af7d8487266488a1e2f00022c27329c556,2023-03-05T00:01:30,2023-03-05T00:00:53.000Z,2023-03-05,2023-03-05 00:00:26.300,2.2641539573669434,stored_original_4096x4096_pixel_percentage_not_recomputed_from_npy,train,"(512, 512)",float32
1006,1006,data/processed/hmi.m_45s.2023.03.06_00_01_30_TAI.magnetogram_processed.npy,hmi.m_45s.2023.03.06_00_01_30_TAI.magnetogram_processed.npy,2dc87c9e0371711cd0e350bb3e50952548e679048bf42ac3491a26b26f148ec3,2023-03-06T00:01:30,2023-03-06T00:00:53.000Z,2023-03-06,2023-03-06 00:00:26.400,2.31860876083374,stored_original_4096x4096_pixel_percentage_not_recomputed_from_npy,selection_validation,"(512, 512)",float32
1007,1007,data/processed/hmi.m_45s.2023.03.07_00_01_30_TAI.magnetogram_processed.npy,hmi.m_45s.2023.03.07_00_01_30_TAI.magnetogram_processed.npy,76bdd8a98e4b629a9dbd66ef6aa99f7d9423044aa0ffcc10ceb2f59bb521ad79,2023-03-07T00:01:30,2023-03-07T00:00:53.000Z,2023-03-07,2023-03-07 00:00:26.500,2.4387896060943604,stored_original_4096x4096_pixel_percentage_not_recomputed_from_npy,selection_validation,"(512, 512)",float32
1008,1008,data/processed/hmi.m_45s.2023.03.08_00_01_30_TAI.magnetogram_processed.npy,hmi.m_45s.2023.03.08_00_01_30_TAI.magnetogram_processed.npy,468cfa701715bc1c79c6a80b7a94623d52af16c70acf5e4aff5e49af97a82e46,2023-03-08T00:01:30,2023-03-08T00:00:53.000Z,2023-03-08,2023-03-08 00:00:26.700,2.4271607398986816,stored_original_4096x4096_pixel_percentage_not_recomputed_from_npy,train,"(512, 512)",float32
1009,1009,data/processed/hmi.m_45s.2023.03.11_00_01_30_TAI.magnetogram_processed.npy,hmi.m_45s.2023.03.11_00_01_30_TAI.magnetogram_processed.npy,72c3a755fd71ef4c2c900291f70ca34d16c35e398eb3783d6a60f18113a172da,2023-03-11T00:01:30,2023-03-11T00:00:53.000Z,2023-03-11,2023-03-11 00:00:27.000,2.242535352706909,stored_original_4096x4096_pixel_percentage_not_recomputed_from_npy,train,"(512, 512)",float32
1010,1010,data/processed/hmi.m_45s.2023.03.14_00_01_30_TAI.magnetogram_processed.npy,hmi.m_45s.2023.03.14_00_01_30_TAI.magnetogram_processed.npy,b0cbae893c180bb64f0541d506f31e702ba93f9f10522f5f06e08dabd58a96a7,2023-03-14T00:01:30,2023-03-14T00:00:53.000Z,2023-03-14,2023-03-14 00:00:27.500,2.10612416267395,stored_original_4096x4096_pixel_percentage_not_recomputed_from_npy,train,"(512, 512)",float32
1011,1011;1012,data/processed/hmi.m_45s.2023.03.21_00_01_30_TAI.magnetogram_processed.npy,hmi.m_45s.2023.03.21_00_01_30_TAI.magnetogram_processed.npy,17466a7659b8ac291284961a91f3099d0ec8cae7064921f964c7616a318474b9,2023-03-21T00:01:30,2023-03-21T00:00:53.000Z,2023-03-21,2023-03-21 00:00:28.400,1.9467711448669431,stored_original_4096x4096_pixel_percentage_not_recomputed_from_npy,train,"(512, 512)",float32
1013,1013,data/processed/hmi.m_45s.2023.03.24_00_01_30_TAI.magnetogram_processed.npy,hmi.m_45s.2023.03.24_00_01_30_TAI.magnetogram_processed.npy,ee8cd87f8eba229ca9fda4f4bd2b0cba3a1b41e5f97b32286bfcc59b6ceb6744,2023-03-24T00:01:30,2023-03-24T00:00:53.000Z,2023-03-24,2023-03-24 00:00:28.900,2.136695384979248,stored_original_4096x4096_pixel_percentage_not_recomputed_from_npy,train,"(512, 512)",float32
1014,1014;1015,data/processed/hmi.m_45s.2023.03.25_00_01_30_TAI.magnetogram_processed.npy,hmi.m_45s.2023.03.25_00_01_30_TAI.magnetogram_processed.npy,383a64ef97d1716219d13f377a86fd9750517ff07e458801c039bfb1817f23e0,2023-03-25T00:01:30,2023-03-25T00:00:53.000Z,2023-03-25,2023-03-25 00:00:29.000,2.236950397491455,stored_original_4096x4096_pixel_percentage_not_recomputed_from_npy,selection_validation,"(512, 512)",float32
1016,1016;1017,data/processed/hmi.m_45s.2023.03.28_00_01_30_TAI.magnetogram_processed.npy,hmi.m_45s.2023.03.28_00_01_30_TAI.magnetogram_processed.npy,52fb486e9a387293101c23fed829af22c600216f78091fc467a646ef51433177,2023-03-28T00:01:30,2023-03-28T00:00:53.000Z,2023-03-28,2023-03-28 00:00:29.400,2.1961331367492676,stored_original_4096x4096_pixel_percentage_not_recomputed_from_npy,train,"(512, 512)",float32
1018,1018;1019,data/processed/hmi.m_45s.2023.03.30_00_01_30_TAI.magnetogram_processed.npy,hmi.m_45s.2023.03.30_00_01_30_TAI.magnetogram_processed.npy,069b6fa4bd7f9a30ab016fc50a2fd022eccef8ee21a71c7f5678b291aa025452,2023-03-30T00:01:30,2023-03-30T00:00:53.000Z,2023-03-30,2023-03-30 00:00:29.700,2.099829912185669,stored_original_4096x4096_pixel_percentage_not_recomputed_from_npy,train,"(512, 512)",float32
1020,1020;1021,data/processed/hmi.m_45s.2023.04.02_00_01_30_TAI.magnetogram_processed.npy,hmi.m_45s.2023.04.02_00_01_30_TAI.magnetogram_processed.npy,cd8f63657734183d29cb99035b83c7a9e34e966e855eb93d2616b2b2dc327b2a,2023-04-02T00:01:30,2023-04-02T00:00:53.000Z,2023-04-02,2023-04-02 00:00:30.100,1.8665790557861328,stored_original_4096x4096_pixel_percentage_not_recomputed_from_npy,train,"(512, 512)",float32
1022,1022,data/processed/hmi.m_45s.2023.04.04_00_01_30_TAI.magnetogram_processed.npy,hmi.m_45s.2023.04.04_00_01_30_TAI.magnetogram_processed.npy,110d41bbd2bd1e92d02efba64234e5b39e3823de4222452fc1dfb3921e0381f3,2023-04-04T00:01:30,2023-04-04T00:00:53.000Z,2023-04-04,2023-04-04 00:00:30.400,1.899796724319458,stored_original_4096x4096_pixel_percentage_not_recomputed_from_npy,train,"(512, 512)",float32
1023,1023,data/processed/hmi.m_45s.2023.04.06_00_01_30_TAI.magnetogram_processed.npy,hmi.m_45s.2023.04.06_00_01_30_TAI.magnetogram_processed.npy,4bb07af681fe6d8664854c8bd5a1b7f2aa980075f9461e6abacdd5ee0fe853bb,2023-04-06T00:01:30,2023-04-06T00:00:53.000Z,2023-04-06,2023-04-06 00:00:30.700,1.9866108894348145,stored_original_4096x4096_pixel_percentage_not_recomputed_from_npy,train,"(512, 512)",float32
1024,1024,data/processed/hmi.m_45s.2023.04.07_00_01_30_TAI.magnetogram_processed.npy,hmi.m_45s.2023.04.07_00_01_30_TAI.magnetogram_processed.npy,0f15e9f3855c3c1a5e368f3210668cf22a52062c34b2be394f96c39919b6a15f,2023-04-07T00:01:30,2023-04-07T00:00:53.000Z,2023-04-07,2023-04-07 00:00:30.800,1.941490173339844,stored_original_4096x4096_pixel_percentage_not_recomputed_from_npy,train,"(512, 512)",float32
1025,1025,data/processed/hmi.m_45s.2023.04.10_00_01_30_TAI.magnetogram_processed.npy,hmi.m_45s.2023.04.10_00_01_30_TAI.magnetogram_processed.npy,7cd701a7dd8921d0027655629ee30318b376d61f083d417d433a440462365084,2023-04-10T00:01:30,2023-04-10T00:00:53.000Z,2023-04-10,2023-04-10 00:00:31.300,1.9463121891021729,stored_original_4096x4096_pixel_percentage_not_recomputed_from_npy,selection_validation,"(512, 512)",float32
1026,1026;1027,data/processed/hmi.m_45s.2023.04.12_00_01_30_TAI.magnetogram_processed.npy,hmi.m_45s.2023.04.12_00_01_30_TAI.magnetogram_processed.npy,6b137660ef7df75d8031f9a8c0ffc77d3accdb43bdf12ad87798fb7003bd7373,2023-04-12T00:01:30,2023-04-12T00:00:53.000Z,2023-04-12,2023-04-12 00:00:31.500,2.013421058654785,stored_original_4096x4096_pixel_percentage_not_recomputed_from_npy,train,"(512, 512)",float32
1028,1028;1029;1030,data/processed/hmi.m_45s.2023.04.13_00_01_30_TAI.magnetogram_processed.npy,hmi.m_45s.2023.04.13_00_01_30_TAI.magnetogram_processed.npy,fc0d9a4caae2cd7317c7e56df355aa296675c3411a4f31ddf22191c4c09d3486,2023-04-13T00:01:30,2023-04-13T00:00:53.000Z,2023-04-13,2023-04-13 00:00:31.700,2.0414233207702637,stored_original_4096x4096_pixel_percentage_not_recomputed_from_npy,selection_validation,"(512, 512)",float32
1031,1031,data/processed/hmi.m_45s.2023.04.18_00_01_30_TAI.magnetogram_processed.npy,hmi.m_45s.2023.04.18_00_01_30_TAI.magnetogram_processed.npy,e0d4ee00a51eb2b518ef8be414624959a87089f2e9ae65f34a08fa792586d13f,2023-04-18T00:01:30,2023-04-18T00:00:53.000Z,2023-04-18,2023-04-18 00:00:32.400,2.0826637744903564,stored_original_4096x4096_pixel_percentage_not_recomputed_from_npy,selection_validation,"(512, 512)",float32
1032,1032,data/processed/hmi.m_45s.2023.04.20_00_01_30_TAI.magnetogram_processed.npy,hmi.m_45s.2023.04.20_00_01_30_TAI.magnetogram_processed.npy,32abc956eaae9caddf042c9ebd6f72b5ded36b92d66ceff85df52db7b13c8eb4,2023-04-20T00:01:30,2023-04-20T00:00:53.000Z,2023-04-20,2023-04-20 00:00:32.700,2.044391632080078,stored_original_4096x4096_pixel_percentage_not_recomputed_from_npy,train,"(512, 512)",float32
1033,1033,data/processed/hmi.m_45s.2023.04.22_00_01_30_TAI.magnetogram_processed.npy,hmi.m_45s.2023.04.22_00_01_30_TAI.magnetogram_processed.npy,c49fbe48ed58800847afde99d2acae477c5512cb8deac6a60a7e8c3518311b11,2023-04-22T00:01:30,2023-04-22T00:00:53.000Z,2023-04-22,2023-04-22 00:00:33.000,1.9677400588989256,stored_original_4096x4096_pixel_percentage_not_recomputed_from_npy,train,"(512, 512)",float32
1034,1034;1035,data/processed/hmi.m_45s.2023.04.24_00_01_30_TAI.magnetogram_processed.npy,hmi.m_45s.2023.04.24_00_01_30_TAI.magnetogram_processed.npy,47ce4f5aeebbe0442f670efed04b6e45bbc1eb3aeaa5fbeec2f2de87bfd98b18,2023-04-24T00:01:30,2023-04-24T00:00:53.000Z,2023-04-24,2023-04-24 00:00:33.200,1.812523603439331,stored_original_4096x4096_pixel_percentage_not_recomputed_from_npy,train,"(512, 512)",float32
1036,1036,data/processed/hmi.m_45s.2023.04.28_00_01_30_TAI.magnetogram_processed.npy,hmi.m_45s.2023.04.28_00_01_30_TAI.magnetogram_processed.npy,5ff906b990d36bfb5fa45ee284f13b34c8eabdf99ad3bfca9afd07da487bafec,2023-04-28T00:01:30,2023-04-28T00:00:53.000Z,2023-04-28,2023-04-28 00:00:33.700,1.8885910511016848,stored_original_4096x4096_pixel_percentage_not_recomputed_from_npy,train,"(512, 512)",float32
1037,1037,data/processed/hmi.m_45s.2023.05.01_00_01_30_TAI.magnetogram_processed.npy,hmi.m_45s.2023.05.01_00_01_30_TAI.magnetogram_processed.npy,36d41e54b06b37af7217c2fca295741fa1fa645981e4f671c9961417c346a17e,2023-05-01T00:01:30,2023-05-01T00:00:53.000Z,2023-05-01,2023-05-01 00:00:34.100,1.9001960754394531,stored_original_4096x4096_pixel_percentage_not_recomputed_from_npy,train,"(512, 512)",float32
1038,1038;1039,data/processed/hmi.m_45s.2023.05.03_00_01_30_TAI.magnetogram_processed.npy,hmi.m_45s.2023.05.03_00_01_30_TAI.magnetogram_processed.npy,c8bf1dbcb7359e707cc8877c7b63e85a9a141cf1885977e4d16157f6bf218824,2023-05-03T00:01:30,2023-05-03T00:00:53.000Z,2023-05-03,2023-05-03 00:00:34.400,1.8579423427581787,stored_original_4096x4096_pixel_percentage_not_recomputed_from_npy,train,"(512, 512)",float32
1040,1040,data/processed/hmi.m_45s.2023.05.07_00_01_30_TAI.magnetogram_processed.npy,hmi.m_45s.2023.05.07_00_01_30_TAI.magnetogram_processed.npy,5d71ecb0f1ed9ba115b90a9d2098c191332a3b48c2bcd89457dab30cc7fffa00,2023-05-07T00:01:30,2023-05-07T00:00:53.000Z,2023-05-07,2023-05-07 00:00:34.800,1.9774973392486572,stored_original_4096x4096_pixel_percentage_not_recomputed_from_npy,train,"(512, 512)",float32
1041,1041,data/processed/hmi.m_45s.2023.05.15_00_01_30_TAI.magnetogram_processed.npy,hmi.m_45s.2023.05.15_00_01_30_TAI.magnetogram_processed.npy,47c568e70cabef7af43430f2a14c4df5c6e2e97145d58491d4f9692906b666a1,2023-05-15T00:01:30,2023-05-15T00:00:53.000Z,2023-05-15,2023-05-15 00:00:35.800,1.8768489360809328,stored_original_4096x4096_pixel_percentage_not_recomputed_from_npy,selection_validation,"(512, 512)",float32
1042,1042,data/processed/hmi.m_45s.2023.05.19_00_01_30_TAI.magnetogram_processed.npy,hmi.m_45s.2023.05.19_00_01_30_TAI.magnetogram_processed.npy,ab3826b806734290f8bc4bc1b394c84a2436bfd5bef75907934d6670952c7fcd,2023-05-19T00:01:30,2023-05-19T00:00:53.000Z,2023-05-19,2023-05-19 00:00:36.200,1.8133282661437988,stored_original_4096x4096_pixel_percentage_not_recomputed_from_npy,train,"(512, 512)",float32
1043,1043,data/processed/hmi.m_45s.2023.05.20_00_01_30_TAI.magnetogram_processed.npy,hmi.m_45s.2023.05.20_00_01_30_TAI.magnetogram_processed.npy,7bf27c90fb9bf1e9317ba60afb1ff7e763c269cbf82eddfd2c44c2791b1523a7,2023-05-20T00:01:30,2023-05-20T00:00:53.000Z,2023-05-20,2023-05-20 00:00:36.300,1.8853724002838137,stored_original_4096x4096_pixel_percentage_not_recomputed_from_npy,selection_validation,"(512, 512)",float32
1044,1044;1045,data/processed/hmi.m_45s.2023.05.21_00_01_30_TAI.magnetogram_processed.npy,hmi.m_45s.2023.05.21_00_01_30_TAI.magnetogram_processed.npy,35ff6920328789e785083ba1f56dc6b4a1c80e1e6c17cac7e114c949922fa48c,2023-05-21T00:01:30,2023-05-21T00:00:53.000Z,2023-05-21,2023-05-21 00:00:36.400,1.9088387489318848,stored_original_4096x4096_pixel_percentage_not_recomputed_from_npy,train,"(512, 512)",float32
1046,1046,data/processed/hmi.m_45s.2023.05.22_00_01_30_TAI.magnetogram_processed.npy,hmi.m_45s.2023.05.22_00_01_30_TAI.magnetogram_processed.npy,bca5b3036ab02c9d58cb324ad5ee9fcc8296ae53ead6fd168ee5b417ad8fcc47,2023-05-22T00:01:30,2023-05-22T00:00:53.000Z,2023-05-22,2023-05-22 00:00:36.500,1.95239782333374,stored_original_4096x4096_pixel_percentage_not_recomputed_from_npy,train,"(512, 512)",float32
1047,1047;1048,data/processed/hmi.m_45s.2023.05.24_00_01_30_TAI.magnetogram_processed.npy,hmi.m_45s.2023.05.24_00_01_30_TAI.magnetogram_processed.npy,f67943f7679ae665fc716c676913885e3240149c55eee8f437818bf843ee86e7,2023-05-24T00:01:30,2023-05-24T00:00:53.000Z,2023-05-24,2023-05-24 00:00:36.700,2.078819274902344,stored_original_4096x4096_pixel_percentage_not_recomputed_from_npy,train,"(512, 512)",float32
1049,1049,data/processed/hmi.m_45s.2023.05.25_00_01_30_TAI.magnetogram_processed.npy,hmi.m_45s.2023.05.25_00_01_30_TAI.magnetogram_processed.npy,b897857a33eaac3a9a39b56e4bad011f1a16e3cae1646853af9a1449e564aa4d,2023-05-25T00:01:30,2023-05-25T00:00:53.000Z,2023-05-25,2023-05-25 00:00:36.800,2.134859561920166,stored_original_4096x4096_pixel_percentage_not_recomputed_from_npy,train,"(512, 512)",float32
1050,1050;1051,data/processed/hmi.m_45s.2023.05.26_00_01_30_TAI.magnetogram_processed.npy,hmi.m_45s.2023.05.26_00_01_30_TAI.magnetogram_processed.npy,a175fae4aef576244fb529bf50c8c517e7805c5c67bc354cc9620c6ccbb2a404,2023-05-26T00:01:30,2023-05-26T00:00:53.000Z,2023-05-26,2023-05-26 00:00:36.900,2.087998390197754,stored_original_4096x4096_pixel_percentage_not_recomputed_from_npy,train,"(512, 512)",float32
1052,1052,data/processed/hmi.m_45s.2023.05.27_00_01_30_TAI.magnetogram_processed.npy,hmi.m_45s.2023.05.27_00_01_30_TAI.magnetogram_processed.npy,34bc6f20f6d463d3af585f454a8f5906a2b77e5f140a40266dcd02df565ce554,2023-05-27T00:01:30,2023-05-27T00:00:53.000Z,2023-05-27,2023-05-27 00:00:37.000,2.065378427505493,stored_original_4096x4096_pixel_percentage_not_recomputed_from_npy,train,"(512, 512)",float32
1053,1053,data/processed/hmi.m_45s.2023.05.29_00_01_30_TAI.magnetogram_processed.npy,hmi.m_45s.2023.05.29_00_01_30_TAI.magnetogram_processed.npy,56c4403217a79e5ce4aeeec842cbd3e9847b2325d873e8eb2bda32fb81dd5a65,2023-05-29T00:01:30,2023-05-29T00:00:53.000Z,2023-05-29,2023-05-29 00:00:37.100,1.9067466259002688,stored_original_4096x4096_pixel_percentage_not_recomputed_from_npy,train,"(512, 512)",float32
1054,1054,data/processed/hmi.m_45s.2023.05.31_00_01_30_TAI.magnetogram_processed.npy,hmi.m_45s.2023.05.31_00_01_30_TAI.magnetogram_processed.npy,f447f08acc64c88e6e9f2ed27c9257cc14e4475499e6fdde51846a5d7a5f5946,2023-05-31T00:01:30,2023-05-31T00:00:53.000Z,2023-05-31,2023-05-31 00:00:37.300,1.8259704113006592,stored_original_4096x4096_pixel_percentage_not_recomputed_from_npy,selection_validation,"(512, 512)",float32
1055,1055,data/processed/hmi.m_45s.2023.06.02_00_01_30_TAI.magnetogram_processed.npy,hmi.m_45s.2023.06.02_00_01_30_TAI.magnetogram_processed.npy,3691595e6b318a53316a63a635658263a70452b7c9972a5ff3f7cce53c5c752d,2023-06-02T00:01:30,2023-06-02T00:00:53.000Z,2023-06-02,2023-06-02 00:00:37.400,1.8565654754638672,stored_original_4096x4096_pixel_percentage_not_recomputed_from_npy,train,"(512, 512)",float32
1056,1056,data/processed/hmi.m_45s.2023.06.03_00_01_30_TAI.magnetogram_processed.npy,hmi.m_45s.2023.06.03_00_01_30_TAI.magnetogram_processed.npy,105df2e23cff49edbdd416be1e2dae16f72660dd782a5616530e89ca2688f8c4,2023-06-03T00:01:30,2023-06-03T00:00:53.000Z,2023-06-03,2023-06-03 00:00:37.500,1.8836796283721924,stored_original_4096x4096_pixel_percentage_not_recomputed_from_npy,train,"(512, 512)",float32
1057,1057,data/processed/hmi.m_45s.2023.06.04_00_01_30_TAI.magnetogram_processed.npy,hmi.m_45s.2023.06.04_00_01_30_TAI.magnetogram_processed.npy,e684bd78e4a15bf7edd1114caa3c45eebb9856e23c664e268189c0bc693c9ad1,2023-06-04T00:01:30,2023-06-04T00:00:53.000Z,2023-06-04,2023-06-04 00:00:37.600,1.914024353027344,stored_original_4096x4096_pixel_percentage_not_recomputed_from_npy,train,"(512, 512)",float32
1058,1058,data/processed/hmi.m_45s.2023.06.07_00_01_30_TAI.magnetogram_processed.npy,hmi.m_45s.2023.06.07_00_01_30_TAI.magnetogram_processed.npy,d11040132acd43298ec1ab02aabdb03e5640e148d75c949d6387c16823ab5699,2023-06-07T00:01:30,2023-06-07T00:00:53.000Z,2023-06-07,2023-06-07 00:00:37.800,2.0940065383911133,stored_original_4096x4096_pixel_percentage_not_recomputed_from_npy,train,"(512, 512)",float32
1059,1059,data/processed/hmi.m_45s.2023.06.11_00_01_30_TAI.magnetogram_processed.npy,hmi.m_45s.2023.06.11_00_01_30_TAI.magnetogram_processed.npy,c88391822019feb7a8e9ec4ce1cd11ba64831acb339e5c82e03e85191ae60859,2023-06-11T00:01:30,2023-06-11T00:00:53.000Z,2023-06-11,2023-06-11 00:00:38.100,2.1289467811584473,stored_original_4096x4096_pixel_percentage_not_recomputed_from_npy,selection_validation,"(512, 512)",float32
1060,1060,data/processed/hmi.m_45s.2023.06.12_00_01_30_TAI.magnetogram_processed.npy,hmi.m_45s.2023.06.12_00_01_30_TAI.magnetogram_processed.npy,acd59ca27fdedee5d0fd831aa19369093fe99b0786a8cfc2c58a862d5ec91a41,2023-06-12T00:01:30,2023-06-12T00:00:53.000Z,2023-06-12,2023-06-12 00:00:38.100,2.018076181411743,stored_original_4096x4096_pixel_percentage_not_recomputed_from_npy,selection_validation,"(512, 512)",float32
1061,1061,data/processed/hmi.m_45s.2023.06.13_00_01_30_TAI.magnetogram_processed.npy,hmi.m_45s.2023.06.13_00_01_30_TAI.magnetogram_processed.npy,10d0e91bc1239863c1eafa538033b4574c98aac35a79e36b4d64f718f95eb667,2023-06-13T00:01:30,2023-06-13T00:00:53.000Z,2023-06-13,2023-06-13 00:00:38.200,1.913285255432129,stored_original_4096x4096_pixel_percentage_not_recomputed_from_npy,train,"(512, 512)",float32
1062,1062,data/processed/hmi.m_45s.2023.06.14_00_01_30_TAI.magnetogram_processed.npy,hmi.m_45s.2023.06.14_00_01_30_TAI.magnetogram_processed.npy,169f20e6d5284543a5add916ecb3f50bf08fdd4c9f59ad4e420a347fea1a87ab,2023-06-14T00:01:30,2023-06-14T00:00:53.000Z,2023-06-14,2023-06-14 00:00:38.200,1.8089115619659424,stored_original_4096x4096_pixel_percentage_not_recomputed_from_npy,train,"(512, 512)",float32
1063,1063,data/processed/hmi.m_45s.2023.06.18_00_01_30_TAI.magnetogram_processed.npy,hmi.m_45s.2023.06.18_00_01_30_TAI.magnetogram_processed.npy,91253bd2c5ecb1e98458972cadc93d77021a95678522f1a1eb3c809ea4489899,2023-06-18T00:01:30,2023-06-18T00:00:53.000Z,2023-06-18,2023-06-18 00:00:38.400,1.9831180572509768,stored_original_4096x4096_pixel_percentage_not_recomputed_from_npy,train,"(512, 512)",float32
1064,1064,data/processed/hmi.m_45s.2023.06.19_00_01_30_TAI.magnetogram_processed.npy,hmi.m_45s.2023.06.19_00_01_30_TAI.magnetogram_processed.npy,6debde41693c360159391305862b1a309d5f37552b2158f542630d335f3e2476,2023-06-19T00:01:30,2023-06-19T00:00:53.000Z,2023-06-19,2023-06-19 00:00:38.500,2.094036340713501,stored_original_4096x4096_pixel_percentage_not_recomputed_from_npy,selection_validation,"(512, 512)",float32
1065,1065,data/processed/hmi.m_45s.2023.06.20_00_01_30_TAI.magnetogram_processed.npy,hmi.m_45s.2023.06.20_00_01_30_TAI.magnetogram_processed.npy,784ddb9907a5dcc1c7e142772d47d6bcd9ebb67e27cb9aff8b67ef3b4b5b786f,2023-06-20T00:01:30,2023-06-20T00:00:53.000Z,2023-06-20,2023-06-20 00:00:38.500,2.177679538726806,stored_original_4096x4096_pixel_percentage_not_recomputed_from_npy,selection_validation,"(512, 512)",float32
1066,1066;1067,data/processed/hmi.m_45s.2023.06.21_00_01_30_TAI.magnetogram_processed.npy,hmi.m_45s.2023.06.21_00_01_30_TAI.magnetogram_processed.npy,3bc861213a9da344bc6c5e303f8d02e418d777a7825a9f27baa5e2838b3189e1,2023-06-21T00:01:30,2023-06-21T00:00:53.000Z,2023-06-21,2023-06-21 00:00:38.500,2.2274017333984375,stored_original_4096x4096_pixel_percentage_not_recomputed_from_npy,train,"(512, 512)",float32
1068,1068,data/processed/hmi.m_45s.2023.06.22_00_01_30_TAI.magnetogram_processed.npy,hmi.m_45s.2023.06.22_00_01_30_TAI.magnetogram_processed.npy,683dc1127b8cae2d6e14e347bcbcfcb45125c2c58ed0dfca1f16e0605cf3f471,2023-06-22T00:01:30,2023-06-22T00:00:53.000Z,2023-06-22,2023-06-22 00:00:38.600,2.235037088394165,stored_original_4096x4096_pixel_percentage_not_recomputed_from_npy,train,"(512, 512)",float32
1069,1069,data/processed/hmi.m_45s.2023.06.25_00_01_30_TAI.magnetogram_processed.npy,hmi.m_45s.2023.06.25_00_01_30_TAI.magnetogram_processed.npy,8116272308a32cf84f31343a0c0d4140a5879277f06daf6fcaab629e26562af2,2023-06-25T00:01:30,2023-06-25T00:00:53.000Z,2023-06-25,2023-06-25 00:00:38.600,2.057904005050659,stored_original_4096x4096_pixel_percentage_not_recomputed_from_npy,train,"(512, 512)",float32
1070,1070,data/processed/hmi.m_45s.2023.06.26_00_01_30_TAI.magnetogram_processed.npy,hmi.m_45s.2023.06.26_00_01_30_TAI.magnetogram_processed.npy,916c13d0ddc9762af49e353a04dc6a3834e1b4e3280d21339f989fa7ed07e666,2023-06-26T00:01:30,2023-06-26T00:00:53.000Z,2023-06-26,2023-06-26 00:00:38.700,1.9628167152404783,stored_original_4096x4096_pixel_percentage_not_recomputed_from_npy,train,"(512, 512)",float32
1071,1071,data/processed/hmi.m_45s.2023.06.30_00_01_30_TAI.magnetogram_processed.npy,hmi.m_45s.2023.06.30_00_01_30_TAI.magnetogram_processed.npy,1993180e238de6acb993154e785ef3814ab2130d702f61f26c24f1992ab53f71,2023-06-30T00:01:30,2023-06-30T00:00:53.000Z,2023-06-30,2023-06-30 00:00:38.700,1.8936514854431152,stored_original_4096x4096_pixel_percentage_not_recomputed_from_npy,train,"(512, 512)",float32
1072,1072,data/processed/hmi.m_45s.2023.07.01_00_01_30_TAI.magnetogram_processed.npy,hmi.m_45s.2023.07.01_00_01_30_TAI.magnetogram_processed.npy,35321ae0b1338fc411e760d16071f9c4cc580c588a08c3bf9035ef71c3e6f40c,2023-07-01T00:01:30,2023-07-01T00:00:53.000Z,2023-07-01,2023-07-01 00:00:38.700,1.878303289413452,stored_original_4096x4096_pixel_percentage_not_recomputed_from_npy,train,"(512, 512)",float32
1073,1073,data/processed/hmi.m_45s.2023.07.02_00_01_30_TAI.magnetogram_processed.npy,hmi.m_45s.2023.07.02_00_01_30_TAI.magnetogram_processed.npy,d936fd8b74b98c19e3e98a53e02d598e4a4084654cc907c23792729d8634b989,2023-07-02T00:01:30,2023-07-02T00:00:53.000Z,2023-07-02,2023-07-02 00:00:38.700,1.9172608852386477,stored_original_4096x4096_pixel_percentage_not_recomputed_from_npy,train,"(512, 512)",float32
1074,1074;1075,data/processed/hmi.m_45s.2023.07.06_00_01_30_TAI.magnetogram_processed.npy,hmi.m_45s.2023.07.06_00_01_30_TAI.magnetogram_processed.npy,3888222d38381a41dc42118afc8e82e1fd3143b2ba7d14c0d8d6c04586335932,2023-07-06T00:01:30,2023-07-06T00:00:53.000Z,2023-07-06,2023-07-06 00:00:38.800,2.029561996459961,stored_original_4096x4096_pixel_percentage_not_recomputed_from_npy,train,"(512, 512)",float32
1076,1076,data/processed/hmi.m_45s.2023.07.10_00_01_30_TAI.magnetogram_processed.npy,hmi.m_45s.2023.07.10_00_01_30_TAI.magnetogram_processed.npy,20525a0e3cf6f0ea0880b14b484d89d3adae4a781c2637f9d29d1546e9742e3e,2023-07-10T00:01:30,2023-07-10T00:00:53.000Z,2023-07-10,2023-07-10 00:00:38.800,2.108168601989746,stored_original_4096x4096_pixel_percentage_not_recomputed_from_npy,train,"(512, 512)",float32
1077,1077,data/processed/hmi.m_45s.2023.07.12_00_01_30_TAI.magnetogram_processed.npy,hmi.m_45s.2023.07.12_00_01_30_TAI.magnetogram_processed.npy,e9dabd3ad06331de7389c080d8ca8942b142d9835939218d8e78b75f30f9222d,2023-07-12T00:01:30,2023-07-12T00:00:53.000Z,2023-07-12,2023-07-12 00:00:38.700,2.0877957344055176,stored_original_4096x4096_pixel_percentage_not_recomputed_from_npy,train,"(512, 512)",float32
1078,1078,data/processed/hmi.m_45s.2023.07.13_00_01_30_TAI.magnetogram_processed.npy,hmi.m_45s.2023.07.13_00_01_30_TAI.magnetogram_processed.npy,474a29db03ca4a67aa33278d76940ec94e226f46e571d6cfb19b7cab5062e4d6,2023-07-13T00:01:30,2023-07-13T00:00:53.000Z,2023-07-13,2023-07-13 00:00:38.700,2.0758748054504395,stored_original_4096x4096_pixel_percentage_not_recomputed_from_npy,selection_validation,"(512, 512)",float32
1079,1079,data/processed/hmi.m_45s.2023.07.15_00_01_30_TAI.magnetogram_processed.npy,hmi.m_45s.2023.07.15_00_01_30_TAI.magnetogram_processed.npy,ea936249c114e024a92d217d5f7861ec3f40b2e770994142351b1e937dfdb508,2023-07-15T00:01:30,2023-07-15T00:00:53.000Z,2023-07-15,2023-07-15 00:00:38.700,2.122950553894043,stored_original_4096x4096_pixel_percentage_not_recomputed_from_npy,train,"(512, 512)",float32
1080,1080;1081,data/processed/hmi.m_45s.2023.07.16_00_01_30_TAI.magnetogram_processed.npy,hmi.m_45s.2023.07.16_00_01_30_TAI.magnetogram_processed.npy,34ed6775df069e0e1ee0461335811e1a3d30d3881abb53467ab70f2b3c5a9f54,2023-07-16T00:01:30,2023-07-16T00:00:53.000Z,2023-07-16,2023-07-16 00:00:38.700,2.1818578243255615,stored_original_4096x4096_pixel_percentage_not_recomputed_from_npy,train,"(512, 512)",float32
1082,1082,data/processed/hmi.m_45s.2023.07.18_00_01_30_TAI.magnetogram_processed.npy,hmi.m_45s.2023.07.18_00_01_30_TAI.magnetogram_processed.npy,0ab80ff286d14413de629d4ba40c6a1a0eb1bc404f77313529e729c4fd571ae9,2023-07-18T00:01:30,2023-07-18T00:00:53.000Z,2023-07-18,2023-07-18 00:00:38.600,2.232491970062256,stored_original_4096x4096_pixel_percentage_not_recomputed_from_npy,train,"(512, 512)",float32
1083,1083,data/processed/hmi.m_45s.2023.07.19_00_01_30_TAI.magnetogram_processed.npy,hmi.m_45s.2023.07.19_00_01_30_TAI.magnetogram_processed.npy,7be1ea68317c140096b667f1ae1be975c98109029e7f4ffa8bd632f7c9c8fabc,2023-07-19T00:01:30,2023-07-19T00:00:53.000Z,2023-07-19,2023-07-19 00:00:38.600,2.2655189037323,stored_original_4096x4096_pixel_percentage_not_recomputed_from_npy,train,"(512, 512)",float32
1084,1084;1085,data/processed/hmi.m_45s.2023.07.21_00_01_30_TAI.magnetogram_processed.npy,hmi.m_45s.2023.07.21_00_01_30_TAI.magnetogram_processed.npy,598b2cd3dd2a73d07d1e4990e724f3dffbb4a68b71e3f197491d3ba721545680,2023-07-21T00:01:30,2023-07-21T00:00:53.000Z,2023-07-21,2023-07-21 00:00:38.500,2.2643983364105225,stored_original_4096x4096_pixel_percentage_not_recomputed_from_npy,train,"(512, 512)",float32
1086,1086;1087,data/processed/hmi.m_45s.2023.07.23_00_01_30_TAI.magnetogram_processed.npy,hmi.m_45s.2023.07.23_00_01_30_TAI.magnetogram_processed.npy,c6b137c561d4b27e0624221ad7fa75477d11e8b8ebeba4af4904c65bb186b6ee,2023-07-23T00:01:30,2023-07-23T00:00:53.000Z,2023-07-23,2023-07-23 00:00:38.400,2.1984875202178955,stored_original_4096x4096_pixel_percentage_not_recomputed_from_npy,train,"(512, 512)",float32
1088,1088,data/processed/hmi.m_45s.2023.07.27_00_01_30_TAI.magnetogram_processed.npy,hmi.m_45s.2023.07.27_00_01_30_TAI.magnetogram_processed.npy,5aedbb3c9811fb9fd3ef1456bf19e11e49e12770d9051f87f885bf1492645f2c,2023-07-27T00:01:30,2023-07-27T00:00:53.000Z,2023-07-27,2023-07-27 00:00:38.300,2.0376622676849365,stored_original_4096x4096_pixel_percentage_not_recomputed_from_npy,train,"(512, 512)",float32
1089,1089;1090,data/processed/hmi.m_45s.2023.07.28_00_01_30_TAI.magnetogram_processed.npy,hmi.m_45s.2023.07.28_00_01_30_TAI.magnetogram_processed.npy,58f48b22bcf48a4f0fd8451427a6aa11952ec243bb5368345c69b90ff918cdd8,2023-07-28T00:01:30,2023-07-28T00:00:53.000Z,2023-07-28,2023-07-28 00:00:38.200,2.0286738872528076,stored_original_4096x4096_pixel_percentage_not_recomputed_from_npy,train,"(512, 512)",float32
1091,1091,data/processed/hmi.m_45s.2023.07.29_00_01_30_TAI.magnetogram_processed.npy,hmi.m_45s.2023.07.29_00_01_30_TAI.magnetogram_processed.npy,fd3a09024950b388c8f49613d8d4e93706c5b03d68a7015e8d0aa1077496ebd3,2023-07-29T00:01:30,2023-07-29T00:00:53.000Z,2023-07-29,2023-07-29 00:00:38.100,2.0573854446411133,stored_original_4096x4096_pixel_percentage_not_recomputed_from_npy,train,"(512, 512)",float32
1092,1092,data/processed/hmi.m_45s.2023.08.02_00_01_30_TAI.magnetogram_processed.npy,hmi.m_45s.2023.08.02_00_01_30_TAI.magnetogram_processed.npy,eaa2d7b525ea4cf2713cea8ff38652777bd0330029be6b102dd95a8737b1907f,2023-08-02T00:01:30,2023-08-02T00:00:53.000Z,2023-08-02,2023-08-02 00:00:37.900,2.1972715854644775,stored_original_4096x4096_pixel_percentage_not_recomputed_from_npy,train,"(512, 512)",float32
1093,1093,data/processed/hmi.m_45s.2023.08.06_00_01_30_TAI.magnetogram_processed.npy,hmi.m_45s.2023.08.06_00_01_30_TAI.magnetogram_processed.npy,e69caaf929c6fe81e93fa9662299adc27fb6590c975f59758f8b96451f62aa6f,2023-08-06T00:01:30,2023-08-06T00:00:53.000Z,2023-08-06,2023-08-06 00:00:37.600,2.074974775314331,stored_original_4096x4096_pixel_percentage_not_recomputed_from_npy,selection_validation,"(512, 512)",float32
1094,1094,data/processed/hmi.m_45s.2023.08.08_00_01_30_TAI.magnetogram_processed.npy,hmi.m_45s.2023.08.08_00_01_30_TAI.magnetogram_processed.npy,cc7aea4f8670f9a5c6798901e2242280f2747e023059d397d51f93418a008130,2023-08-08T00:01:30,2023-08-08T00:00:53.000Z,2023-08-08,2023-08-08 00:00:37.500,1.9753456115722656,stored_original_4096x4096_pixel_percentage_not_recomputed_from_npy,train,"(512, 512)",float32
1095,1095,data/processed/hmi.m_45s.2023.08.19_00_01_30_TAI.magnetogram_processed.npy,hmi.m_45s.2023.08.19_00_01_30_TAI.magnetogram_processed.npy,df2a56d2b9fa47c74cbaa1f593eefd9bf6d01b01890a8c28e6cd11c19cdc3459,2023-08-19T00:01:30,2023-08-19T00:00:53.000Z,2023-08-19,2023-08-19 00:00:36.600,1.95387601852417,stored_original_4096x4096_pixel_percentage_not_recomputed_from_npy,train,"(512, 512)",float32
1096,1096,data/processed/hmi.m_45s.2023.08.21_00_01_30_TAI.magnetogram_processed.npy,hmi.m_45s.2023.08.21_00_01_30_TAI.magnetogram_processed.npy,b720a57ec5c6b5fe531d84c6f1b273828ced7ea32403efd95eb876d361e70743,2023-08-21T00:01:30,2023-08-21T00:00:53.000Z,2023-08-21,2023-08-21 00:00:36.400,1.8904507160186768,stored_original_4096x4096_pixel_percentage_not_recomputed_from_npy,selection_validation,"(512, 512)",float32
1097,1097,data/processed/hmi.m_45s.2023.08.26_00_01_30_TAI.magnetogram_processed.npy,hmi.m_45s.2023.08.26_00_01_30_TAI.magnetogram_processed.npy,cc5b27562a8eb2e1dee65c051666d57934e92788d85bce1893abf7fb2f1bd886,2023-08-26T00:01:30,2023-08-26T00:00:53.000Z,2023-08-26,2023-08-26 00:00:35.800,1.9514501094818115,stored_original_4096x4096_pixel_percentage_not_recomputed_from_npy,train,"(512, 512)",float32
1098,1098,data/processed/hmi.m_45s.2023.08.27_00_01_30_TAI.magnetogram_processed.npy,hmi.m_45s.2023.08.27_00_01_30_TAI.magnetogram_processed.npy,6b2db9adeed6fb9fa6a7f0bffb16d8d36fb6a2e69b9f9833d6983fbab14421bc,2023-08-27T00:01:30,2023-08-27T00:00:53.000Z,2023-08-27,2023-08-27 00:00:35.700,1.9465923309326172,stored_original_4096x4096_pixel_percentage_not_recomputed_from_npy,train,"(512, 512)",float32
1099,1099,data/processed/hmi.m_45s.2023.08.28_00_01_30_TAI.magnetogram_processed.npy,hmi.m_45s.2023.08.28_00_01_30_TAI.magnetogram_processed.npy,7aa19373bafd89b1f8db709859338a6aef670c0fedae8bd287bf9fa6491f0182,2023-08-28T00:01:30,2023-08-28T00:00:53.000Z,2023-08-28,2023-08-28 00:00:35.600,1.9330739974975584,stored_original_4096x4096_pixel_percentage_not_recomputed_from_npy,train,"(512, 512)",float32
1100,1100;1101,data/processed/hmi.m_45s.2023.08.29_00_01_30_TAI.magnetogram_processed.npy,hmi.m_45s.2023.08.29_00_01_30_TAI.magnetogram_processed.npy,bc0054121de2a05f744371051cd21b67e9154fa8e2628b298665b4786f6e42d6,2023-08-29T00:01:30,2023-08-29T00:00:53.000Z,2023-08-29,2023-08-29 00:00:35.500,1.9019663333892824,stored_original_4096x4096_pixel_percentage_not_recomputed_from_npy,selection_validation,"(512, 512)",float32
1102,1102,data/processed/hmi.m_45s.2023.09.03_00_01_30_TAI.magnetogram_processed.npy,hmi.m_45s.2023.09.03_00_01_30_TAI.magnetogram_processed.npy,4354f1e6a749e14d7aa0cd13ff3ef96e234aec969304f521178e920932a4e210,2023-09-03T00:01:30,2023-09-03T00:00:53.000Z,2023-09-03,2023-09-03 00:00:34.900,1.8023371696472168,stored_original_4096x4096_pixel_percentage_not_recomputed_from_npy,selection_validation,"(512, 512)",float32
1103,1103;1104;1105,data/processed/hmi.m_45s.2023.09.05_00_01_30_TAI.magnetogram_processed.npy,hmi.m_45s.2023.09.05_00_01_30_TAI.magnetogram_processed.npy,aecc40e2cbee993f3ffd7755610a1b1c7835435a80cf6aac18d5e2722e97b26c,2023-09-05T00:01:30,2023-09-05T00:00:53.000Z,2023-09-05,2023-09-05 00:00:34.700,1.844179630279541,stored_original_4096x4096_pixel_percentage_not_recomputed_from_npy,train,"(512, 512)",float32
1106,1106,data/processed/hmi.m_45s.2023.09.07_00_01_30_TAI.magnetogram_processed.npy,hmi.m_45s.2023.09.07_00_01_30_TAI.magnetogram_processed.npy,b67f7471991c1b2223db3b2db73e0cd32c772dd4a8fea921552813bf2398f032,2023-09-07T00:01:30,2023-09-07T00:00:53.000Z,2023-09-07,2023-09-07 00:00:34.500,1.9160747528076172,stored_original_4096x4096_pixel_percentage_not_recomputed_from_npy,train,"(512, 512)",float32
1107,1107,data/processed/hmi.m_45s.2023.09.11_00_01_30_TAI.magnetogram_processed.npy,hmi.m_45s.2023.09.11_00_01_30_TAI.magnetogram_processed.npy,6fcc78d1a63d528ec7b71330b7e8a780668adc4b7dd9e3db6241691ba37c7b62,2023-09-11T00:01:30,2023-09-11T00:00:53.000Z,2023-09-11,2023-09-11 00:00:34.000,2.0130395889282227,stored_original_4096x4096_pixel_percentage_not_recomputed_from_npy,selection_validation,"(512, 512)",float32
1108,1108;1109,data/processed/hmi.m_45s.2023.09.12_00_01_30_TAI.magnetogram_processed.npy,hmi.m_45s.2023.09.12_00_01_30_TAI.magnetogram_processed.npy,6f32e752d8da814ae59c93ff83af8aabc5b72a3ded2572817f868f55a487dbfe,2023-09-12T00:01:30,2023-09-12T00:00:53.000Z,2023-09-12,2023-09-12 00:00:33.800,2.0174741744995117,stored_original_4096x4096_pixel_percentage_not_recomputed_from_npy,train,"(512, 512)",float32
1110,1110;1111,data/processed/hmi.m_45s.2023.09.13_00_01_30_TAI.magnetogram_processed.npy,hmi.m_45s.2023.09.13_00_01_30_TAI.magnetogram_processed.npy,87411180ef7b6f1e1b7e1bec31e40601588ed20e30776f89ba79134ad0f9e61a,2023-09-13T00:01:30,2023-09-13T00:00:53.000Z,2023-09-13,2023-09-13 00:00:33.700,1.97829008102417,stored_original_4096x4096_pixel_percentage_not_recomputed_from_npy,train,"(512, 512)",float32
1112,1112,data/processed/hmi.m_45s.2023.09.14_00_01_30_TAI.magnetogram_processed.npy,hmi.m_45s.2023.09.14_00_01_30_TAI.magnetogram_processed.npy,bf1af5108a9943f9ba4e9e5d3ac53e087ab225183e0c7b7ee5f752c54bc11b83,2023-09-14T00:01:30,2023-09-14T00:00:53.000Z,2023-09-14,2023-09-14 00:00:33.600,1.932281255722046,stored_original_4096x4096_pixel_percentage_not_recomputed_from_npy,train,"(512, 512)",float32
1113,1113,data/processed/hmi.m_45s.2023.09.15_00_01_30_TAI.magnetogram_processed.npy,hmi.m_45s.2023.09.15_00_01_30_TAI.magnetogram_processed.npy,003d8f90099f66380c5a03d1230cf54abf18109ad2febe931fb6c0d19bc06d4a,2023-09-15T00:01:30,2023-09-15T00:00:53.000Z,2023-09-15,2023-09-15 00:00:33.400,1.882249116897583,stored_original_4096x4096_pixel_percentage_not_recomputed_from_npy,train,"(512, 512)",float32
1114,1114,data/processed/hmi.m_45s.2023.09.18_00_01_30_TAI.magnetogram_processed.npy,hmi.m_45s.2023.09.18_00_01_30_TAI.magnetogram_processed.npy,932dfc0f2d6442755b8bba1ea3eb1671f2afbe6b5f76ac6efb0f5a881a5cb099,2023-09-18T00:01:30,2023-09-18T00:00:53.000Z,2023-09-18,2023-09-18 00:00:33.000,1.819610595703125,stored_original_4096x4096_pixel_percentage_not_recomputed_from_npy,train,"(512, 512)",float32
1115,1115,data/processed/hmi.m_45s.2023.09.19_00_01_30_TAI.magnetogram_processed.npy,hmi.m_45s.2023.09.19_00_01_30_TAI.magnetogram_processed.npy,ed263d5df5bf66a0e3f3ae382f965a7192dc1ba31dfdf15870eecc779dc0f0cb,2023-09-19T00:01:30,2023-09-19T00:00:53.000Z,2023-09-19,2023-09-19 00:00:32.900,1.86997652053833,stored_original_4096x4096_pixel_percentage_not_recomputed_from_npy,train,"(512, 512)",float32
1116,1116,data/processed/hmi.m_45s.2023.09.21_00_01_30_TAI.magnetogram_processed.npy,hmi.m_45s.2023.09.21_00_01_30_TAI.magnetogram_processed.npy,69b081a0b3696a5ffe3b46c6753d37adc35de130633259ef0fd990465235cc7b,2023-09-21T00:01:30,2023-09-21T00:00:53.000Z,2023-09-21,2023-09-21 00:00:32.600,1.9297301769256592,stored_original_4096x4096_pixel_percentage_not_recomputed_from_npy,train,"(512, 512)",float32
1117,1117,data/processed/hmi.m_45s.2023.09.23_00_01_30_TAI.magnetogram_processed.npy,hmi.m_45s.2023.09.23_00_01_30_TAI.magnetogram_processed.npy,e22dbfb966f9877ed592b4a3f3d437bbc4b38b7b7cb462f5898106824be311d5,2023-09-23T00:01:30,2023-09-23T00:00:53.000Z,2023-09-23,2023-09-23 00:00:32.300,2.035975456237793,stored_original_4096x4096_pixel_percentage_not_recomputed_from_npy,train,"(512, 512)",float32
1118,1118;1119,data/processed/hmi.m_45s.2023.09.26_00_01_30_TAI.magnetogram_processed.npy,hmi.m_45s.2023.09.26_00_01_30_TAI.magnetogram_processed.npy,9f580de895e71d77ac3824e9680ba1dd51456096ef6afb08ac1a3e889b428450,2023-09-26T00:01:30,2023-09-26T00:00:53.000Z,2023-09-26,2023-09-26 00:00:31.900,1.9233942031860352,stored_original_4096x4096_pixel_percentage_not_recomputed_from_npy,selection_validation,"(512, 512)",float32
1120,1120,data/processed/hmi.m_45s.2023.09.27_00_01_30_TAI.magnetogram_processed.npy,hmi.m_45s.2023.09.27_00_01_30_TAI.magnetogram_processed.npy,f875a2613a2048352ed94da17fdc308d4398f1437531de3b36a4f4c013564a05,2023-09-27T00:01:30,2023-09-27T00:00:53.000Z,2023-09-27,2023-09-27 00:00:31.700,1.8922805786132812,stored_original_4096x4096_pixel_percentage_not_recomputed_from_npy,train,"(512, 512)",float32
1121,1121;1122,data/processed/hmi.m_45s.2023.09.30_00_01_30_TAI.magnetogram_processed.npy,hmi.m_45s.2023.09.30_00_01_30_TAI.magnetogram_processed.npy,503e555b8151ee9754451e9e2ef5744dabb09990c37d71a9140b6eff758145f8,2023-09-30T00:01:30,2023-09-30T00:00:53.000Z,2023-09-30,2023-09-30 00:00:31.300,1.8815696239471436,stored_original_4096x4096_pixel_percentage_not_recomputed_from_npy,train,"(512, 512)",float32
1123,1123,data/processed/hmi.m_45s.2023.10.01_00_01_30_TAI.magnetogram_processed.npy,hmi.m_45s.2023.10.01_00_01_30_TAI.magnetogram_processed.npy,73a70c66c11f86ae1b520e953d84bb293bbe09d6e11bc51b23a86c11dd708853,2023-10-01T00:01:30,2023-10-01T00:00:53.000Z,2023-10-01,2023-10-01 00:00:31.200,1.9187092781066897,stored_original_4096x4096_pixel_percentage_not_recomputed_from_npy,train,"(512, 512)",float32
1124,1124,data/processed/hmi.m_45s.2023.10.03_00_01_30_TAI.magnetogram_processed.npy,hmi.m_45s.2023.10.03_00_01_30_TAI.magnetogram_processed.npy,6a527be944777394cfbfa65560344760c6dea4ce05588a083c526c9c8ca652a3,2023-10-03T00:01:30,2023-10-03T00:00:53.000Z,2023-10-03,2023-10-03 00:00:30.900,1.990121603012085,stored_original_4096x4096_pixel_percentage_not_recomputed_from_npy,train,"(512, 512)",float32
1125,1125,data/processed/hmi.m_45s.2023.10.06_00_01_30_TAI.magnetogram_processed.npy,hmi.m_45s.2023.10.06_00_01_30_TAI.magnetogram_processed.npy,e6d0d7d143a9c0c379ef0e46fd07c749785247bc419b7062501fb61beb796e48,2023-10-06T00:01:30,2023-10-06T00:00:53.000Z,2023-10-06,2023-10-06 00:00:30.500,2.05116868019104,stored_original_4096x4096_pixel_percentage_not_recomputed_from_npy,train,"(512, 512)",float32
1126,1126,data/processed/hmi.m_45s.2023.10.08_00_01_30_TAI.magnetogram_processed.npy,hmi.m_45s.2023.10.08_00_01_30_TAI.magnetogram_processed.npy,4fe608b4516a3674382bc3c0f695db7d9a75462fdb07b68c5de41c368d92dc76,2023-10-08T00:01:30,2023-10-08T00:00:53.000Z,2023-10-08,2023-10-08 00:00:30.200,1.9267916679382324,stored_original_4096x4096_pixel_percentage_not_recomputed_from_npy,selection_validation,"(512, 512)",float32
1127,1127,data/processed/hmi.m_45s.2023.10.11_00_01_30_TAI.magnetogram_processed.npy,hmi.m_45s.2023.10.11_00_01_30_TAI.magnetogram_processed.npy,b16630db55620855c8491085e621be492d877f51d75e1869849507c8442e83c1,2023-10-11T00:01:30,2023-10-11T00:00:53.000Z,2023-10-11,2023-10-11 00:00:29.800,1.810675859451294,stored_original_4096x4096_pixel_percentage_not_recomputed_from_npy,train,"(512, 512)",float32
1128,1128,data/processed/hmi.m_45s.2023.10.16_00_01_30_TAI.magnetogram_processed.npy,hmi.m_45s.2023.10.16_00_01_30_TAI.magnetogram_processed.npy,f34aa53a99668b5e621c2434dfcd9b0d85cba5fb48090be9aa00d372dfef4086,2023-10-16T00:01:30,2023-10-16T00:00:53.000Z,2023-10-16,2023-10-16 00:00:29.100,1.806002855300903,stored_original_4096x4096_pixel_percentage_not_recomputed_from_npy,train,"(512, 512)",float32
1129,1129,data/processed/hmi.m_45s.2023.10.17_00_01_30_TAI.magnetogram_processed.npy,hmi.m_45s.2023.10.17_00_01_30_TAI.magnetogram_processed.npy,8533c764e604cacd4ca41263204d7541e0682c661257a9d4432b2580262ae477,2023-10-17T00:01:30,2023-10-17T00:00:53.000Z,2023-10-17,2023-10-17 00:00:28.900,1.7976760864257812,stored_original_4096x4096_pixel_percentage_not_recomputed_from_npy,train,"(512, 512)",float32
1130,1130,data/processed/hmi.m_45s.2023.10.19_00_01_30_TAI.magnetogram_processed.npy,hmi.m_45s.2023.10.19_00_01_30_TAI.magnetogram_processed.npy,086943edf515f59b4ef49e0b566d16115bb29c0f3fb071e35a8276ae4623e8c6,2023-10-19T00:01:30,2023-10-19T00:00:53.000Z,2023-10-19,2023-10-19 00:00:28.600,1.7585813999176023,stored_original_4096x4096_pixel_percentage_not_recomputed_from_npy,train,"(512, 512)",float32
1131,1131,data/processed/hmi.m_45s.2023.10.21_00_01_30_TAI.magnetogram_processed.npy,hmi.m_45s.2023.10.21_00_01_30_TAI.magnetogram_processed.npy,5cef1b5826ea91e5e7eee227755de28d39cf8f92da9711718b285cfb9b1ecff4,2023-10-21T00:01:30,2023-10-21T00:00:53.000Z,2023-10-21,2023-10-21 00:00:28.300,1.700127124786377,stored_original_4096x4096_pixel_percentage_not_recomputed_from_npy,train,"(512, 512)",float32
1132,1132,data/processed/hmi.m_45s.2023.10.23_00_01_30_TAI.magnetogram_processed.npy,hmi.m_45s.2023.10.23_00_01_30_TAI.magnetogram_processed.npy,4afcc2d465886b981c89fee3d08c7288b43354e53668ac01960927cbdb3af45b,2023-10-23T00:01:30,2023-10-23T00:00:53.000Z,2023-10-23,2023-10-23 00:00:28.100,1.6415894031524658,stored_original_4096x4096_pixel_percentage_not_recomputed_from_npy,train,"(512, 512)",float32
1133,1133;1134,data/processed/hmi.m_45s.2023.10.27_00_01_30_TAI.magnetogram_processed.npy,hmi.m_45s.2023.10.27_00_01_30_TAI.magnetogram_processed.npy,c3f830449b10a0b02dd5a9c5b97bd2ee87eeeec1f0fea4be30d505c2da2825d8,2023-10-27T00:01:30,2023-10-27T00:00:53.000Z,2023-10-27,2023-10-27 00:00:27.500,1.619100570678711,stored_original_4096x4096_pixel_percentage_not_recomputed_from_npy,selection_validation,"(512, 512)",float32
1135,1135,data/processed/hmi.m_45s.2023.10.29_00_01_30_TAI.magnetogram_processed.npy,hmi.m_45s.2023.10.29_00_01_30_TAI.magnetogram_processed.npy,2e522f77fc3335ad5ca791b662cd3b726cd3565945a5a3fbf9d74db8fe05b076,2023-10-29T00:01:30,2023-10-29T00:00:53.000Z,2023-10-29,2023-10-29 00:00:27.200,1.7335176467895508,stored_original_4096x4096_pixel_percentage_not_recomputed_from_npy,train,"(512, 512)",float32
1136,1136,data/processed/hmi.m_45s.2023.10.31_00_01_30_TAI.magnetogram_processed.npy,hmi.m_45s.2023.10.31_00_01_30_TAI.magnetogram_processed.npy,7809d9d74885c11a359bb51accd3bf0a1da0db50eed4be023110fd91457c3f9e,2023-10-31T00:01:30,2023-10-31T00:00:53.000Z,2023-10-31,2023-10-31 00:00:27.000,1.98131799697876,stored_original_4096x4096_pixel_percentage_not_recomputed_from_npy,selection_validation,"(512, 512)",float32
1137,1137,data/processed/hmi.m_45s.2023.11.04_00_01_30_TAI.magnetogram_processed.npy,hmi.m_45s.2023.11.04_00_01_30_TAI.magnetogram_processed.npy,8abd843fa959ca42c6f7ad5ac4dbc6c672cb9d6e6e45867e06234cc37a94b407,2023-11-04T00:01:30,2023-11-04T00:00:53.000Z,2023-11-04,2023-11-04 00:00:26.500,1.996421813964844,stored_original_4096x4096_pixel_percentage_not_recomputed_from_npy,selection_validation,"(512, 512)",float32
1138,1138,data/processed/hmi.m_45s.2023.11.07_00_01_30_TAI.magnetogram_processed.npy,hmi.m_45s.2023.11.07_00_01_30_TAI.magnetogram_processed.npy,31222d04a75631ad5d9846470036975d87d23ca72c253234aa2591697d1f923c,2023-11-07T00:01:30,2023-11-07T00:00:53.000Z,2023-11-07,2023-11-07 00:00:26.100,1.8096923828125,stored_original_4096x4096_pixel_percentage_not_recomputed_from_npy,train,"(512, 512)",float32
1139,1139,data/processed/hmi.m_45s.2023.11.09_00_01_30_TAI.magnetogram_processed.npy,hmi.m_45s.2023.11.09_00_01_30_TAI.magnetogram_processed.npy,a443f8af8d41648f972266e973f0c5a225070cf548c9cb502be696dc3628c999,2023-11-09T00:01:30,2023-11-09T00:00:53.000Z,2023-11-09,2023-11-09 00:00:25.800,1.9361436367034912,stored_original_4096x4096_pixel_percentage_not_recomputed_from_npy,train,"(512, 512)",float32
1140,1140,data/processed/hmi.m_45s.2023.11.12_00_01_30_TAI.magnetogram_processed.npy,hmi.m_45s.2023.11.12_00_01_30_TAI.magnetogram_processed.npy,e0edfbaf47ea6b23c86be326290f7ce2a328f9f1ffcb2a0e0e5ca03dbc2a9dcc,2023-11-12T00:01:30,2023-11-12T00:00:53.000Z,2023-11-12,2023-11-12 00:00:25.500,1.9500255584716797,stored_original_4096x4096_pixel_percentage_not_recomputed_from_npy,train,"(512, 512)",float32
1141,1141,data/processed/hmi.m_45s.2023.11.13_00_01_30_TAI.magnetogram_processed.npy,hmi.m_45s.2023.11.13_00_01_30_TAI.magnetogram_processed.npy,8ddc0cd14a5a68432c1a4a4b59e6c8cf4303dded4bc1df39958fc99c5a0aebd5,2023-11-13T00:01:30,2023-11-13T00:00:53.000Z,2023-11-13,2023-11-13 00:00:25.400,1.6447901725769043,stored_original_4096x4096_pixel_percentage_not_recomputed_from_npy,train,"(512, 512)",float32
1142,1142,data/processed/hmi.m_45s.2023.11.14_00_01_30_TAI.magnetogram_processed.npy,hmi.m_45s.2023.11.14_00_01_30_TAI.magnetogram_processed.npy,87aacce7f7c1f843e264516e413fa39cb29990afdaeff6b1f1ebdd0bf7ca09ad,2023-11-14T00:01:30,2023-11-14T00:00:53.000Z,2023-11-14,2023-11-14 00:00:25.300,1.5940427780151367,stored_original_4096x4096_pixel_percentage_not_recomputed_from_npy,train,"(512, 512)",float32
1143,1143,data/processed/hmi.m_45s.2023.11.20_00_01_30_TAI.magnetogram_processed.npy,hmi.m_45s.2023.11.20_00_01_30_TAI.magnetogram_processed.npy,27848f54e25d8ddd28cfbaf10de14601d78c8fd2ad06ae39b2f56a160d3d0b25,2023-11-20T00:01:30,2023-11-20T00:00:53.000Z,2023-11-20,2023-11-20 00:00:24.600,1.6492962837219238,stored_original_4096x4096_pixel_percentage_not_recomputed_from_npy,train,"(512, 512)",float32
1144,1144,data/processed/hmi.m_45s.2023.11.22_00_01_30_TAI.magnetogram_processed.npy,hmi.m_45s.2023.11.22_00_01_30_TAI.magnetogram_processed.npy,94f8258162169e106c685391ba346d6155b7b50284c28e7a793e61f91aabf979,2023-11-22T00:01:30,2023-11-22T00:00:53.000Z,2023-11-22,2023-11-22 00:00:24.400,1.8956243991851809,stored_original_4096x4096_pixel_percentage_not_recomputed_from_npy,train,"(512, 512)",float32
1145,1145;1146,data/processed/hmi.m_45s.2023.11.24_00_01_30_TAI.magnetogram_processed.npy,hmi.m_45s.2023.11.24_00_01_30_TAI.magnetogram_processed.npy,28caba7462cb71873fb0f940763f3d544494616cac0c2213927d95ef13db64e7,2023-11-24T00:01:30,2023-11-24T00:00:53.000Z,2023-11-24,2023-11-24 00:00:24.200,2.210932970046997,stored_original_4096x4096_pixel_percentage_not_recomputed_from_npy,train,"(512, 512)",float32
1147,1147,data/processed/hmi.m_45s.2023.11.25_00_01_30_TAI.magnetogram_processed.npy,hmi.m_45s.2023.11.25_00_01_30_TAI.magnetogram_processed.npy,bfb1ca1ad9048f1c134ad53aa3e30d3b30f10120e1e52da137d96bacb2a3b7de,2023-11-25T00:01:30,2023-11-25T00:00:53.000Z,2023-11-25,2023-11-25 00:00:24.100,2.235531806945801,stored_original_4096x4096_pixel_percentage_not_recomputed_from_npy,train,"(512, 512)",float32
1148,1148,data/processed/hmi.m_45s.2023.11.29_00_01_30_TAI.magnetogram_processed.npy,hmi.m_45s.2023.11.29_00_01_30_TAI.magnetogram_processed.npy,9a154cfe7dc4f3eab07053f371df4edf0feeb10807270f410c033a0cf24eceb2,2023-11-29T00:01:30,2023-11-29T00:00:53.000Z,2023-11-29,2023-11-29 00:00:23.700,2.1407723426818848,stored_original_4096x4096_pixel_percentage_not_recomputed_from_npy,selection_validation,"(512, 512)",float32
1149,1149,data/processed/hmi.m_45s.2023.11.30_00_01_30_TAI.magnetogram_processed.npy,hmi.m_45s.2023.11.30_00_01_30_TAI.magnetogram_processed.npy,2b4f497a3b8d5b38aaf30f539aff00a6b90ac6322e8c0ef3db7f0e9564f5a50a,2023-11-30T00:01:30,2023-11-30T00:00:53.000Z,2023-11-30,2023-11-30 00:00:23.600,2.04317569732666,stored_original_4096x4096_pixel_percentage_not_recomputed_from_npy,train,"(512, 512)",float32
1150,1150,data/processed/hmi.m_45s.2023.12.05_00_01_30_TAI.magnetogram_processed.npy,hmi.m_45s.2023.12.05_00_01_30_TAI.magnetogram_processed.npy,707a5eee9761a17a0243403590007384c6e22d231670acc72743923767a749f4,2023-12-05T00:01:30,2023-12-05T00:00:53.000Z,2023-12-05,2023-12-05 00:00:23.300,1.7664730548858645,stored_original_4096x4096_pixel_percentage_not_recomputed_from_npy,train,"(512, 512)",float32
1151,1151,data/processed/hmi.m_45s.2023.12.07_00_01_30_TAI.magnetogram_processed.npy,hmi.m_45s.2023.12.07_00_01_30_TAI.magnetogram_processed.npy,33b5db2f75354f5bd60db3c8e22e0828c8eb77cd265cbad9c83c851efbe38e52,2023-12-07T00:01:30,2023-12-07T00:00:53.000Z,2023-12-07,2023-12-07 00:00:23.100,1.807314157485962,stored_original_4096x4096_pixel_percentage_not_recomputed_from_npy,train,"(512, 512)",float32
1152,1152,data/processed/hmi.m_45s.2023.12.08_00_01_30_TAI.magnetogram_processed.npy,hmi.m_45s.2023.12.08_00_01_30_TAI.magnetogram_processed.npy,b0dc7970c5b042c1fdc2e0648252f5ee6fc7a91226ff7e01f2c174dba50a7eea,2023-12-08T00:01:30,2023-12-08T00:00:53.000Z,2023-12-08,2023-12-08 00:00:23.100,1.8188118934631348,stored_original_4096x4096_pixel_percentage_not_recomputed_from_npy,selection_validation,"(512, 512)",float32
1153,1153,data/processed/hmi.m_45s.2023.12.11_00_01_30_TAI.magnetogram_processed.npy,hmi.m_45s.2023.12.11_00_01_30_TAI.magnetogram_processed.npy,47ae6b108019c6e36b64ccddb3b84f60db7bb6dc61ac34de6058fc567f5aa2b8,2023-12-11T00:01:30,2023-12-11T00:00:53.000Z,2023-12-11,2023-12-11 00:00:22.900,1.6944169998168943,stored_original_4096x4096_pixel_percentage_not_recomputed_from_npy,train,"(512, 512)",float32
1154,1154;1155,data/processed/hmi.m_45s.2023.12.13_00_01_30_TAI.magnetogram_processed.npy,hmi.m_45s.2023.12.13_00_01_30_TAI.magnetogram_processed.npy,b4ec772937a0cd771e740ebb99903571a79f77773b7bb7d782633d9122e51a8e,2023-12-13T00:01:30,2023-12-13T00:00:53.000Z,2023-12-13,2023-12-13 00:00:22.800,1.68837308883667,stored_original_4096x4096_pixel_percentage_not_recomputed_from_npy,train,"(512, 512)",float32
1156,1156,data/processed/hmi.m_45s.2023.12.16_00_01_30_TAI.magnetogram_processed.npy,hmi.m_45s.2023.12.16_00_01_30_TAI.magnetogram_processed.npy,93b2bf5987978b84ddd4c2e8a92bce3d94ea8896f50e60e87100851d486ae59d,2023-12-16T00:01:30,2023-12-16T00:00:53.000Z,2023-12-16,2023-12-16 00:00:22.600,1.778256893157959,stored_original_4096x4096_pixel_percentage_not_recomputed_from_npy,selection_validation,"(512, 512)",float32
1157,1157;1158,data/processed/hmi.m_45s.2023.12.17_00_01_30_TAI.magnetogram_processed.npy,hmi.m_45s.2023.12.17_00_01_30_TAI.magnetogram_processed.npy,6689054eee70fb1ec5090c500b6bf990c69dadf60555ddd7c793eaea3261663b,2023-12-17T00:01:30,2023-12-17T00:00:53.000Z,2023-12-17,2023-12-17 00:00:22.500,1.8018364906311035,stored_original_4096x4096_pixel_percentage_not_recomputed_from_npy,train,"(512, 512)",float32
1159,1159;1160,data/processed/hmi.m_45s.2023.12.18_00_01_30_TAI.magnetogram_processed.npy,hmi.m_45s.2023.12.18_00_01_30_TAI.magnetogram_processed.npy,944a4b6201bf4896641c876c62242821097a53b8e095e1a40633b731df0dc7b1,2023-12-18T00:01:30,2023-12-18T00:00:53.000Z,2023-12-18,2023-12-18 00:00:22.500,1.8450021743774416,stored_original_4096x4096_pixel_percentage_not_recomputed_from_npy,train,"(512, 512)",float32
1161,1161,data/processed/hmi.m_45s.2023.12.22_00_01_30_TAI.magnetogram_processed.npy,hmi.m_45s.2023.12.22_00_01_30_TAI.magnetogram_processed.npy,940321e83af9002a42e9755821ab83a16c2d383f4f65a862734dd226343a09c0,2023-12-22T00:01:30,2023-12-22T00:00:53.000Z,2023-12-22,2023-12-22 00:00:22.300,2.3731231689453125,stored_original_4096x4096_pixel_percentage_not_recomputed_from_npy,train,"(512, 512)",float32
1162,1162,data/processed/hmi.m_45s.2023.12.23_00_01_30_TAI.magnetogram_processed.npy,hmi.m_45s.2023.12.23_00_01_30_TAI.magnetogram_processed.npy,c03812cc8daa4d623cd1b70c4df7ec937b99a737afbc0f54b0bb6b43689f2507,2023-12-23T00:01:30,2023-12-23T00:00:53.000Z,2023-12-23,2023-12-23 00:00:22.300,2.3731648921966553,stored_original_4096x4096_pixel_percentage_not_recomputed_from_npy,train,"(512, 512)",float32
1163,1163,data/processed/hmi.m_45s.2023.12.26_00_01_30_TAI.magnetogram_processed.npy,hmi.m_45s.2023.12.26_00_01_30_TAI.magnetogram_processed.npy,172a9cdeea084ce650dd0bd4784e7f77d3c930b1349f6789f4b7d2db9676cf36,2023-12-26T00:01:30,2023-12-26T00:00:53.000Z,2023-12-26,2023-12-26 00:00:22.200,2.121227979660034,stored_original_4096x4096_pixel_percentage_not_recomputed_from_npy,train,"(512, 512)",float32
1164,1164,data/processed/hmi.m_45s.2023.12.27_00_01_30_TAI.magnetogram_processed.npy,hmi.m_45s.2023.12.27_00_01_30_TAI.magnetogram_processed.npy,d3058be804c802a442b4dd80493201e80c056b7da033a8312159cc55646e4558,2023-12-27T00:01:30,2023-12-27T00:00:53.000Z,2023-12-27,2023-12-27 00:00:22.200,2.003192901611328,stored_original_4096x4096_pixel_percentage_not_recomputed_from_npy,train,"(512, 512)",float32
1165,1165,data/processed/hmi.m_45s.2023.12.29_00_01_30_TAI.magnetogram_processed.npy,hmi.m_45s.2023.12.29_00_01_30_TAI.magnetogram_processed.npy,fe392938b226418fc9c0eb2c55ca31dddb9329a37d5d08d253234f5c5d6a048d,2023-12-29T00:01:30,2023-12-29T00:00:53.000Z,2023-12-29,2023-12-29 00:00:22.100,1.8778026103973389,stored_original_4096x4096_pixel_percentage_not_recomputed_from_npy,train,"(512, 512)",float32
1166,1166,data/processed/hmi.m_45s.2023.12.30_00_01_30_TAI.magnetogram_processed.npy,hmi.m_45s.2023.12.30_00_01_30_TAI.magnetogram_processed.npy,a2c4c2de85f4d8f34e0acddcfe5bfed1d6cb014b21aee253a09ee422008e58da,2023-12-30T00:01:30,2023-12-30T00:00:53.000Z,2023-12-30,2023-12-30 00:00:22.100,1.8277466297149656,stored_original_4096x4096_pixel_percentage_not_recomputed_from_npy,train,"(512, 512)",float32
1167,1167,data/processed/hmi.m_45s.2024.01.01_00_01_30_TAI.magnetogram_processed.npy,hmi.m_45s.2024.01.01_00_01_30_TAI.magnetogram_processed.npy,2c77a00cf1c531d5b9b4db2c8ba9bd283ef69658f07f71e3fa1849ae5a603c70,2024-01-01T00:01:30,2024-01-01T00:00:53.000Z,2024-01-01,2024-01-01 00:00:22.100,1.812875270843506,stored_original_4096x4096_pixel_percentage_not_recomputed_from_npy,selection_validation,"(512, 512)",float32
1168,1168,data/processed/hmi.m_45s.2024.01.02_00_01_30_TAI.magnetogram_processed.npy,hmi.m_45s.2024.01.02_00_01_30_TAI.magnetogram_processed.npy,09c7dba32876e2ee94ee91ac9d0a0e56df76ec46663c15ff04b1a50ee9f91ead,2024-01-02T00:01:30,2024-01-02T00:00:53.000Z,2024-01-02,2024-01-02 00:00:22.100,1.8386244773864744,stored_original_4096x4096_pixel_percentage_not_recomputed_from_npy,train,"(512, 512)",float32
1169,1169;1170,data/processed/hmi.m_45s.2024.01.09_00_01_30_TAI.magnetogram_processed.npy,hmi.m_45s.2024.01.09_00_01_30_TAI.magnetogram_processed.npy,17d2308f82bf12d172fed32b78d31bb8b8e1ab578092f2863ffb8f33ce40a67a,2024-01-09T00:01:30,2024-01-09T00:00:53.000Z,2024-01-09,2024-01-09 00:00:22.200,2.1873950958251953,stored_original_4096x4096_pixel_percentage_not_recomputed_from_npy,train,"(512, 512)",float32
1171,1171,data/processed/hmi.m_45s.2024.01.14_00_01_30_TAI.magnetogram_processed.npy,hmi.m_45s.2024.01.14_00_01_30_TAI.magnetogram_processed.npy,d2b419c1d9760d4d579fc413887d4774a2be61581edaff5df06314b5b11df5ab,2024-01-14T00:01:30,2024-01-14T00:00:53.000Z,2024-01-14,2024-01-14 00:00:22.300,2.228313684463501,stored_original_4096x4096_pixel_percentage_not_recomputed_from_npy,train,"(512, 512)",float32
1172,1172,data/processed/hmi.m_45s.2024.01.15_00_01_30_TAI.magnetogram_processed.npy,hmi.m_45s.2024.01.15_00_01_30_TAI.magnetogram_processed.npy,787021b8ec304bb7310ff1daceb5b25275441931799f103cc4b535e2a21bf70d,2024-01-15T00:01:30,2024-01-15T00:00:53.000Z,2024-01-15,2024-01-15 00:00:22.300,2.236664295196533,stored_original_4096x4096_pixel_percentage_not_recomputed_from_npy,selection_validation,"(512, 512)",float32
1173,1173,data/processed/hmi.m_45s.2024.01.18_00_01_30_TAI.magnetogram_processed.npy,hmi.m_45s.2024.01.18_00_01_30_TAI.magnetogram_processed.npy,91c1268c9b2ab957c512754ab2726fd7f377a3201abf97e0715283f26e5010ea,2024-01-18T00:01:30,2024-01-18T00:00:53.000Z,2024-01-18,2024-01-18 00:00:22.400,2.246624231338501,stored_original_4096x4096_pixel_percentage_not_recomputed_from_npy,train,"(512, 512)",float32
1174,1174,data/processed/hmi.m_45s.2024.01.19_00_01_30_TAI.magnetogram_processed.npy,hmi.m_45s.2024.01.19_00_01_30_TAI.magnetogram_processed.npy,6330e130a9f3c451bd1c4a472d7945cb0791bc003174dccd42d47ed0d3eff454,2024-01-19T00:01:30,2024-01-19T00:00:53.000Z,2024-01-19,2024-01-19 00:00:22.400,2.2691309452056885,stored_original_4096x4096_pixel_percentage_not_recomputed_from_npy,train,"(512, 512)",float32
1175,1175,data/processed/hmi.m_45s.2024.01.20_00_01_30_TAI.magnetogram_processed.npy,hmi.m_45s.2024.01.20_00_01_30_TAI.magnetogram_processed.npy,951c40f6ce9849af53bfe5a1f8e29f911565bd24b541a2307a2eb95394acd7ff,2024-01-20T00:01:30,2024-01-20T00:00:53.000Z,2024-01-20,2024-01-20 00:00:22.400,2.256155014038086,stored_original_4096x4096_pixel_percentage_not_recomputed_from_npy,train,"(512, 512)",float32
1176,1176;1177,data/processed/hmi.m_45s.2024.01.25_00_01_30_TAI.magnetogram_processed.npy,hmi.m_45s.2024.01.25_00_01_30_TAI.magnetogram_processed.npy,b3756b2dfc453a9ea1ab5f969de7c5e4b8b23c7a1cff812ac5ed69a8a5cde315,2024-01-25T00:01:30,2024-01-25T00:00:53.000Z,2024-01-25,2024-01-25 00:00:22.600,2.1330952644348145,stored_original_4096x4096_pixel_percentage_not_recomputed_from_npy,train,"(512, 512)",float32
1178,1178,data/processed/hmi.m_45s.2024.01.26_00_01_30_TAI.magnetogram_processed.npy,hmi.m_45s.2024.01.26_00_01_30_TAI.magnetogram_processed.npy,319a25232f0b9ffbf74777d7f39417ccec35d601d9322bcfd1883a1a02018092,2024-01-26T00:01:30,2024-01-26T00:00:53.000Z,2024-01-26,2024-01-26 00:00:22.700,2.0383596420288086,stored_original_4096x4096_pixel_percentage_not_recomputed_from_npy,train,"(512, 512)",float32
1179,1179,data/processed/hmi.m_45s.2024.01.29_00_01_30_TAI.magnetogram_processed.npy,hmi.m_45s.2024.01.29_00_01_30_TAI.magnetogram_processed.npy,4acff1b6970682ec9290007c3af4dd559149a265cc95e100543014b19e470250,2024-01-29T00:01:30,2024-01-29T00:00:53.000Z,2024-01-29,2024-01-29 00:00:22.900,1.949828863143921,stored_original_4096x4096_pixel_percentage_not_recomputed_from_npy,train,"(512, 512)",float32
1180,1180,data/processed/hmi.m_45s.2024.01.30_00_01_30_TAI.magnetogram_processed.npy,hmi.m_45s.2024.01.30_00_01_30_TAI.magnetogram_processed.npy,732298d965c0883baa9bd205e5fd3e901c12ae56c2f8ed2dd96c87cfa1653d32,2024-01-30T00:01:30,2024-01-30T00:00:53.000Z,2024-01-30,2024-01-30 00:00:22.900,2.0007312297821045,stored_original_4096x4096_pixel_percentage_not_recomputed_from_npy,train,"(512, 512)",float32
1181,1181,data/processed/hmi.m_45s.2024.01.31_00_01_30_TAI.magnetogram_processed.npy,hmi.m_45s.2024.01.31_00_01_30_TAI.magnetogram_processed.npy,74ed85e310d9d106c084c5c4718528933d8b858be86b219b045bebc420c6ba55,2024-01-31T00:01:30,2024-01-31T00:00:53.000Z,2024-01-31,2024-01-31 00:00:23.000,2.0803093910217285,stored_original_4096x4096_pixel_percentage_not_recomputed_from_npy,train,"(512, 512)",float32
1182,1182,data/processed/hmi.m_45s.2024.02.01_00_01_30_TAI.magnetogram_processed.npy,hmi.m_45s.2024.02.01_00_01_30_TAI.magnetogram_processed.npy,3b1959a4dabf0fd87b90aec7bd105e986ec053f2be7871a899fa9fd6f7fd0c35,2024-02-01T00:01:30,2024-02-01T00:00:53.000Z,2024-02-01,2024-02-01 00:00:23.100,2.141737937927246,stored_original_4096x4096_pixel_percentage_not_recomputed_from_npy,train,"(512, 512)",float32
1183,1183,data/processed/hmi.m_45s.2024.02.03_00_01_30_TAI.magnetogram_processed.npy,hmi.m_45s.2024.02.03_00_01_30_TAI.magnetogram_processed.npy,26ef7136256c3025de1b04ec7fd549cabe572e11a54f75d4daeacaf8bf70304d,2024-02-03T00:01:30,2024-02-03T00:00:53.000Z,2024-02-03,2024-02-03 00:00:23.200,2.177101373672486,stored_original_4096x4096_pixel_percentage_not_recomputed_from_npy,train,"(512, 512)",float32
1184,1184;1185,data/processed/hmi.m_45s.2024.02.04_00_01_30_TAI.magnetogram_processed.npy,hmi.m_45s.2024.02.04_00_01_30_TAI.magnetogram_processed.npy,2f1a2937a95bdd5d5376ca76455e5c361377b23cb974fb957f9968767d3d30cb,2024-02-04T00:01:30,2024-02-04T00:00:53.000Z,2024-02-04,2024-02-04 00:00:23.300,2.2243916988372803,stored_original_4096x4096_pixel_percentage_not_recomputed_from_npy,train,"(512, 512)",float32
1186,1186,data/processed/hmi.m_45s.2024.02.05_00_01_30_TAI.magnetogram_processed.npy,hmi.m_45s.2024.02.05_00_01_30_TAI.magnetogram_processed.npy,480cbe00e1e6d808e7154112304f0d83da682979bfb1f606ef807d192d4c345c,2024-02-05T00:01:30,2024-02-05T00:00:53.000Z,2024-02-05,2024-02-05 00:00:23.400,2.244395017623902,stored_original_4096x4096_pixel_percentage_not_recomputed_from_npy,train,"(512, 512)",float32
1187,1187,data/processed/hmi.m_45s.2024.02.06_00_01_30_TAI.magnetogram_processed.npy,hmi.m_45s.2024.02.06_00_01_30_TAI.magnetogram_processed.npy,f721f699d995b2adbf958f5a0161e7d0ad614456c481f71947f0ede4b45e5221,2024-02-06T00:01:30,2024-02-06T00:00:53.000Z,2024-02-06,2024-02-06 00:00:23.500,2.2558093070983887,stored_original_4096x4096_pixel_percentage_not_recomputed_from_npy,train,"(512, 512)",float32
1188,1188;1189,data/processed/hmi.m_45s.2024.02.07_00_01_30_TAI.magnetogram_processed.npy,hmi.m_45s.2024.02.07_00_01_30_TAI.magnetogram_processed.npy,c349f7fb153ac6ed25ba59d461392694325ace101c4012a2c890bfb38a4bfc3d,2024-02-07T00:01:30,2024-02-07T00:00:53.000Z,2024-02-07,2024-02-07 00:00:23.600,2.284538745880127,stored_original_4096x4096_pixel_percentage_not_recomputed_from_npy,train,"(512, 512)",float32
1190,1190,data/processed/hmi.m_45s.2024.02.09_00_01_30_TAI.magnetogram_processed.npy,hmi.m_45s.2024.02.09_00_01_30_TAI.magnetogram_processed.npy,2e887f500e4d986998f61dff5b91cf2b36ed298a2f9ec466183b7b12b6f7e17b,2024-02-09T00:01:30,2024-02-09T00:00:53.000Z,2024-02-09,2024-02-09 00:00:23.700,2.37274169921875,stored_original_4096x4096_pixel_percentage_not_recomputed_from_npy,train,"(512, 512)",float32
1191,1191,data/processed/hmi.m_45s.2024.02.13_00_01_30_TAI.magnetogram_processed.npy,hmi.m_45s.2024.02.13_00_01_30_TAI.magnetogram_processed.npy,119b3418225ef6cf9d3cd8fe36216c3666a191702b1ebbee5c2b738ce0b6a66c,2024-02-13T00:01:30,2024-02-13T00:00:53.000Z,2024-02-13,2024-02-13 00:00:24.100,2.490854263305664,stored_original_4096x4096_pixel_percentage_not_recomputed_from_npy,train,"(512, 512)",float32
1192,1192,data/processed/hmi.m_45s.2024.02.15_00_01_30_TAI.magnetogram_processed.npy,hmi.m_45s.2024.02.15_00_01_30_TAI.magnetogram_processed.npy,59805e57c42167bab77ce835a371ebf02c5fa9dad5e0844d43f6d031a19b8dce,2024-02-15T00:01:30,2024-02-15T00:00:53.000Z,2024-02-15,2024-02-15 00:00:24.300,2.375209331512451,stored_original_4096x4096_pixel_percentage_not_recomputed_from_npy,selection_validation,"(512, 512)",float32
1193,1193;1194,data/processed/hmi.m_45s.2024.02.18_00_01_30_TAI.magnetogram_processed.npy,hmi.m_45s.2024.02.18_00_01_30_TAI.magnetogram_processed.npy,847f6ebc3bf103ab8aa297ce154acaf5b17e1da2482a1a3d3eacb761ce619929,2024-02-18T00:01:30,2024-02-18T00:00:53.000Z,2024-02-18,2024-02-18 00:00:24.600,2.1869957447052,stored_original_4096x4096_pixel_percentage_not_recomputed_from_npy,train,"(512, 512)",float32
1195,1195,data/processed/hmi.m_45s.2024.02.19_00_01_30_TAI.magnetogram_processed.npy,hmi.m_45s.2024.02.19_00_01_30_TAI.magnetogram_processed.npy,b157ca44d6fa9dbe3a272bf6b685103274634cd6b4500243625c19bd866ec68e,2024-02-19T00:01:30,2024-02-19T00:00:53.000Z,2024-02-19,2024-02-19 00:00:24.700,2.14461088180542,stored_original_4096x4096_pixel_percentage_not_recomputed_from_npy,train,"(512, 512)",float32
1196,1196;1197;1198;1199,data/processed/hmi.m_45s.2024.02.20_00_01_30_TAI.magnetogram_processed.npy,hmi.m_45s.2024.02.20_00_01_30_TAI.magnetogram_processed.npy,2d3dee53f5d1b75700fc34fb611dfe8b1342a9c6237fc7ac9530af36f856ad96,2024-02-20T00:01:30,2024-02-20T00:00:53.000Z,2024-02-20,2024-02-20 00:00:24.800,2.0726561546325684,stored_original_4096x4096_pixel_percentage_not_recomputed_from_npy,selection_validation,"(512, 512)",float32
1200,1200;1201,data/processed/hmi.m_45s.2024.02.23_00_01_30_TAI.magnetogram_processed.npy,hmi.m_45s.2024.02.23_00_01_30_TAI.magnetogram_processed.npy,f41aa7a2bc195eb792ec2697a3babdab0c997a1b9e2ea1c668ad418c765c70f5,2024-02-23T00:01:30,2024-02-23T00:00:53.000Z,2024-02-23,2024-02-23 00:00:25.100,2.105504274368286,stored_original_4096x4096_pixel_percentage_not_recomputed_from_npy,selection_validation,"(512, 512)",float32
1202,1202,data/processed/hmi.m_45s.2024.02.26_00_01_30_TAI.magnetogram_processed.npy,hmi.m_45s.2024.02.26_00_01_30_TAI.magnetogram_processed.npy,10d35eab1014d7ee1850ea00926ee9b5576cdc3b3115045c35f6181bcb400f88,2024-02-26T00:01:30,2024-02-26T00:00:53.000Z,2024-02-26,2024-02-26 00:00:25.400,2.254927158355713,stored_original_4096x4096_pixel_percentage_not_recomputed_from_npy,train,"(512, 512)",float32
1203,1203,data/processed/hmi.m_45s.2024.02.27_00_01_30_TAI.magnetogram_processed.npy,hmi.m_45s.2024.02.27_00_01_30_TAI.magnetogram_processed.npy,90d96166aaaa4f5b5576fa6045f9ffda6e752d3f5c0196712b3edde72c2e70bb,2024-02-27T00:01:30,2024-02-27T00:00:53.000Z,2024-02-27,2024-02-27 00:00:25.500,2.291220426559448,stored_original_4096x4096_pixel_percentage_not_recomputed_from_npy,train,"(512, 512)",float32
1204,1204;1205,data/processed/hmi.m_45s.2024.02.29_00_01_30_TAI.magnetogram_processed.npy,hmi.m_45s.2024.02.29_00_01_30_TAI.magnetogram_processed.npy,b5171c86df8f032536a998c6dc4d4ccb5e2735c3df034ec92c236eb72f767534,2024-02-29T00:01:30,2024-02-29T00:00:53.000Z,2024-02-29,2024-02-29 00:00:25.800,2.2801578044891357,stored_original_4096x4096_pixel_percentage_not_recomputed_from_npy,train,"(512, 512)",float32
1206,1206;1207,data/processed/hmi.m_45s.2024.03.01_00_01_30_TAI.magnetogram_processed.npy,hmi.m_45s.2024.03.01_00_01_30_TAI.magnetogram_processed.npy,2f21c07b1ed430a7c7fbbd189f9c798b963b14be15f975e63908412a00bfc9bf,2024-03-01T00:01:30,2024-03-01T00:00:53.000Z,2024-03-01,2024-03-01 00:00:25.900,2.2062599658966064,stored_original_4096x4096_pixel_percentage_not_recomputed_from_npy,train,"(512, 512)",float32
1208,1208,data/processed/hmi.m_45s.2024.03.03_00_01_30_TAI.magnetogram_processed.npy,hmi.m_45s.2024.03.03_00_01_30_TAI.magnetogram_processed.npy,aaa9c456780c200b72ccea1b57f861c211d7f4efbed8d81085de3a799e7a164c,2024-03-03T00:01:30,2024-03-03T00:00:53.000Z,2024-03-03,2024-03-03 00:00:26.100,2.0939886569976807,stored_original_4096x4096_pixel_percentage_not_recomputed_from_npy,selection_validation,"(512, 512)",float32
1209,1209,data/processed/hmi.m_45s.2024.03.04_00_01_30_TAI.magnetogram_processed.npy,hmi.m_45s.2024.03.04_00_01_30_TAI.magnetogram_processed.npy,242993bf8ad90281eda7f49ec501c45cb13bf6a0db3ef31ca1e4c656bcc698e4,2024-03-04T00:01:30,2024-03-04T00:00:53.000Z,2024-03-04,2024-03-04 00:00:26.300,2.0141005516052246,stored_original_4096x4096_pixel_percentage_not_recomputed_from_npy,selection_validation,"(512, 512)",float32
1210,1210,data/processed/hmi.m_45s.2024.03.06_00_01_30_TAI.magnetogram_processed.npy,hmi.m_45s.2024.03.06_00_01_30_TAI.magnetogram_processed.npy,6ea81451e838493c6ce56bbf5da9dc95af7f0340125c7960c3bec991584f0390,2024-03-06T00:01:30,2024-03-06T00:00:53.000Z,2024-03-06,2024-03-06 00:00:26.500,2.0637869834899902,stored_original_4096x4096_pixel_percentage_not_recomputed_from_npy,train,"(512, 512)",float32
1211,1211,data/processed/hmi.m_45s.2024.03.07_00_01_30_TAI.magnetogram_processed.npy,hmi.m_45s.2024.03.07_00_01_30_TAI.magnetogram_processed.npy,cd61a81eccf3c0dff8c2d5b0c60bca2bd2a4fea11a41576a05891caf552bf23b,2024-03-07T00:01:30,2024-03-07T00:00:53.000Z,2024-03-07,2024-03-07 00:00:26.700,2.108240127563477,stored_original_4096x4096_pixel_percentage_not_recomputed_from_npy,train,"(512, 512)",float32
1212,1212,data/processed/hmi.m_45s.2024.03.12_00_01_30_TAI.magnetogram_processed.npy,hmi.m_45s.2024.03.12_00_01_30_TAI.magnetogram_processed.npy,f00a1fbcf93d29495c8b4a2534c11651ca8875e248543bb0a302396f3781a718,2024-03-12T00:01:30,2024-03-12T00:00:53.000Z,2024-03-12,2024-03-12 00:00:27.300,2.1154463291168213,stored_original_4096x4096_pixel_percentage_not_recomputed_from_npy,train,"(512, 512)",float32
1213,1213;1214,data/processed/hmi.m_45s.2024.03.13_00_01_30_TAI.magnetogram_processed.npy,hmi.m_45s.2024.03.13_00_01_30_TAI.magnetogram_processed.npy,5acbb9377fd70234ade42e3b59a2ab3f335df71debd6aef1e9065197a48a5083,2024-03-13T00:01:30,2024-03-13T00:00:53.000Z,2024-03-13,2024-03-13 00:00:27.500,2.041071653366089,stored_original_4096x4096_pixel_percentage_not_recomputed_from_npy,train,"(512, 512)",float32
1215,1215,data/processed/hmi.m_45s.2024.03.16_00_01_30_TAI.magnetogram_processed.npy,hmi.m_45s.2024.03.16_00_01_30_TAI.magnetogram_processed.npy,91a5e96dbea311e0d0235fde15dab6185cdd3d34c2d665eaff6bafd1869e7b68,2024-03-16T00:01:30,2024-03-16T00:00:53.000Z,2024-03-16,2024-03-16 00:00:27.900,1.6967952251434326,stored_original_4096x4096_pixel_percentage_not_recomputed_from_npy,train,"(512, 512)",float32
1216,1216,data/processed/hmi.m_45s.2024.03.17_00_01_30_TAI.magnetogram_processed.npy,hmi.m_45s.2024.03.17_00_01_30_TAI.magnetogram_processed.npy,e06d1f008ae987a8d74970dd906ad8d7b15aad2fee3af2649a6108b73e4b5e29,2024-03-17T00:01:30,2024-03-17T00:00:53.000Z,2024-03-17,2024-03-17 00:00:28.000,1.920074224472046,stored_original_4096x4096_pixel_percentage_not_recomputed_from_npy,train,"(512, 512)",float32
1217,1217;1218,data/processed/hmi.m_45s.2024.03.20_00_01_30_TAI.magnetogram_processed.npy,hmi.m_45s.2024.03.20_00_01_30_TAI.magnetogram_processed.npy,a0c8cf0e71964ff53b58006eba9f8ecf537215fc2617a3abab61e12b487f587c,2024-03-20T00:01:30,2024-03-20T00:00:53.000Z,2024-03-20,2024-03-20 00:00:28.400,2.0696401596069336,stored_original_4096x4096_pixel_percentage_not_recomputed_from_npy,train,"(512, 512)",float32
1219,1219,data/processed/hmi.m_45s.2024.03.23_00_01_30_TAI.magnetogram_processed.npy,hmi.m_45s.2024.03.23_00_01_30_TAI.magnetogram_processed.npy,464043f1b17d63b312b056c805ad6086e4402a16d5eff6efd3e261487becdf35,2024-03-23T00:01:30,2024-03-23T00:00:53.000Z,2024-03-23,2024-03-23 00:00:28.800,2.353942394256592,stored_original_4096x4096_pixel_percentage_not_recomputed_from_npy,train,"(512, 512)",float32
1220,1220,data/processed/hmi.m_45s.2024.03.24_00_01_30_TAI.magnetogram_processed.npy,hmi.m_45s.2024.03.24_00_01_30_TAI.magnetogram_processed.npy,544ad7f9aaa01a1da3313f59bdb2574841006f6502b1567969e1ea3eccb72cf9,2024-03-24T00:01:30,2024-03-24T00:00:53.000Z,2024-03-24,2024-03-24 00:00:28.900,2.435743808746338,stored_original_4096x4096_pixel_percentage_not_recomputed_from_npy,train,"(512, 512)",float32
1221,1221,data/processed/hmi.m_45s.2024.03.26_00_01_30_TAI.magnetogram_processed.npy,hmi.m_45s.2024.03.26_00_01_30_TAI.magnetogram_processed.npy,f479137527a10138634951c88b6ffaf9c7a9e3ab45f30c569dbc3b0b635cbc01,2024-03-26T00:01:30,2024-03-26T00:00:53.000Z,2024-03-26,2024-03-26 00:00:29.200,2.4287819862365723,stored_original_4096x4096_pixel_percentage_not_recomputed_from_npy,selection_validation,"(512, 512)",float32
1222,1222,data/processed/hmi.m_45s.2024.03.27_00_01_30_TAI.magnetogram_processed.npy,hmi.m_45s.2024.03.27_00_01_30_TAI.magnetogram_processed.npy,4e8b28d3f1fe677245dace12c3755988316a390a8e8e1d4f0c3f26247563f72c,2024-03-27T00:01:30,2024-03-27T00:00:53.000Z,2024-03-27,2024-03-27 00:00:29.400,2.369368076324463,stored_original_4096x4096_pixel_percentage_not_recomputed_from_npy,train,"(512, 512)",float32
1223,1223,data/processed/hmi.m_45s.2024.03.30_00_01_30_TAI.magnetogram_processed.npy,hmi.m_45s.2024.03.30_00_01_30_TAI.magnetogram_processed.npy,f07e28ba941487c301ff9f780fcc36ba04654f652feb86b7611f8aadc0f1eb1a,2024-03-30T00:01:30,2024-03-30T00:00:53.000Z,2024-03-30,2024-03-30 00:00:29.800,1.973170042037964,stored_original_4096x4096_pixel_percentage_not_recomputed_from_npy,selection_validation,"(512, 512)",float32
1224,1224;1225;1226,data/processed/hmi.m_45s.2024.04.02_00_01_30_TAI.magnetogram_processed.npy,hmi.m_45s.2024.04.02_00_01_30_TAI.magnetogram_processed.npy,0218def27a1b6b772eafda15683e86d21720d93444bca018454499f3da9af2d1,2024-04-02T00:01:30,2024-04-02T00:00:53.000Z,2024-04-02,2024-04-02 00:00:30.200,1.7892539501190186,stored_original_4096x4096_pixel_percentage_not_recomputed_from_npy,train,"(512, 512)",float32
1227,1227,data/processed/hmi.m_45s.2024.04.04_00_01_30_TAI.magnetogram_processed.npy,hmi.m_45s.2024.04.04_00_01_30_TAI.magnetogram_processed.npy,2acd00f971134b607cc0a106ceb00aaddf4cd09a5384db7c95dbbb4e9ebed8b1,2024-04-04T00:01:30,2024-04-04T00:00:53.000Z,2024-04-04,2024-04-04 00:00:30.500,1.8595755100250244,stored_original_4096x4096_pixel_percentage_not_recomputed_from_npy,selection_validation,"(512, 512)",float32
1228,1228,data/processed/hmi.m_45s.2024.04.06_00_01_30_TAI.magnetogram_processed.npy,hmi.m_45s.2024.04.06_00_01_30_TAI.magnetogram_processed.npy,a46d6e5ce87117339b1b1a65c6690cdb49f9b4678cb1f12d5e49933751226ea2,2024-04-06T00:01:30,2024-04-06T00:00:53.000Z,2024-04-06,2024-04-06 00:00:30.800,1.9097328186035156,stored_original_4096x4096_pixel_percentage_not_recomputed_from_npy,train,"(512, 512)",float32
1229,1229;1230,data/processed/hmi.m_45s.2024.04.07_00_01_30_TAI.magnetogram_processed.npy,hmi.m_45s.2024.04.07_00_01_30_TAI.magnetogram_processed.npy,7252c2cb04d5957bccfa39ada3c1dd5211bc44a920e8c50a9b52d0ec0eced6ff,2024-04-07T00:01:30,2024-04-07T00:00:53.000Z,2024-04-07,2024-04-07 00:00:31.000,1.9509434700012207,stored_original_4096x4096_pixel_percentage_not_recomputed_from_npy,train,"(512, 512)",float32
1231,1231,data/processed/hmi.m_45s.2024.04.11_00_01_30_TAI.magnetogram_processed.npy,hmi.m_45s.2024.04.11_00_01_30_TAI.magnetogram_processed.npy,f2e6d8bf3e08567b3a1ba83ecf5f0c8de9d471a89436096116f80ffe1ef87310,2024-04-11T00:01:30,2024-04-11T00:00:53.000Z,2024-04-11,2024-04-11 00:00:31.500,1.9180774688720703,stored_original_4096x4096_pixel_percentage_not_recomputed_from_npy,selection_validation,"(512, 512)",float32
1232,1232,data/processed/hmi.m_45s.2024.04.13_00_01_30_TAI.magnetogram_processed.npy,hmi.m_45s.2024.04.13_00_01_30_TAI.magnetogram_processed.npy,4cf7cd9c6651a4baad0b097b337130daa3eb8510f837899222ed63130f5fe904,2024-04-13T00:01:30,2024-04-13T00:00:53.000Z,2024-04-13,2024-04-13 00:00:31.800,1.9425630569458008,stored_original_4096x4096_pixel_percentage_not_recomputed_from_npy,train,"(512, 512)",float32
1233,1233,data/processed/hmi.m_45s.2024.04.14_00_01_30_TAI.magnetogram_processed.npy,hmi.m_45s.2024.04.14_00_01_30_TAI.magnetogram_processed.npy,9a6646edd83d2b50deb252e36b13a6a1eb2333dc3a1de2523975bb223d12223b,2024-04-14T00:01:30,2024-04-14T00:00:53.000Z,2024-04-14,2024-04-14 00:00:32.000,1.9792258739471436,stored_original_4096x4096_pixel_percentage_not_recomputed_from_npy,train,"(512, 512)",float32
1234,1234;1235,data/processed/hmi.m_45s.2024.04.16_00_01_30_TAI.magnetogram_processed.npy,hmi.m_45s.2024.04.16_00_01_30_TAI.magnetogram_processed.npy,0270829e593fe69636d1832b8c792cf6339fc8aa6551e6789f6794b045c417fc,2024-04-16T00:01:30,2024-04-16T00:00:53.000Z,2024-04-16,2024-04-16 00:00:32.200,2.2100865840911865,stored_original_4096x4096_pixel_percentage_not_recomputed_from_npy,train,"(512, 512)",float32
1236,1236;1237;1238;1239;1240,data/processed/hmi.m_45s.2024.04.17_00_01_30_TAI.magnetogram_processed.npy,hmi.m_45s.2024.04.17_00_01_30_TAI.magnetogram_processed.npy,ab31b0856fe50b567abc67f881b2043f317867b4bae9ffe37a4c4c33b1d8148f,2024-04-17T00:01:30,2024-04-17T00:00:53.000Z,2024-04-17,2024-04-17 00:00:32.400,2.353549003601074,stored_original_4096x4096_pixel_percentage_not_recomputed_from_npy,train,"(512, 512)",float32
1241,1241,data/processed/hmi.m_45s.2024.04.20_00_01_30_TAI.magnetogram_processed.npy,hmi.m_45s.2024.04.20_00_01_30_TAI.magnetogram_processed.npy,897a8e6946f1dc53b839beee7a9fb3b21786a237c9987401982bf2d417574071,2024-04-20T00:01:30,2024-04-20T00:00:53.000Z,2024-04-20,2024-04-20 00:00:32.800,2.623802423477173,stored_original_4096x4096_pixel_percentage_not_recomputed_from_npy,train,"(512, 512)",float32
1242,1242;1243;1244,data/processed/hmi.m_45s.2024.04.23_00_01_30_TAI.magnetogram_processed.npy,hmi.m_45s.2024.04.23_00_01_30_TAI.magnetogram_processed.npy,5f5fbfb462482377498a0323864cd3c0f8b3640ca521e6cd3ee74f4eadc3d131,2024-04-23T00:01:30,2024-04-23T00:00:53.000Z,2024-04-23,2024-04-23 00:00:33.200,2.500271797180176,stored_original_4096x4096_pixel_percentage_not_recomputed_from_npy,train,"(512, 512)",float32
1245,1245;1246,data/processed/hmi.m_45s.2024.04.24_00_01_30_TAI.magnetogram_processed.npy,hmi.m_45s.2024.04.24_00_01_30_TAI.magnetogram_processed.npy,1245b82d1c96782d27df05cd16915a7e988b10c733a891468712d68245488230,2024-04-24T00:01:30,2024-04-24T00:00:53.000Z,2024-04-24,2024-04-24 00:00:33.300,2.3621201515197754,stored_original_4096x4096_pixel_percentage_not_recomputed_from_npy,train,"(512, 512)",float32
1247,1247;1248,data/processed/hmi.m_45s.2024.04.27_00_01_30_TAI.magnetogram_processed.npy,hmi.m_45s.2024.04.27_00_01_30_TAI.magnetogram_processed.npy,6f3fc8dcea4908ccab5c4ca1819e0d3de2dbfe4d4d16add78f343294c60fbfd9,2024-04-27T00:01:30,2024-04-27T00:00:53.000Z,2024-04-27,2024-04-27 00:00:33.700,1.884126663208008,stored_original_4096x4096_pixel_percentage_not_recomputed_from_npy,train,"(512, 512)",float32
1249,1249,data/processed/hmi.m_45s.2024.04.28_00_01_30_TAI.magnetogram_processed.npy,hmi.m_45s.2024.04.28_00_01_30_TAI.magnetogram_processed.npy,84b8d72595640a13371da52e9f44774d4ee9114698a2d0b8467f2d904c83f257,2024-04-28T00:01:30,2024-04-28T00:00:53.000Z,2024-04-28,2024-04-28 00:00:33.800,1.8788516521453855,stored_original_4096x4096_pixel_percentage_not_recomputed_from_npy,train,"(512, 512)",float32
1250,1250,data/processed/hmi.m_45s.2024.05.04_00_03_45_TAI.magnetogram_processed.npy,hmi.m_45s.2024.05.04_00_03_45_TAI.magnetogram_processed.npy,114b90b4e0493e9670afe60678fb5af9580085288f37f508998f8b42b36f9f28,2024-05-04T00:03:45,2024-05-04T00:03:08.000Z,2024-05-04,2024-05-04 00:02:49.600,2.1918416023254395,stored_original_4096x4096_pixel_percentage_not_recomputed_from_npy,train,"(512, 512)",float32
1251,1251,data/processed/hmi.m_45s.2024.05.05_00_01_30_TAI.magnetogram_processed.npy,hmi.m_45s.2024.05.05_00_01_30_TAI.magnetogram_processed.npy,fce6b2c42e0f65aeb01a73cf2bbaae9026f45dbe1e32268e5de729910bd9f2d3,2024-05-05T00:01:30,2024-05-05T00:00:53.000Z,2024-05-05,2024-05-05 00:00:34.700,2.0195424556732178,stored_original_4096x4096_pixel_percentage_not_recomputed_from_npy,train,"(512, 512)",float32
1252,1252,data/processed/hmi.m_45s.2024.05.08_00_01_30_TAI.magnetogram_processed.npy,hmi.m_45s.2024.05.08_00_01_30_TAI.magnetogram_processed.npy,fcabe8146395f1c569aaf6740abb062b9066619e4b698b1722c6b7762366b9a0,2024-05-08T00:01:30,2024-05-08T00:00:53.000Z,2024-05-08,2024-05-08 00:00:35.100,2.118813991546631,stored_original_4096x4096_pixel_percentage_not_recomputed_from_npy,train,"(512, 512)",float32
1253,1253;1254,data/processed/hmi.m_45s.2024.05.10_00_01_30_TAI.magnetogram_processed.npy,hmi.m_45s.2024.05.10_00_01_30_TAI.magnetogram_processed.npy,3d05aa2ba9027d6bfa585b3a7abf0d57283c02c6fe4dacd3ab5f41e0dee165a4,2024-05-10T00:01:30,2024-05-10T00:00:53.000Z,2024-05-10,2024-05-10 00:00:35.300,2.1192550659179688,stored_original_4096x4096_pixel_percentage_not_recomputed_from_npy,selection_validation,"(512, 512)",float32
1255,1255,data/processed/hmi.m_45s.2024.05.11_00_01_30_TAI.magnetogram_processed.npy,hmi.m_45s.2024.05.11_00_01_30_TAI.magnetogram_processed.npy,6e5623ab7c9b8d9903295f1bb9e94d31ec563f11bac9e79ffeb22e7057cd0bfd,2024-05-11T00:01:30,2024-05-11T00:00:53.000Z,2024-05-11,2024-05-11 00:00:35.400,2.062845230102539,stored_original_4096x4096_pixel_percentage_not_recomputed_from_npy,selection_validation,"(512, 512)",float32
1256,1256,data/processed/hmi.m_45s.2024.05.15_00_01_30_TAI.magnetogram_processed.npy,hmi.m_45s.2024.05.15_00_01_30_TAI.magnetogram_processed.npy,bce7fd306d3add20420db2d8d81ba235dc71b3b2bbca88d98974a6c4c50ce69b,2024-05-15T00:01:30,2024-05-15T00:00:53.000Z,2024-05-15,2024-05-15 00:00:35.900,2.290874719619751,stored_original_4096x4096_pixel_percentage_not_recomputed_from_npy,train,"(512, 512)",float32
1257,1257,data/processed/hmi.m_45s.2024.05.17_00_01_30_TAI.magnetogram_processed.npy,hmi.m_45s.2024.05.17_00_01_30_TAI.magnetogram_processed.npy,81835924f90ead8b2d678f4eb6a226ab309908ed99ab36269a3b68b997755639,2024-05-17T00:01:30,2024-05-17T00:00:53.000Z,2024-05-17,2024-05-17 00:00:36.100,2.468287944793701,stored_original_4096x4096_pixel_percentage_not_recomputed_from_npy,selection_validation,"(512, 512)",float32
1258,1258,data/processed/hmi.m_45s.2024.05.21_00_01_30_TAI.magnetogram_processed.npy,hmi.m_45s.2024.05.21_00_01_30_TAI.magnetogram_processed.npy,2e4d289f1166f089e16a00e219b43f53d3330a46c8c32aa71ca9f147bffeb592,2024-05-21T00:01:30,2024-05-21T00:00:53.000Z,2024-05-21,2024-05-21 00:00:36.500,2.2241413593292236,stored_original_4096x4096_pixel_percentage_not_recomputed_from_npy,train,"(512, 512)",float32
1259,1259,data/processed/hmi.m_45s.2024.05.24_00_01_30_TAI.magnetogram_processed.npy,hmi.m_45s.2024.05.24_00_01_30_TAI.magnetogram_processed.npy,44735a1804602d50ec3e6f24ac4a7599b9211dab7e154e4ca59885b96cb5ba1e,2024-05-24T00:01:30,2024-05-24T00:00:53.000Z,2024-05-24,2024-05-24 00:00:36.700,1.9131243228912351,stored_original_4096x4096_pixel_percentage_not_recomputed_from_npy,train,"(512, 512)",float32
1260,1260;1261,data/processed/hmi.m_45s.2024.05.26_00_01_30_TAI.magnetogram_processed.npy,hmi.m_45s.2024.05.26_00_01_30_TAI.magnetogram_processed.npy,4d30fe36a81c8532b4caa970fcc2968cff197824b344c4190ca332e879e118d3,2024-05-26T00:01:30,2024-05-26T00:00:53.000Z,2024-05-26,2024-05-26 00:00:36.900,1.7862141132354736,stored_original_4096x4096_pixel_percentage_not_recomputed_from_npy,selection_validation,"(512, 512)",float32
1262,1262;1263,data/processed/hmi.m_45s.2024.05.28_00_01_30_TAI.magnetogram_processed.npy,hmi.m_45s.2024.05.28_00_01_30_TAI.magnetogram_processed.npy,f9264d25f6bd39770035802c8a2bd5acbcb2ded4420d8d7bc467f1124ad01f3d,2024-05-28T00:01:30,2024-05-28T00:00:53.000Z,2024-05-28,2024-05-28 00:00:37.100,1.857239007949829,stored_original_4096x4096_pixel_percentage_not_recomputed_from_npy,train,"(512, 512)",float32
1264,1264,data/processed/hmi.m_45s.2024.05.31_00_01_30_TAI.magnetogram_processed.npy,hmi.m_45s.2024.05.31_00_01_30_TAI.magnetogram_processed.npy,f9637bcc325858cb3017e65f2e827836efffa2ae0a5f30d1834b93fdc6fe9e5f,2024-05-31T00:01:30,2024-05-31T00:00:53.000Z,2024-05-31,2024-05-31 00:00:37.400,2.1407783031463623,stored_original_4096x4096_pixel_percentage_not_recomputed_from_npy,train,"(512, 512)",float32
1265,1265,data/processed/hmi.m_45s.2024.06.01_00_01_30_TAI.magnetogram_processed.npy,hmi.m_45s.2024.06.01_00_01_30_TAI.magnetogram_processed.npy,95e9920d80213bd03b5f26d54287fd2ae9436cfc1b5e6f65e7e20fc79dd3e2e2,2024-06-01T00:01:30,2024-06-01T00:00:53.000Z,2024-06-01,2024-06-01 00:00:37.400,2.2187888622283936,stored_original_4096x4096_pixel_percentage_not_recomputed_from_npy,train,"(512, 512)",float32
1266,1266,data/processed/hmi.m_45s.2024.06.02_00_01_30_TAI.magnetogram_processed.npy,hmi.m_45s.2024.06.02_00_01_30_TAI.magnetogram_processed.npy,3efa2991482532142bec2251551a384b4107dab66e43658ac8b321d3abd07d29,2024-06-02T00:01:30,2024-06-02T00:00:53.000Z,2024-06-02,2024-06-02 00:00:37.500,2.3231983184814453,stored_original_4096x4096_pixel_percentage_not_recomputed_from_npy,train,"(512, 512)",float32
1267,1267,data/processed/hmi.m_45s.2024.06.03_00_01_30_TAI.magnetogram_processed.npy,hmi.m_45s.2024.06.03_00_01_30_TAI.magnetogram_processed.npy,589ba9d5b3256275828dbe43635334418556c581c53823ff9d23ebdecb162729,2024-06-03T00:01:30,2024-06-03T00:00:53.000Z,2024-06-03,2024-06-03 00:00:37.600,2.3134589195251465,stored_original_4096x4096_pixel_percentage_not_recomputed_from_npy,selection_validation,"(512, 512)",float32
1268,1268;1269,data/processed/hmi.m_45s.2024.06.10_00_01_30_TAI.magnetogram_processed.npy,hmi.m_45s.2024.06.10_00_01_30_TAI.magnetogram_processed.npy,ecde0554915fbba0836c76fdcd1ec3da5742cb781978c9b30c4b77d89d220789,2024-06-10T00:01:30,2024-06-10T00:00:53.000Z,2024-06-10,2024-06-10 00:00:38.100,2.0125985145568848,stored_original_4096x4096_pixel_percentage_not_recomputed_from_npy,train,"(512, 512)",float32
1270,1270;1271,data/processed/hmi.m_45s.2024.06.11_00_01_30_TAI.magnetogram_processed.npy,hmi.m_45s.2024.06.11_00_01_30_TAI.magnetogram_processed.npy,c530c5abbe49933a3c1ccf2fe5f64d272bf86249084d16f6c7c6100e08145e27,2024-06-11T00:01:30,2024-06-11T00:00:53.000Z,2024-06-11,2024-06-11 00:00:38.100,2.025115489959717,stored_original_4096x4096_pixel_percentage_not_recomputed_from_npy,train,"(512, 512)",float32
1272,1272;1273;1274,data/processed/hmi.m_45s.2024.06.12_00_01_30_TAI.magnetogram_processed.npy,hmi.m_45s.2024.06.12_00_01_30_TAI.magnetogram_processed.npy,347907335caf34a6a69a8f76ee6931d467acdbcf25a2dc71915d164f693f6dcf,2024-06-12T00:01:30,2024-06-12T00:00:53.000Z,2024-06-12,2024-06-12 00:00:38.200,2.0656466484069824,stored_original_4096x4096_pixel_percentage_not_recomputed_from_npy,train,"(512, 512)",float32
1275,1275;1276;1277;1278,data/processed/hmi.m_45s.2024.06.13_00_01_30_TAI.magnetogram_processed.npy,hmi.m_45s.2024.06.13_00_01_30_TAI.magnetogram_processed.npy,d06071790aeac61b4b3d2aa88f938bfcb994439a30234d47bea63b9cd8b0ba39,2024-06-13T00:01:30,2024-06-13T00:00:53.000Z,2024-06-13,2024-06-13 00:00:38.200,2.142089605331421,stored_original_4096x4096_pixel_percentage_not_recomputed_from_npy,selection_validation,"(512, 512)",float32
1279,1279,data/processed/hmi.m_45s.2024.06.14_00_01_30_TAI.magnetogram_processed.npy,hmi.m_45s.2024.06.14_00_01_30_TAI.magnetogram_processed.npy,2f43f582ffdfdf9221c23a4e9b666a13e961779a6d73db92cd1221ba3d71640a,2024-06-14T00:01:30,2024-06-14T00:00:53.000Z,2024-06-14,2024-06-14 00:00:38.300,2.1922707557678223,stored_original_4096x4096_pixel_percentage_not_recomputed_from_npy,train,"(512, 512)",float32
1280,1280,data/processed/hmi.m_45s.2024.06.15_00_01_30_TAI.magnetogram_processed.npy,hmi.m_45s.2024.06.15_00_01_30_TAI.magnetogram_processed.npy,be26d106b54694323f5734ec4b4307310f58c219be88c0d9a2a5ac958ec6623b,2024-06-15T00:01:30,2024-06-15T00:00:53.000Z,2024-06-15,2024-06-15 00:00:38.300,2.2153496742248535,stored_original_4096x4096_pixel_percentage_not_recomputed_from_npy,train,"(512, 512)",float32
1281,1281,data/processed/hmi.m_45s.2024.06.18_00_01_30_TAI.magnetogram_processed.npy,hmi.m_45s.2024.06.18_00_01_30_TAI.magnetogram_processed.npy,d161ca15bca0056b706f9784ff0d2cd6495a393251ec67b64f1d65f3517be32e,2024-06-18T00:01:30,2024-06-18T00:00:53.000Z,2024-06-18,2024-06-18 00:00:38.400,2.117246389389038,stored_original_4096x4096_pixel_percentage_not_recomputed_from_npy,train,"(512, 512)",float32
1282,1282,data/processed/hmi.m_45s.2024.06.19_00_01_30_TAI.magnetogram_processed.npy,hmi.m_45s.2024.06.19_00_01_30_TAI.magnetogram_processed.npy,4eaa2b1fa6e61969e93992d521f5ebe0e81b74ee9b6e2c567b44d5eb26c3b99d,2024-06-19T00:01:30,2024-06-19T00:00:53.000Z,2024-06-19,2024-06-19 00:00:38.500,2.0693421363830566,stored_original_4096x4096_pixel_percentage_not_recomputed_from_npy,train,"(512, 512)",float32
1283,1283,data/processed/hmi.m_45s.2024.06.20_00_01_30_TAI.magnetogram_processed.npy,hmi.m_45s.2024.06.20_00_01_30_TAI.magnetogram_processed.npy,52c0955233a5499e25c10e435190e17d77025e8afef7ffe94c7c97ce6cfd99c3,2024-06-20T00:01:30,2024-06-20T00:00:53.000Z,2024-06-20,2024-06-20 00:00:38.500,2.0997941493988037,stored_original_4096x4096_pixel_percentage_not_recomputed_from_npy,selection_validation,"(512, 512)",float32
1284,1284,data/processed/hmi.m_45s.2024.06.23_00_01_30_TAI.magnetogram_processed.npy,hmi.m_45s.2024.06.23_00_01_30_TAI.magnetogram_processed.npy,4ecebcc5a303dc2123146ae5768fc1347314c6922d95f43b51b15938de123c38,2024-06-23T00:01:30,2024-06-23T00:00:53.000Z,2024-06-23,2024-06-23 00:00:38.600,1.9427835941314695,stored_original_4096x4096_pixel_percentage_not_recomputed_from_npy,train,"(512, 512)",float32
1285,1285,data/processed/hmi.m_45s.2024.06.26_00_01_30_TAI.magnetogram_processed.npy,hmi.m_45s.2024.06.26_00_01_30_TAI.magnetogram_processed.npy,6e54e80193171a87bc846bf6e3c61a764ff9ddcb92e0653ab686793b425c0fa1,2024-06-26T00:01:30,2024-06-26T00:00:53.000Z,2024-06-26,2024-06-26 00:00:38.700,2.204561233520508,stored_original_4096x4096_pixel_percentage_not_recomputed_from_npy,selection_validation,"(512, 512)",float32
1286,1286;1287,data/processed/hmi.m_45s.2024.06.29_00_01_30_TAI.magnetogram_processed.npy,hmi.m_45s.2024.06.29_00_01_30_TAI.magnetogram_processed.npy,1fcfbde5d3ccc75cfcec1189900b4af4058d142d63051b50decf09f4001706bd,2024-06-29T00:01:30,2024-06-29T00:00:53.000Z,2024-06-29,2024-06-29 00:00:38.700,2.4056613445281982,stored_original_4096x4096_pixel_percentage_not_recomputed_from_npy,train,"(512, 512)",float32
1288,1288;1289,data/processed/hmi.m_45s.2024.06.30_00_01_30_TAI.magnetogram_processed.npy,hmi.m_45s.2024.06.30_00_01_30_TAI.magnetogram_processed.npy,1877c95eb32f1a539a0896def3f0135cbd421be763f3e32f120feffd12e6af8a,2024-06-30T00:01:30,2024-06-30T00:00:53.000Z,2024-06-30,2024-06-30 00:00:38.700,2.3714303970336914,stored_original_4096x4096_pixel_percentage_not_recomputed_from_npy,train,"(512, 512)",float32
1290,1290;1291,data/processed/hmi.m_45s.2024.07.01_00_01_30_TAI.magnetogram_processed.npy,hmi.m_45s.2024.07.01_00_01_30_TAI.magnetogram_processed.npy,2ba666c918f4611abb422142cdb0fb0c4728f26abbbb98c8b0f6ab129c0ba8a8,2024-07-01T00:01:30,2024-07-01T00:00:53.000Z,2024-07-01,2024-07-01 00:00:38.800,2.278733253479004,stored_original_4096x4096_pixel_percentage_not_recomputed_from_npy,train,"(512, 512)",float32
1292,1292;1293,data/processed/hmi.m_45s.2024.07.03_00_01_30_TAI.magnetogram_processed.npy,hmi.m_45s.2024.07.03_00_01_30_TAI.magnetogram_processed.npy,6e9bc1b628ed3b8ab53e13247d217ed4a1cf950006a97cb77c730b612f2070e0,2024-07-03T00:01:30,2024-07-03T00:00:53.000Z,2024-07-03,2024-07-03 00:00:38.800,2.0928800106048584,stored_original_4096x4096_pixel_percentage_not_recomputed_from_npy,train,"(512, 512)",float32
1294,1294;1295,data/processed/hmi.m_45s.2024.07.05_00_01_30_TAI.magnetogram_processed.npy,hmi.m_45s.2024.07.05_00_01_30_TAI.magnetogram_processed.npy,d1b84ee87a3890ca1befce5b1d644dadd7fc032111f4b858f7a619bf11e7825d,2024-07-05T00:01:30,2024-07-05T00:00:53.000Z,2024-07-05,2024-07-05 00:00:38.800,1.993727684020996,stored_original_4096x4096_pixel_percentage_not_recomputed_from_npy,train,"(512, 512)",float32
1296,1296,data/processed/hmi.m_45s.2024.07.07_00_01_30_TAI.magnetogram_processed.npy,hmi.m_45s.2024.07.07_00_01_30_TAI.magnetogram_processed.npy,534fcb6a2f53128b152607cc2dad3980235f8921646dedb730e786ff7fc165f8,2024-07-07T00:01:30,2024-07-07T00:00:53.000Z,2024-07-07,2024-07-07 00:00:38.800,1.935410499572754,stored_original_4096x4096_pixel_percentage_not_recomputed_from_npy,selection_validation,"(512, 512)",float32
1297,1297;1298,data/processed/hmi.m_45s.2024.07.08_00_01_30_TAI.magnetogram_processed.npy,hmi.m_45s.2024.07.08_00_01_30_TAI.magnetogram_processed.npy,98a95a0b99feae244bebb7cdea5d3cd6219f334dc701b0ee14175036a5f6eb62,2024-07-08T00:01:30,2024-07-08T00:00:53.000Z,2024-07-08,2024-07-08 00:00:38.800,1.9437015056610107,stored_original_4096x4096_pixel_percentage_not_recomputed_from_npy,train,"(512, 512)",float32
1299,1299,data/processed/hmi.m_45s.2024.07.10_00_01_30_TAI.magnetogram_processed.npy,hmi.m_45s.2024.07.10_00_01_30_TAI.magnetogram_processed.npy,28dffd48cd514016b6f5f75f5d6fa49b79f6eb5c46de4a1b579d6b0d2fdbff25,2024-07-10T00:01:30,2024-07-10T00:00:53.000Z,2024-07-10,2024-07-10 00:00:38.800,2.1046340465545654,stored_original_4096x4096_pixel_percentage_not_recomputed_from_npy,train,"(512, 512)",float32
1300,1300,data/processed/hmi.m_45s.2024.07.11_00_01_30_TAI.magnetogram_processed.npy,hmi.m_45s.2024.07.11_00_01_30_TAI.magnetogram_processed.npy,15c6b5ad54e67ae572e0bdde75cb746de6ce41611184b09818e2b52ca3b03796,2024-07-11T00:01:30,2024-07-11T00:00:53.000Z,2024-07-11,2024-07-11 00:00:38.700,2.2742271423339844,stored_original_4096x4096_pixel_percentage_not_recomputed_from_npy,train,"(512, 512)",float32
1301,1301,data/processed/hmi.m_45s.2024.07.13_00_01_30_TAI.magnetogram_processed.npy,hmi.m_45s.2024.07.13_00_01_30_TAI.magnetogram_processed.npy,0f219d57336c1472b0fc95607d98307fef053ed6a80472f6c67f7ad558f7fa0d,2024-07-13T00:01:30,2024-07-13T00:00:53.000Z,2024-07-13,2024-07-13 00:00:38.700,2.5214731693267822,stored_original_4096x4096_pixel_percentage_not_recomputed_from_npy,train,"(512, 512)",float32
1302,1302,data/processed/hmi.m_45s.2024.07.14_00_01_30_TAI.magnetogram_processed.npy,hmi.m_45s.2024.07.14_00_01_30_TAI.magnetogram_processed.npy,2198109713043414bd40b4fa605d4af11840809cddebe2e0dae84d618fcef3c6,2024-07-14T00:01:30,2024-07-14T00:00:53.000Z,2024-07-14,2024-07-14 00:00:38.700,2.5881290435791016,stored_original_4096x4096_pixel_percentage_not_recomputed_from_npy,train,"(512, 512)",float32
1303,1303,data/processed/hmi.m_45s.2024.07.18_00_01_30_TAI.magnetogram_processed.npy,hmi.m_45s.2024.07.18_00_01_30_TAI.magnetogram_processed.npy,2d2b30408c0d3e426b2ff25a0ac1db7ff0e080198dda4e72e51e00ef208d6ad3,2024-07-18T00:01:30,2024-07-18T00:00:53.000Z,2024-07-18,2024-07-18 00:00:38.600,2.3508548736572266,stored_original_4096x4096_pixel_percentage_not_recomputed_from_npy,train,"(512, 512)",float32
1304,1304,data/processed/hmi.m_45s.2024.07.21_00_01_30_TAI.magnetogram_processed.npy,hmi.m_45s.2024.07.21_00_01_30_TAI.magnetogram_processed.npy,aae31e663dff3d249ac740e2fb316d7920869c5e7d3512ffaae5eb991ab85118,2024-07-21T00:01:30,2024-07-21T00:00:53.000Z,2024-07-21,2024-07-21 00:00:38.500,2.1936774253845215,stored_original_4096x4096_pixel_percentage_not_recomputed_from_npy,train,"(512, 512)",float32
1305,1305,data/processed/hmi.m_45s.2024.07.25_00_01_30_TAI.magnetogram_processed.npy,hmi.m_45s.2024.07.25_00_01_30_TAI.magnetogram_processed.npy,b9a7c6892577ab93089f0bccae9844cf6258c3e495dff1587a6b6193b526eb07,2024-07-25T00:01:30,2024-07-25T00:00:53.000Z,2024-07-25,2024-07-25 00:00:38.300,2.0925402641296387,stored_original_4096x4096_pixel_percentage_not_recomputed_from_npy,train,"(512, 512)",float32
1306,1306,data/processed/hmi.m_45s.2024.07.28_00_01_30_TAI.magnetogram_processed.npy,hmi.m_45s.2024.07.28_00_01_30_TAI.magnetogram_processed.npy,f2027214edddb23fc5a1ad1911ee4e2241032ea1c2093b386181f2865949e27f,2024-07-28T00:01:30,2024-07-28T00:00:53.000Z,2024-07-28,2024-07-28 00:00:38.200,2.2808194160461426,stored_original_4096x4096_pixel_percentage_not_recomputed_from_npy,selection_validation,"(512, 512)",float32
1307,1307,data/processed/hmi.m_45s.2024.07.31_00_01_30_TAI.magnetogram_processed.npy,hmi.m_45s.2024.07.31_00_01_30_TAI.magnetogram_processed.npy,9024c693497c6b45004da77e2e777ef69036826204c79739858d4b812ebb3b54,2024-07-31T00:01:30,2024-07-31T00:00:53.000Z,2024-07-31,2024-07-31 00:00:38.000,2.3329198360443115,stored_original_4096x4096_pixel_percentage_not_recomputed_from_npy,train,"(512, 512)",float32
1308,1308;1309,data/processed/hmi.m_45s.2024.08.01_00_01_30_TAI.magnetogram_processed.npy,hmi.m_45s.2024.08.01_00_01_30_TAI.magnetogram_processed.npy,ef7b24bcc363438c1b7ed128f007ddea08b0c885ddfccd542e3fe8c87fde6a40,2024-08-01T00:01:30,2024-08-01T00:00:53.000Z,2024-08-01,2024-08-01 00:00:37.900,2.341228723526001,stored_original_4096x4096_pixel_percentage_not_recomputed_from_npy,train,"(512, 512)",float32
1310,1310,data/processed/hmi.m_45s.2024.08.02_00_01_30_TAI.magnetogram_processed.npy,hmi.m_45s.2024.08.02_00_01_30_TAI.magnetogram_processed.npy,5405687d18da5ea23f53a2ccb220828c7985223f1dbb57aa982e4416cc5fce33,2024-08-02T00:01:30,2024-08-02T00:00:53.000Z,2024-08-02,2024-08-02 00:00:37.900,2.289700508117676,stored_original_4096x4096_pixel_percentage_not_recomputed_from_npy,train,"(512, 512)",float32
1311,1311,data/processed/hmi.m_45s.2024.08.08_00_01_30_TAI.magnetogram_processed.npy,hmi.m_45s.2024.08.08_00_01_30_TAI.magnetogram_processed.npy,459f3c344fde626c6f5d10d8fb7c101673ac3fe0fac26d19be3c50a3f70aa8af,2024-08-08T00:01:30,2024-08-08T00:00:53.000Z,2024-08-08,2024-08-08 00:00:37.500,2.888798713684082,stored_original_4096x4096_pixel_percentage_not_recomputed_from_npy,train,"(512, 512)",float32
1312,1312,data/processed/hmi.m_45s.2024.08.09_00_01_30_TAI.magnetogram_processed.npy,hmi.m_45s.2024.08.09_00_01_30_TAI.magnetogram_processed.npy,668c106c7051e638dc74c94f7a06be7a90923c1eb1bd1ed9f116525879c25600,2024-08-09T00:01:30,2024-08-09T00:00:53.000Z,2024-08-09,2024-08-09 00:00:37.400,2.949613332748413,stored_original_4096x4096_pixel_percentage_not_recomputed_from_npy,selection_validation,"(512, 512)",float32
1313,1313,data/processed/hmi.m_45s.2024.08.10_00_01_30_TAI.magnetogram_processed.npy,hmi.m_45s.2024.08.10_00_01_30_TAI.magnetogram_processed.npy,531dacd9195c4e5614c32a7f0929976b90fd99c4d8379a6a0563963f9d2a0f92,2024-08-10T00:01:30,2024-08-10T00:00:53.000Z,2024-08-10,2024-08-10 00:00:37.300,2.9787540435791016,stored_original_4096x4096_pixel_percentage_not_recomputed_from_npy,train,"(512, 512)",float32
1314,1314,data/processed/hmi.m_45s.2024.08.11_00_01_30_TAI.magnetogram_processed.npy,hmi.m_45s.2024.08.11_00_01_30_TAI.magnetogram_processed.npy,45db6d69194ee150f148381a66e43ef2d65f94c9303a43a0d3d18e5fe17186c2,2024-08-11T00:01:30,2024-08-11T00:00:53.000Z,2024-08-11,2024-08-11 00:00:37.200,2.922379970550537,stored_original_4096x4096_pixel_percentage_not_recomputed_from_npy,train,"(512, 512)",float32
1315,1315,data/processed/hmi.m_45s.2024.08.12_00_01_30_TAI.magnetogram_processed.npy,hmi.m_45s.2024.08.12_00_01_30_TAI.magnetogram_processed.npy,82ca26fba845066e051ed623cc7156039dcb62931fcb16c394242554256715ad,2024-08-12T00:01:30,2024-08-12T00:00:53.000Z,2024-08-12,2024-08-12 00:00:37.100,2.9018819332122803,stored_original_4096x4096_pixel_percentage_not_recomputed_from_npy,train,"(512, 512)",float32
1316,1316;1317,data/processed/hmi.m_45s.2024.08.16_00_01_30_TAI.magnetogram_processed.npy,hmi.m_45s.2024.08.16_00_01_30_TAI.magnetogram_processed.npy,24fcd0fa57c094946bf55f31a15272576a7f6b45cfd6235907a63ecbff0aacad,2024-08-16T00:01:30,2024-08-16T00:00:53.000Z,2024-08-16,2024-08-16 00:00:36.800,2.3629188537597656,stored_original_4096x4096_pixel_percentage_not_recomputed_from_npy,train,"(512, 512)",float32
1318,1318,data/processed/hmi.m_45s.2024.08.20_00_01_30_TAI.magnetogram_processed.npy,hmi.m_45s.2024.08.20_00_01_30_TAI.magnetogram_processed.npy,0694d5906987669a3be0976085c120c65b8f07355991b80c329cd84f2d0f2964,2024-08-20T00:01:30,2024-08-20T00:00:53.000Z,2024-08-20,2024-08-20 00:00:36.400,2.2895216941833496,stored_original_4096x4096_pixel_percentage_not_recomputed_from_npy,train,"(512, 512)",float32
1319,1319;1320,data/processed/hmi.m_45s.2024.08.22_00_01_30_TAI.magnetogram_processed.npy,hmi.m_45s.2024.08.22_00_01_30_TAI.magnetogram_processed.npy,004e077967d6f99bc088aa5b39e3be312b89e4ecfe3d7c473356fa5dd069e3ec,2024-08-22T00:01:30,2024-08-22T00:00:53.000Z,2024-08-22,2024-08-22 00:00:36.200,2.367144823074341,stored_original_4096x4096_pixel_percentage_not_recomputed_from_npy,selection_validation,"(512, 512)",float32
1321,1321;1322,data/processed/hmi.m_45s.2024.08.23_00_01_30_TAI.magnetogram_processed.npy,hmi.m_45s.2024.08.23_00_01_30_TAI.magnetogram_processed.npy,af9454b18f0e60feedd061efd130a65870ad1260ff28498ccaf75c2d002d78e8,2024-08-23T00:01:30,2024-08-23T00:00:53.000Z,2024-08-23,2024-08-23 00:00:36.100,2.440589666366577,stored_original_4096x4096_pixel_percentage_not_recomputed_from_npy,selection_validation,"(512, 512)",float32
1323,1323;1324,data/processed/hmi.m_45s.2024.08.26_00_01_30_TAI.magnetogram_processed.npy,hmi.m_45s.2024.08.26_00_01_30_TAI.magnetogram_processed.npy,e41efaa38c345554d04d64153f82f1ac216d90efb177f14958ca54c387214d2f,2024-08-26T00:01:30,2024-08-26T00:00:53.000Z,2024-08-26,2024-08-26 00:00:35.800,2.417635917663574,stored_original_4096x4096_pixel_percentage_not_recomputed_from_npy,train,"(512, 512)",float32
1325,1325,data/processed/hmi.m_45s.2024.08.29_00_01_30_TAI.magnetogram_processed.npy,hmi.m_45s.2024.08.29_00_01_30_TAI.magnetogram_processed.npy,d726dca4170fe271c1fd07e766a98effcf869153bef2cc45ad1ebccbf4003797,2024-08-29T00:01:30,2024-08-29T00:00:53.000Z,2024-08-29,2024-08-29 00:00:35.400,2.1518707275390625,stored_original_4096x4096_pixel_percentage_not_recomputed_from_npy,selection_validation,"(512, 512)",float32
1326,1326,data/processed/hmi.m_45s.2024.08.31_00_01_30_TAI.magnetogram_processed.npy,hmi.m_45s.2024.08.31_00_01_30_TAI.magnetogram_processed.npy,a06fa740f2eb6588566053df3fcb69af89964f35915519c1eeb2c006010e15bc,2024-08-31T00:01:30,2024-08-31T00:00:53.000Z,2024-08-31,2024-08-31 00:00:35.200,2.172595262527466,stored_original_4096x4096_pixel_percentage_not_recomputed_from_npy,train,"(512, 512)",float32
1327,1327;1328,data/processed/hmi.m_45s.2024.09.01_00_01_30_TAI.magnetogram_processed.npy,hmi.m_45s.2024.09.01_00_01_30_TAI.magnetogram_processed.npy,aaae957533bce96108189089bf5822aaad0a26391844f1c6514a125572534c94,2024-09-01T00:01:30,2024-09-01T00:00:53.000Z,2024-09-01,2024-09-01 00:00:35.100,2.2102057933807373,stored_original_4096x4096_pixel_percentage_not_recomputed_from_npy,train,"(512, 512)",float32
1329,1329,data/processed/hmi.m_45s.2024.09.02_00_01_30_TAI.magnetogram_processed.npy,hmi.m_45s.2024.09.02_00_01_30_TAI.magnetogram_processed.npy,92753055c31bda02324ae44d17353af10a8cedabea329503c6d1016ceb6bec6b,2024-09-02T00:01:30,2024-09-02T00:00:53.000Z,2024-09-02,2024-09-02 00:00:35.000,2.321326732635498,stored_original_4096x4096_pixel_percentage_not_recomputed_from_npy,train,"(512, 512)",float32
1330,1330,data/processed/hmi.m_45s.2024.09.06_00_01_30_TAI.magnetogram_processed.npy,hmi.m_45s.2024.09.06_00_01_30_TAI.magnetogram_processed.npy,8d7b8d13b8c10a19b6792fb09f582ff8e4e7fab3ff8de759619a9d66b9c08c08,2024-09-06T00:01:30,2024-09-06T00:00:53.000Z,2024-09-06,2024-09-06 00:00:34.500,2.5300323963165283,stored_original_4096x4096_pixel_percentage_not_recomputed_from_npy,train,"(512, 512)",float32
1331,1331;1332;1333,data/processed/hmi.m_45s.2024.09.07_00_01_30_TAI.magnetogram_processed.npy,hmi.m_45s.2024.09.07_00_01_30_TAI.magnetogram_processed.npy,58ae7ee0f427a4c6f49e0fe137300ff0adce875601e2bbba4d7f807e8949e501,2024-09-07T00:01:30,2024-09-07T00:00:53.000Z,2024-09-07,2024-09-07 00:00:34.400,2.507072687149048,stored_original_4096x4096_pixel_percentage_not_recomputed_from_npy,train,"(512, 512)",float32
1334,1334,data/processed/hmi.m_45s.2024.09.08_00_01_30_TAI.magnetogram_processed.npy,hmi.m_45s.2024.09.08_00_01_30_TAI.magnetogram_processed.npy,2b6efb2c311e91b5d72ba0c789f387b1db5812a9d10ccac23e66659d696cf49a,2024-09-08T00:01:30,2024-09-08T00:00:53.000Z,2024-09-08,2024-09-08 00:00:34.200,2.4427950382232666,stored_original_4096x4096_pixel_percentage_not_recomputed_from_npy,train,"(512, 512)",float32
1335,1335;1336,data/processed/hmi.m_45s.2024.09.11_00_01_30_TAI.magnetogram_processed.npy,hmi.m_45s.2024.09.11_00_01_30_TAI.magnetogram_processed.npy,3410ef2831ecbf69d453bed5d63e6ca06d1501196d2e08d7cbc1cda8e52db1db,2024-09-11T00:01:30,2024-09-11T00:00:53.000Z,2024-09-11,2024-09-11 00:00:33.800,2.226114273071289,stored_original_4096x4096_pixel_percentage_not_recomputed_from_npy,train,"(512, 512)",float32
1337,1337,data/processed/hmi.m_45s.2024.09.12_00_01_30_TAI.magnetogram_processed.npy,hmi.m_45s.2024.09.12_00_01_30_TAI.magnetogram_processed.npy,1b1ae254a18ea2aea14bba00f5ae10b39cc1236f5385dc44ed01447d298ff8f5,2024-09-12T00:01:30,2024-09-12T00:00:53.000Z,2024-09-12,2024-09-12 00:00:33.700,2.132248878479004,stored_original_4096x4096_pixel_percentage_not_recomputed_from_npy,train,"(512, 512)",float32
1338,1338,data/processed/hmi.m_45s.2024.09.16_00_01_30_TAI.magnetogram_processed.npy,hmi.m_45s.2024.09.16_00_01_30_TAI.magnetogram_processed.npy,f08765b626b0bf9e3d771024e6cf2b5f4108b0a0f1bb9d9cae3c2881459c1673,2024-09-16T00:01:30,2024-09-16T00:00:53.000Z,2024-09-16,2024-09-16 00:00:33.200,1.9334256649017336,stored_original_4096x4096_pixel_percentage_not_recomputed_from_npy,train,"(512, 512)",float32
1339,1339,data/processed/hmi.m_45s.2024.09.17_00_01_30_TAI.magnetogram_processed.npy,hmi.m_45s.2024.09.17_00_01_30_TAI.magnetogram_processed.npy,1ab51a5fc18a2ee051985f62a9b938559e33dbec17e71e323cea6c02039f67c5,2024-09-17T00:01:30,2024-09-17T00:00:53.000Z,2024-09-17,2024-09-17 00:00:33.000,1.9542336463928225,stored_original_4096x4096_pixel_percentage_not_recomputed_from_npy,train,"(512, 512)",float32
1340,1340,data/processed/hmi.m_45s.2024.09.19_00_01_30_TAI.magnetogram_processed.npy,hmi.m_45s.2024.09.19_00_01_30_TAI.magnetogram_processed.npy,871a15d90fa59c75b0def2229d09492721d0922f0e21f39982d9c57ce29ceb91,2024-09-19T00:01:30,2024-09-19T00:00:53.000Z,2024-09-19,2024-09-19 00:00:32.800,1.9552052021026611,stored_original_4096x4096_pixel_percentage_not_recomputed_from_npy,train,"(512, 512)",float32
1341,1341;1342,data/processed/hmi.m_45s.2024.09.20_00_01_30_TAI.magnetogram_processed.npy,hmi.m_45s.2024.09.20_00_01_30_TAI.magnetogram_processed.npy,ff7a307d6199c6f620fef720ef87de81812c8813d7850dff203a1c5660103c30,2024-09-20T00:01:30,2024-09-20T00:00:53.000Z,2024-09-20,2024-09-20 00:00:32.600,1.9992470741271973,stored_original_4096x4096_pixel_percentage_not_recomputed_from_npy,train,"(512, 512)",float32
1343,1343,data/processed/hmi.m_45s.2024.09.25_00_01_30_TAI.magnetogram_processed.npy,hmi.m_45s.2024.09.25_00_01_30_TAI.magnetogram_processed.npy,55fedade660de7945a13b35da6c89f6898d6fbb83e936863c23764dfc68f9a1c,2024-09-25T00:01:30,2024-09-25T00:00:53.000Z,2024-09-25,2024-09-25 00:00:31.900,1.9404411315917969,stored_original_4096x4096_pixel_percentage_not_recomputed_from_npy,train,"(512, 512)",float32
1344,1344,data/processed/hmi.m_45s.2024.09.26_00_01_30_TAI.magnetogram_processed.npy,hmi.m_45s.2024.09.26_00_01_30_TAI.magnetogram_processed.npy,e438ba417389b6d8de5efc1835860a1660b2c2c5a0b03d67e38fde22b7ce5b09,2024-09-26T00:01:30,2024-09-26T00:00:53.000Z,2024-09-26,2024-09-26 00:00:31.800,1.9665002822875977,stored_original_4096x4096_pixel_percentage_not_recomputed_from_npy,train,"(512, 512)",float32
1345,1345;1346,data/processed/hmi.m_45s.2024.09.29_00_01_30_TAI.magnetogram_processed.npy,hmi.m_45s.2024.09.29_00_01_30_TAI.magnetogram_processed.npy,5de2af6766b48a0a6beb6500d9682416cfa05da1aa504b3d1c8021557d7bc69c,2024-09-29T00:01:30,2024-09-29T00:00:53.000Z,2024-09-29,2024-09-29 00:00:31.400,2.193981409072876,stored_original_4096x4096_pixel_percentage_not_recomputed_from_npy,train,"(512, 512)",float32
1347,1347;1348;1349;1350,data/processed/hmi.m_45s.2024.10.03_00_01_30_TAI.magnetogram_processed.npy,hmi.m_45s.2024.10.03_00_01_30_TAI.magnetogram_processed.npy,b89edd4658b54f29979c93b4f4b8b5103eaf209596fe329c42bdd84676fcc8f6,2024-10-03T00:01:30,2024-10-03T00:00:53.000Z,2024-10-03,2024-10-03 00:00:30.800,2.502763271331787,stored_original_4096x4096_pixel_percentage_not_recomputed_from_npy,selection_validation,"(512, 512)",float32
1351,1351,data/processed/hmi.m_45s.2024.10.06_00_01_30_TAI.magnetogram_processed.npy,hmi.m_45s.2024.10.06_00_01_30_TAI.magnetogram_processed.npy,5e30f3b8b21ad44ebf045518c9cdf870fe75f41fd1d9bc1c080819d2bfcb6047,2024-10-06T00:01:30,2024-10-06T00:00:53.000Z,2024-10-06,2024-10-06 00:00:30.400,2.4376094341278076,stored_original_4096x4096_pixel_percentage_not_recomputed_from_npy,train,"(512, 512)",float32
1352,1352,data/processed/hmi.m_45s.2024.10.07_00_01_30_TAI.magnetogram_processed.npy,hmi.m_45s.2024.10.07_00_01_30_TAI.magnetogram_processed.npy,20ee1c98cedd3eafe5d631f6aa7d91e5ac3f9c5ce9db579009803eb7b57afa78,2024-10-07T00:01:30,2024-10-07T00:00:53.000Z,2024-10-07,2024-10-07 00:00:30.200,2.3447811603546143,stored_original_4096x4096_pixel_percentage_not_recomputed_from_npy,selection_validation,"(512, 512)",float32
1353,1353,data/processed/hmi.m_45s.2024.10.09_00_01_30_TAI.magnetogram_processed.npy,hmi.m_45s.2024.10.09_00_01_30_TAI.magnetogram_processed.npy,ddb7e9b024555af11e8d069326394ff6a56d8213f8a7f7e7270e5c9c9dd73321,2024-10-09T00:01:30,2024-10-09T00:00:53.000Z,2024-10-09,2024-10-09 00:00:29.900,2.2561252117156982,stored_original_4096x4096_pixel_percentage_not_recomputed_from_npy,train,"(512, 512)",float32
1354,1354,data/processed/hmi.m_45s.2024.10.10_00_01_30_TAI.magnetogram_processed.npy,hmi.m_45s.2024.10.10_00_01_30_TAI.magnetogram_processed.npy,e4588c2a9e0cc58ced7e051dbbd9abc789185f878192f256e70bf7696af06b61,2024-10-10T00:01:30,2024-10-10T00:00:53.000Z,2024-10-10,2024-10-10 00:00:29.800,2.295726537704468,stored_original_4096x4096_pixel_percentage_not_recomputed_from_npy,train,"(512, 512)",float32
1355,1355,data/processed/hmi.m_45s.2024.10.13_00_01_30_TAI.magnetogram_processed.npy,hmi.m_45s.2024.10.13_00_01_30_TAI.magnetogram_processed.npy,a2d14e29e1b0002658334cdb7007b664b534fd5453494bbacaf340e28149edfa,2024-10-13T00:01:30,2024-10-13T00:00:53.000Z,2024-10-13,2024-10-13 00:00:29.400,2.1861672401428223,stored_original_4096x4096_pixel_percentage_not_recomputed_from_npy,train,"(512, 512)",float32
1356,1356,data/processed/hmi.m_45s.2024.10.14_00_01_30_TAI.magnetogram_processed.npy,hmi.m_45s.2024.10.14_00_01_30_TAI.magnetogram_processed.npy,b65eb054dc0b299c2d07b9413ba7318d4d1531a4e845a815ce52112baed777c6,2024-10-14T00:01:30,2024-10-14T00:00:53.000Z,2024-10-14,2024-10-14 00:00:29.200,2.091151475906372,stored_original_4096x4096_pixel_percentage_not_recomputed_from_npy,train,"(512, 512)",float32
1357,1357;1358,data/processed/hmi.m_45s.2024.10.17_00_01_30_TAI.magnetogram_processed.npy,hmi.m_45s.2024.10.17_00_01_30_TAI.magnetogram_processed.npy,1233353662f381114ddd0eb6e5a30215b9f7e7a6b7ee37291a9a93c015a9e9f3,2024-10-17T00:01:30,2024-10-17T00:00:53.000Z,2024-10-17,2024-10-17 00:00:28.800,1.9507527351379397,stored_original_4096x4096_pixel_percentage_not_recomputed_from_npy,train,"(512, 512)",float32
1359,1359,data/processed/hmi.m_45s.2024.10.19_00_01_30_TAI.magnetogram_processed.npy,hmi.m_45s.2024.10.19_00_01_30_TAI.magnetogram_processed.npy,3e725258da11193b363be8e2064ad1711d1d5b77a46c3a2037504ae35b82673b,2024-10-19T00:01:30,2024-10-19T00:00:53.000Z,2024-10-19,2024-10-19 00:00:28.500,1.850372552871704,stored_original_4096x4096_pixel_percentage_not_recomputed_from_npy,train,"(512, 512)",float32
1360,1360,data/processed/hmi.m_45s.2024.10.21_00_01_30_TAI.magnetogram_processed.npy,hmi.m_45s.2024.10.21_00_01_30_TAI.magnetogram_processed.npy,f40aeb4fb1c632ef85f0ada5ad2a9f60851c598ce4122200ad1ea7c56503ebc0,2024-10-21T00:01:30,2024-10-21T00:00:53.000Z,2024-10-21,2024-10-21 00:00:28.200,1.8177390098571775,stored_original_4096x4096_pixel_percentage_not_recomputed_from_npy,train,"(512, 512)",float32
1361,1361,data/processed/hmi.m_45s.2024.10.22_00_01_30_TAI.magnetogram_processed.npy,hmi.m_45s.2024.10.22_00_01_30_TAI.magnetogram_processed.npy,714f51c16d99e7c3dbc7a847f0c75529c4c77cd8553de4654114106af783c461,2024-10-22T00:01:30,2024-10-22T00:00:53.000Z,2024-10-22,2024-10-22 00:00:28.100,1.829308271408081,stored_original_4096x4096_pixel_percentage_not_recomputed_from_npy,selection_validation,"(512, 512)",float32
1362,1362,data/processed/hmi.m_45s.2024.10.23_00_01_30_TAI.magnetogram_processed.npy,hmi.m_45s.2024.10.23_00_01_30_TAI.magnetogram_processed.npy,387d04c55c15260066a8cea6dfa0c81526c3e7c2872057207fd1c1df1d187ecc,2024-10-23T00:01:30,2024-10-23T00:00:53.000Z,2024-10-23,2024-10-23 00:00:27.900,1.873779296875,stored_original_4096x4096_pixel_percentage_not_recomputed_from_npy,selection_validation,"(512, 512)",float32
1363,1363;1364,data/processed/hmi.m_45s.2024.10.24_00_01_30_TAI.magnetogram_processed.npy,hmi.m_45s.2024.10.24_00_01_30_TAI.magnetogram_processed.npy,84a6b92b028f511842e6b5ef64fa8b1b33d335e6738278cce019b6028cce5355,2024-10-24T00:01:30,2024-10-24T00:00:53.000Z,2024-10-24,2024-10-24 00:00:27.800,1.9693613052368164,stored_original_4096x4096_pixel_percentage_not_recomputed_from_npy,train,"(512, 512)",float32
1365,1365,data/processed/hmi.m_45s.2024.10.25_00_01_30_TAI.magnetogram_processed.npy,hmi.m_45s.2024.10.25_00_01_30_TAI.magnetogram_processed.npy,6743d6a4a9749c62b8e8439ece576c7d8efc64ed1d0662778ad6ebc2bcb9f75f,2024-10-25T00:01:30,2024-10-25T00:00:53.000Z,2024-10-25,2024-10-25 00:00:27.700,2.089601755142212,stored_original_4096x4096_pixel_percentage_not_recomputed_from_npy,train,"(512, 512)",float32
1366,1366,data/processed/hmi.m_45s.2024.10.26_00_01_30_TAI.magnetogram_processed.npy,hmi.m_45s.2024.10.26_00_01_30_TAI.magnetogram_processed.npy,6e1adf2bb3375b5c9a05b3d258426a2b66499fcd24ec0fdccec322123e98ab95,2024-10-26T00:01:30,2024-10-26T00:00:53.000Z,2024-10-26,2024-10-26 00:00:27.500,2.2643208503723145,stored_original_4096x4096_pixel_percentage_not_recomputed_from_npy,train,"(512, 512)",float32
1367,1367,data/processed/hmi.m_45s.2024.10.30_00_01_30_TAI.magnetogram_processed.npy,hmi.m_45s.2024.10.30_00_01_30_TAI.magnetogram_processed.npy,c0868e63a4adfda71283063f27ae02fbe410c2c452983e632136e66b63065af2,2024-10-30T00:01:30,2024-10-30T00:00:53.000Z,2024-10-30,2024-10-30 00:00:27.000,2.5921761989593506,stored_original_4096x4096_pixel_percentage_not_recomputed_from_npy,train,"(512, 512)",float32
1368,1368,data/processed/hmi.m_45s.2024.10.31_00_01_30_TAI.magnetogram_processed.npy,hmi.m_45s.2024.10.31_00_01_30_TAI.magnetogram_processed.npy,ab7820897da9056d901c6f34fdac8125621d1896cbb9f66c6cc639e7442dc62c,2024-10-31T00:01:30,2024-10-31T00:00:53.000Z,2024-10-31,2024-10-31 00:00:26.900,2.5746941566467285,stored_original_4096x4096_pixel_percentage_not_recomputed_from_npy,train,"(512, 512)",float32
1369,1369,data/processed/hmi.m_45s.2024.11.01_00_01_30_TAI.magnetogram_processed.npy,hmi.m_45s.2024.11.01_00_01_30_TAI.magnetogram_processed.npy,0226e059411e41954a2a9fee1f5a6ce99a2ee686ded5148c93ba8c132e522eb3,2024-11-01T00:01:30,2024-11-01T00:00:53.000Z,2024-11-01,2024-11-01 00:00:26.800,2.49064564704895,stored_original_4096x4096_pixel_percentage_not_recomputed_from_npy,train,"(512, 512)",float32
1370,1370,data/processed/hmi.m_45s.2024.11.06_00_01_30_TAI.magnetogram_processed.npy,hmi.m_45s.2024.11.06_00_01_30_TAI.magnetogram_processed.npy,7f1d4f37218b6897a9fc696b2492630d0971509bf36a9b11843f39862f158848,2024-11-06T00:01:30,2024-11-06T00:00:53.000Z,2024-11-06,2024-11-06 00:00:26.100,2.3370087146759033,stored_original_4096x4096_pixel_percentage_not_recomputed_from_npy,selection_validation,"(512, 512)",float32
1371,1371;1372,data/processed/hmi.m_45s.2024.11.08_00_01_30_TAI.magnetogram_processed.npy,hmi.m_45s.2024.11.08_00_01_30_TAI.magnetogram_processed.npy,0385bfda680e7bf01591f7df30570c95788388903ab62b8490b163d5cfa5e34e,2024-11-08T00:01:30,2024-11-08T00:00:53.000Z,2024-11-08,2024-11-08 00:00:25.900,2.346181869506836,stored_original_4096x4096_pixel_percentage_not_recomputed_from_npy,train,"(512, 512)",float32
1373,1373;1374;1375,data/processed/hmi.m_45s.2024.11.10_00_01_30_TAI.magnetogram_processed.npy,hmi.m_45s.2024.11.10_00_01_30_TAI.magnetogram_processed.npy,deaf396fd02a7d9822bd5b71afd449c5d4303e11b724c0e08a27674978c92e0d,2024-11-10T00:01:30,2024-11-10T00:00:53.000Z,2024-11-10,2024-11-10 00:00:25.600,2.268451452255249,stored_original_4096x4096_pixel_percentage_not_recomputed_from_npy,train,"(512, 512)",float32
1376,1376,data/processed/hmi.m_45s.2024.11.11_00_01_30_TAI.magnetogram_processed.npy,hmi.m_45s.2024.11.11_00_01_30_TAI.magnetogram_processed.npy,fe743d244adf50bcbc60c6d916b2ba35ea748bab767d18c4240520898b8cb129,2024-11-11T00:01:30,2024-11-11T00:00:53.000Z,2024-11-11,2024-11-11 00:00:25.500,2.206796407699585,stored_original_4096x4096_pixel_percentage_not_recomputed_from_npy,selection_validation,"(512, 512)",float32
1377,1377;1378;1379,data/processed/hmi.m_45s.2024.11.19_00_01_30_TAI.magnetogram_processed.npy,hmi.m_45s.2024.11.19_00_01_30_TAI.magnetogram_processed.npy,b2892e75144c204ec18624535f98b648e7e039f403a892e0b42809cb3434576c,2024-11-19T00:01:30,2024-11-19T00:00:53.000Z,2024-11-19,2024-11-19 00:00:24.600,1.714479923248291,stored_original_4096x4096_pixel_percentage_not_recomputed_from_npy,train,"(512, 512)",float32
1380,1380,data/processed/hmi.m_45s.2024.11.20_00_01_30_TAI.magnetogram_processed.npy,hmi.m_45s.2024.11.20_00_01_30_TAI.magnetogram_processed.npy,847b295f4b6ff0c8485754dcd3fede469077d2bf30f5a13077458b4920b65b86,2024-11-20T00:01:30,2024-11-20T00:00:53.000Z,2024-11-20,2024-11-20 00:00:24.500,1.7926037311553955,stored_original_4096x4096_pixel_percentage_not_recomputed_from_npy,train,"(512, 512)",float32
1381,1381;1382,data/processed/hmi.m_45s.2024.11.22_00_01_30_TAI.magnetogram_processed.npy,hmi.m_45s.2024.11.22_00_01_30_TAI.magnetogram_processed.npy,400e158fb13de34b4cd54b8372149ab4e7165378711ec0406bf643b5738b2744,2024-11-22T00:01:30,2024-11-22T00:00:53.000Z,2024-11-22,2024-11-22 00:00:24.300,1.971501111984253,stored_original_4096x4096_pixel_percentage_not_recomputed_from_npy,selection_validation,"(512, 512)",float32
1383,1383;1384,data/processed/hmi.m_45s.2024.11.25_00_01_30_TAI.magnetogram_processed.npy,hmi.m_45s.2024.11.25_00_01_30_TAI.magnetogram_processed.npy,5343e819f9e6b381409486b4d32d715333131dc27468b345393b9e51389c02b6,2024-11-25T00:01:30,2024-11-25T00:00:53.000Z,2024-11-25,2024-11-25 00:00:24.000,2.2053539752960205,stored_original_4096x4096_pixel_percentage_not_recomputed_from_npy,selection_validation,"(512, 512)",float32
1385,1385;1386,data/processed/hmi.m_45s.2024.11.26_00_01_30_TAI.magnetogram_processed.npy,hmi.m_45s.2024.11.26_00_01_30_TAI.magnetogram_processed.npy,03d51d3c807f1477ad0aa80875998bce313ddaa0a50ed638d450a3f7105fbc52,2024-11-26T00:01:30,2024-11-26T00:00:53.000Z,2024-11-26,2024-11-26 00:00:23.900,2.23846435546875,stored_original_4096x4096_pixel_percentage_not_recomputed_from_npy,selection_validation,"(512, 512)",float32
1387,1387,data/processed/hmi.m_45s.2024.11.28_00_01_30_TAI.magnetogram_processed.npy,hmi.m_45s.2024.11.28_00_01_30_TAI.magnetogram_processed.npy,ed7bcf7b710ce4cd8c09ee53773e8ea1eed9c4236006812b20aa6bdbc57887e2,2024-11-28T00:01:30,2024-11-28T00:00:53.000Z,2024-11-28,2024-11-28 00:00:23.800,2.263462543487549,stored_original_4096x4096_pixel_percentage_not_recomputed_from_npy,train,"(512, 512)",float32
1388,1388,data/processed/hmi.m_45s.2024.11.29_00_01_30_TAI.magnetogram_processed.npy,hmi.m_45s.2024.11.29_00_01_30_TAI.magnetogram_processed.npy,705486faa7c2cc1686a8e0c3ba82f26fd97a6ff2760ab8132998419340197f16,2024-11-29T00:01:30,2024-11-29T00:00:53.000Z,2024-11-29,2024-11-29 00:00:23.700,2.262359857559204,stored_original_4096x4096_pixel_percentage_not_recomputed_from_npy,train,"(512, 512)",float32
1389,1389;1390,data/processed/hmi.m_45s.2024.11.30_00_01_30_TAI.magnetogram_processed.npy,hmi.m_45s.2024.11.30_00_01_30_TAI.magnetogram_processed.npy,063038d596f9e4e3940454750c84c1ab3b35b205d236c11a5d9d44ec2e65524b,2024-11-30T00:01:30,2024-11-30T00:00:53.000Z,2024-11-30,2024-11-30 00:00:23.600,2.238970994949341,stored_original_4096x4096_pixel_percentage_not_recomputed_from_npy,train,"(512, 512)",float32
1391,1391,data/processed/hmi.m_45s.2024.12.01_00_01_30_TAI.magnetogram_processed.npy,hmi.m_45s.2024.12.01_00_01_30_TAI.magnetogram_processed.npy,ce89482ad8cbffa12deecde5f9161d451599cd117ca6fa76676c23537bfa8346,2024-12-01T00:01:30,2024-12-01T00:00:53.000Z,2024-12-01,2024-12-01 00:00:23.500,2.2022485733032227,stored_original_4096x4096_pixel_percentage_not_recomputed_from_npy,train,"(512, 512)",float32
1392,1392,data/processed/hmi.m_45s.2024.12.02_00_01_30_TAI.magnetogram_processed.npy,hmi.m_45s.2024.12.02_00_01_30_TAI.magnetogram_processed.npy,30e58708a05937f2af8ee24b6c3d48f82ce2976f64b13c9e96de1425e5cb48fc,2024-12-02T00:01:30,2024-12-02T00:00:53.000Z,2024-12-02,2024-12-02 00:00:23.400,2.152174711227417,stored_original_4096x4096_pixel_percentage_not_recomputed_from_npy,train,"(512, 512)",float32
1393,1393,data/processed/hmi.m_45s.2024.12.03_00_01_30_TAI.magnetogram_processed.npy,hmi.m_45s.2024.12.03_00_01_30_TAI.magnetogram_processed.npy,2654cccd177b6d5ba818ff4d47f3c25feebc33d32c85c5579ca9adf04fd40faf,2024-12-03T00:01:30,2024-12-03T00:00:53.000Z,2024-12-03,2024-12-03 00:00:23.400,2.100616693496704,stored_original_4096x4096_pixel_percentage_not_recomputed_from_npy,train,"(512, 512)",float32
1394,1394;1395,data/processed/hmi.m_45s.2024.12.04_00_01_30_TAI.magnetogram_processed.npy,hmi.m_45s.2024.12.04_00_01_30_TAI.magnetogram_processed.npy,849949c965f3ef1eb1f3c7af2c4ba459017a4e999cac1230ebf259292d679d3f,2024-12-04T00:01:30,2024-12-04T00:00:53.000Z,2024-12-04,2024-12-04 00:00:23.300,2.058035135269165,stored_original_4096x4096_pixel_percentage_not_recomputed_from_npy,selection_validation,"(512, 512)",float32
1396,1396,data/processed/hmi.m_45s.2024.12.05_00_01_30_TAI.magnetogram_processed.npy,hmi.m_45s.2024.12.05_00_01_30_TAI.magnetogram_processed.npy,b5bf03b07ddeffcdc8213ac5dcef532d4412ac8e4b64207163a53a9d4f83be11,2024-12-05T00:01:30,2024-12-05T00:00:53.000Z,2024-12-05,2024-12-05 00:00:23.200,2.0374178886413574,stored_original_4096x4096_pixel_percentage_not_recomputed_from_npy,train,"(512, 512)",float32
1397,1397;1398,data/processed/hmi.m_45s.2024.12.06_00_01_30_TAI.magnetogram_processed.npy,hmi.m_45s.2024.12.06_00_01_30_TAI.magnetogram_processed.npy,307b4036a14447f751a78620c28fa8036da1d6722fe57e54f7db1fda44dbb07a,2024-12-06T00:01:30,2024-12-06T00:00:53.000Z,2024-12-06,2024-12-06 00:00:23.100,2.0283281803131104,stored_original_4096x4096_pixel_percentage_not_recomputed_from_npy,train,"(512, 512)",float32
1399,1399,data/processed/hmi.m_45s.2024.12.08_00_01_30_TAI.magnetogram_processed.npy,hmi.m_45s.2024.12.08_00_01_30_TAI.magnetogram_processed.npy,4d36e3b39f040bead073c2ae5c7265ac84ef775beb22a6d6e17c32d2af0af2fe,2024-12-08T00:01:30,2024-12-08T00:00:53.000Z,2024-12-08,2024-12-08 00:00:23.000,2.114224433898926,stored_original_4096x4096_pixel_percentage_not_recomputed_from_npy,train,"(512, 512)",float32
1400,1400;1401;1402,data/processed/hmi.m_45s.2024.12.12_00_01_30_TAI.magnetogram_processed.npy,hmi.m_45s.2024.12.12_00_01_30_TAI.magnetogram_processed.npy,85d8154a299695d611fdf34772632b16be17388e840393e14c195f5162c47dd7,2024-12-12T00:01:30,2024-12-12T00:00:53.000Z,2024-12-12,2024-12-12 00:00:22.700,2.072572708129883,stored_original_4096x4096_pixel_percentage_not_recomputed_from_npy,selection_validation,"(512, 512)",float32
1403,1403;1404,data/processed/hmi.m_45s.2024.12.14_00_01_30_TAI.magnetogram_processed.npy,hmi.m_45s.2024.12.14_00_01_30_TAI.magnetogram_processed.npy,c4a2dbe2cbb6509428e283f75dbeb90ab6a218d97c8dd6811ed827ea5ef407a4,2024-12-14T00:01:30,2024-12-14T00:00:53.000Z,2024-12-14,2024-12-14 00:00:22.600,2.029299736022949,stored_original_4096x4096_pixel_percentage_not_recomputed_from_npy,train,"(512, 512)",float32
1405,1405,data/processed/hmi.m_45s.2024.12.16_00_01_30_TAI.magnetogram_processed.npy,hmi.m_45s.2024.12.16_00_01_30_TAI.magnetogram_processed.npy,dd6a703ad4f8e46523f2cb4446e8bbe979dc8749498d4043fc4c194932c57dad,2024-12-16T00:01:30,2024-12-16T00:00:53.000Z,2024-12-16,2024-12-16 00:00:22.500,2.007085084915161,stored_original_4096x4096_pixel_percentage_not_recomputed_from_npy,train,"(512, 512)",float32
1406,1406,data/processed/hmi.m_45s.2024.12.17_00_01_30_TAI.magnetogram_processed.npy,hmi.m_45s.2024.12.17_00_01_30_TAI.magnetogram_processed.npy,c9fef366cc0d492b16bf225d9996bb22adf4c2001b378121361b5fcd21aac00c,2024-12-17T00:01:30,2024-12-17T00:00:53.000Z,2024-12-17,2024-12-17 00:00:22.500,2.0035266876220703,stored_original_4096x4096_pixel_percentage_not_recomputed_from_npy,train,"(512, 512)",float32
1407,1407,data/processed/hmi.m_45s.2024.12.18_00_01_30_TAI.magnetogram_processed.npy,hmi.m_45s.2024.12.18_00_01_30_TAI.magnetogram_processed.npy,a3b6258b1da180300cc93268cbfaf2c7624866f20273a84d5ae36944beefcad0,2024-12-18T00:01:30,2024-12-18T00:00:53.000Z,2024-12-18,2024-12-18 00:00:22.400,2.0063817501068115,stored_original_4096x4096_pixel_percentage_not_recomputed_from_npy,train,"(512, 512)",float32
1408,1408,data/processed/hmi.m_45s.2024.12.19_00_01_30_TAI.magnetogram_processed.npy,hmi.m_45s.2024.12.19_00_01_30_TAI.magnetogram_processed.npy,d2f6894f4a2852c6200a0ab5d4e65298251cafedc0b658b1f2733cd5778530e0,2024-12-19T00:01:30,2024-12-19T00:00:53.000Z,2024-12-19,2024-12-19 00:00:22.400,1.9967138767242432,stored_original_4096x4096_pixel_percentage_not_recomputed_from_npy,train,"(512, 512)",float32
1409,1409,data/processed/hmi.m_45s.2024.12.22_00_01_30_TAI.magnetogram_processed.npy,hmi.m_45s.2024.12.22_00_01_30_TAI.magnetogram_processed.npy,90258b3c1d616b361c1beb2486c96238963d7fca87d17e8124b11e4d316f9e5f,2024-12-22T00:01:30,2024-12-22T00:00:53.000Z,2024-12-22,2024-12-22 00:00:22.300,2.2361695766448975,stored_original_4096x4096_pixel_percentage_not_recomputed_from_npy,selection_validation,"(512, 512)",float32
1410,1410,data/processed/hmi.m_45s.2024.12.24_00_01_30_TAI.magnetogram_processed.npy,hmi.m_45s.2024.12.24_00_01_30_TAI.magnetogram_processed.npy,24c94a73b8c894622522e35f43a6225785fa7a59464603c818557e129c3f5d51,2024-12-24T00:01:30,2024-12-24T00:00:53.000Z,2024-12-24,2024-12-24 00:00:22.300,2.5049924850463867,stored_original_4096x4096_pixel_percentage_not_recomputed_from_npy,selection_validation,"(512, 512)",float32
1411,1411,data/processed/hmi.m_45s.2024.12.25_00_01_30_TAI.magnetogram_processed.npy,hmi.m_45s.2024.12.25_00_01_30_TAI.magnetogram_processed.npy,cc9fcf6fba03a49b2c1f211c58f2c2daa3a8e59067d5c3844ca479dec3a5f17e,2024-12-25T00:01:30,2024-12-25T00:00:53.000Z,2024-12-25,2024-12-25 00:00:22.200,2.6485443115234375,stored_original_4096x4096_pixel_percentage_not_recomputed_from_npy,train,"(512, 512)",float32
1412,1412,data/processed/hmi.m_45s.2024.12.26_00_01_30_TAI.magnetogram_processed.npy,hmi.m_45s.2024.12.26_00_01_30_TAI.magnetogram_processed.npy,22a67d7d82463eebf4e3b38f7d5408ea49840f79d79ff5b97161c8fe5385d252,2024-12-26T00:01:30,2024-12-26T00:00:53.000Z,2024-12-26,2024-12-26 00:00:22.200,2.662372589111328,stored_original_4096x4096_pixel_percentage_not_recomputed_from_npy,train,"(512, 512)",float32
1413,1413;1414,data/processed/hmi.m_45s.2024.12.27_00_01_30_TAI.magnetogram_processed.npy,hmi.m_45s.2024.12.27_00_01_30_TAI.magnetogram_processed.npy,30792defeb5413f5c8939c027aa6f937239ba630e348529d6a69fec72a419308,2024-12-27T00:01:30,2024-12-27T00:00:53.000Z,2024-12-27,2024-12-27 00:00:22.200,2.679353952407837,stored_original_4096x4096_pixel_percentage_not_recomputed_from_npy,train,"(512, 512)",float32
1415,1415,data/processed/hmi.m_45s.2025.01.01_00_01_30_TAI.magnetogram_processed.npy,hmi.m_45s.2025.01.01_00_01_30_TAI.magnetogram_processed.npy,53ddd42b634a1d9ab589763ac4e7e21a3e4d6cbd60989c42944e4f1d43e0e2e9,2025-01-01T00:01:30,2025-01-01T00:00:53.000Z,2025-01-01,2025-01-01 00:00:22.100,2.2636592388153076,stored_original_4096x4096_pixel_percentage_not_recomputed_from_npy,train,"(512, 512)",float32
1416,1416;1417,data/processed/hmi.m_45s.2025.01.02_00_01_30_TAI.magnetogram_processed.npy,hmi.m_45s.2025.01.02_00_01_30_TAI.magnetogram_processed.npy,79df492880733b9ac5343742e69eae947923a6345795a6ca6da7da91ef99e5cf,2025-01-02T00:01:30,2025-01-02T00:00:53.000Z,2025-01-02,2025-01-02 00:00:22.100,2.2885918617248535,stored_original_4096x4096_pixel_percentage_not_recomputed_from_npy,selection_validation,"(512, 512)",float32
1418,1418,data/processed/hmi.m_45s.2025.01.04_00_01_30_TAI.magnetogram_processed.npy,hmi.m_45s.2025.01.04_00_01_30_TAI.magnetogram_processed.npy,b0a46cd705a264d88c55667e50b0e3fd28038f74c704e0e0a7f57110da551110,2025-01-04T00:01:30,2025-01-04T00:00:53.000Z,2025-01-04,2025-01-04 00:00:22.100,2.3087263107299805,stored_original_4096x4096_pixel_percentage_not_recomputed_from_npy,train,"(512, 512)",float32
1419,1419,data/processed/hmi.m_45s.2025.01.05_00_01_30_TAI.magnetogram_processed.npy,hmi.m_45s.2025.01.05_00_01_30_TAI.magnetogram_processed.npy,1bec5c5096057a50c49d7d66e1f89a57f4a1e55e98e2c299f1a3aceb4e57e31b,2025-01-05T00:01:30,2025-01-05T00:00:53.000Z,2025-01-05,2025-01-05 00:00:22.100,2.3257791996002197,stored_original_4096x4096_pixel_percentage_not_recomputed_from_npy,train,"(512, 512)",float32
1420,1420;1421,data/processed/hmi.m_45s.2025.01.06_00_01_30_TAI.magnetogram_processed.npy,hmi.m_45s.2025.01.06_00_01_30_TAI.magnetogram_processed.npy,8cf8ba17b8eb3f48a8cd38c2ce2e56d1160761b7867a661d43e7e43ee2f37abe,2025-01-06T00:01:30,2025-01-06T00:00:53.000Z,2025-01-06,2025-01-06 00:00:22.100,2.3192942142486572,stored_original_4096x4096_pixel_percentage_not_recomputed_from_npy,train,"(512, 512)",float32
1422,1422;1423,data/processed/hmi.m_45s.2025.01.07_00_01_30_TAI.magnetogram_processed.npy,hmi.m_45s.2025.01.07_00_01_30_TAI.magnetogram_processed.npy,a8e8bf96128750e6b4dba64c581c95261718bc79199c49cfdef01a70fb77b497,2025-01-07T00:01:30,2025-01-07T00:00:53.000Z,2025-01-07,2025-01-07 00:00:22.100,2.2900283336639404,stored_original_4096x4096_pixel_percentage_not_recomputed_from_npy,train,"(512, 512)",float32
1424,1424,data/processed/hmi.m_45s.2025.01.11_00_01_30_TAI.magnetogram_processed.npy,hmi.m_45s.2025.01.11_00_01_30_TAI.magnetogram_processed.npy,566a377f59842cae7270f8ece24e95f8cdd6a1e822b0bc765b889ded189c5c28,2025-01-11T00:01:30,2025-01-11T00:00:53.000Z,2025-01-11,2025-01-11 00:00:22.200,2.0885467529296875,stored_original_4096x4096_pixel_percentage_not_recomputed_from_npy,train,"(512, 512)",float32
1425,1425;1426;1427;1428,data/processed/hmi.m_45s.2025.01.13_00_01_30_TAI.magnetogram_processed.npy,hmi.m_45s.2025.01.13_00_01_30_TAI.magnetogram_processed.npy,15c7a67f6c25462a1cbda3bceb93992e6e2b43a068edd136b41b378629c9cd2a,2025-01-13T00:01:30,2025-01-13T00:00:53.000Z,2025-01-13,2025-01-13 00:00:22.200,1.987212896347046,stored_original_4096x4096_pixel_percentage_not_recomputed_from_npy,selection_validation,"(512, 512)",float32
1429,1429,data/processed/hmi.m_45s.2025.01.16_00_01_30_TAI.magnetogram_processed.npy,hmi.m_45s.2025.01.16_00_01_30_TAI.magnetogram_processed.npy,697014d4fc44c8081d4cbc67cad625a2532c9b4e64853386bc3af98195facec5,2025-01-16T00:01:30,2025-01-16T00:00:53.000Z,2025-01-16,2025-01-16 00:00:22.300,2.128833532333374,stored_original_4096x4096_pixel_percentage_not_recomputed_from_npy,train,"(512, 512)",float32
1430,1430,data/processed/hmi.m_45s.2025.01.18_00_01_30_TAI.magnetogram_processed.npy,hmi.m_45s.2025.01.18_00_01_30_TAI.magnetogram_processed.npy,bbdc895ea448e6dc1bf400261c8db1a2a8a0d54283afeacec64aedec712e559f,2025-01-18T00:01:30,2025-01-18T00:00:53.000Z,2025-01-18,2025-01-18 00:00:22.400,2.5081992149353027,stored_original_4096x4096_pixel_percentage_not_recomputed_from_npy,train,"(512, 512)",float32
1431,1431;1432,data/processed/hmi.m_45s.2025.01.20_00_01_30_TAI.magnetogram_processed.npy,hmi.m_45s.2025.01.20_00_01_30_TAI.magnetogram_processed.npy,792ca2a37aa0b076968680c3a5ce34b511edba3d996c0b26d78118cc840571d1,2025-01-20T00:01:30,2025-01-20T00:00:53.000Z,2025-01-20,2025-01-20 00:00:22.500,2.7641236782073975,stored_original_4096x4096_pixel_percentage_not_recomputed_from_npy,train,"(512, 512)",float32
1433,1433,data/processed/hmi.m_45s.2025.01.23_00_01_30_TAI.magnetogram_processed.npy,hmi.m_45s.2025.01.23_00_01_30_TAI.magnetogram_processed.npy,5c842a905e6f138b69546de158294adfc0e8eb91ce68344cfd983ad4bb0333c6,2025-01-23T00:01:30,2025-01-23T00:00:53.000Z,2025-01-23,2025-01-23 00:00:22.600,2.6916444301605225,stored_original_4096x4096_pixel_percentage_not_recomputed_from_npy,train,"(512, 512)",float32
1434,1434,data/processed/hmi.m_45s.2025.01.24_00_01_30_TAI.magnetogram_processed.npy,hmi.m_45s.2025.01.24_00_01_30_TAI.magnetogram_processed.npy,cb0e74ccef9be9e1a1b2ee85c4a1cc0647587f690101260a387442d2cba70f86,2025-01-24T00:01:30,2025-01-24T00:00:53.000Z,2025-01-24,2025-01-24 00:00:22.700,2.5988876819610596,stored_original_4096x4096_pixel_percentage_not_recomputed_from_npy,train,"(512, 512)",float32
1435,1435,data/processed/hmi.m_45s.2025.01.27_00_01_30_TAI.magnetogram_processed.npy,hmi.m_45s.2025.01.27_00_01_30_TAI.magnetogram_processed.npy,09e2254130cd31d4d20421c4beec45b32dea0eea6487fdbc525084a26d83d7ad,2025-01-27T00:01:30,2025-01-27T00:00:53.000Z,2025-01-27,2025-01-27 00:00:22.800,2.0805954933166504,stored_original_4096x4096_pixel_percentage_not_recomputed_from_npy,train,"(512, 512)",float32
1436,1436,data/processed/hmi.m_45s.2025.01.28_00_01_30_TAI.magnetogram_processed.npy,hmi.m_45s.2025.01.28_00_01_30_TAI.magnetogram_processed.npy,5d49d25ceb4129de7aa0fef803df491196cfbca02583d08f09a63743dec9379c,2025-01-28T00:01:30,2025-01-28T00:00:53.000Z,2025-01-28,2025-01-28 00:00:22.900,2.0091354846954346,stored_original_4096x4096_pixel_percentage_not_recomputed_from_npy,train,"(512, 512)",float32
1437,1437,data/processed/hmi.m_45s.2025.01.29_00_01_30_TAI.magnetogram_processed.npy,hmi.m_45s.2025.01.29_00_01_30_TAI.magnetogram_processed.npy,449eaa9ee00083bff78c0f05cbb977db967f9b452dfeb6f83d5a867ea810ff28,2025-01-29T00:01:30,2025-01-29T00:00:53.000Z,2025-01-29,2025-01-29 00:00:23.000,2.009671926498413,stored_original_4096x4096_pixel_percentage_not_recomputed_from_npy,train,"(512, 512)",float32
1438,1438,data/processed/hmi.m_45s.2025.01.30_00_01_30_TAI.magnetogram_processed.npy,hmi.m_45s.2025.01.30_00_01_30_TAI.magnetogram_processed.npy,737cbdac33d4619c87783823bb83be420fc754f3ce3443358f27a220fc3f42aa,2025-01-30T00:01:30,2025-01-30T00:00:53.000Z,2025-01-30,2025-01-30 00:00:23.000,2.099275588989258,stored_original_4096x4096_pixel_percentage_not_recomputed_from_npy,train,"(512, 512)",float32
1439,1439,data/processed/hmi.m_45s.2025.01.31_00_01_30_TAI.magnetogram_processed.npy,hmi.m_45s.2025.01.31_00_01_30_TAI.magnetogram_processed.npy,1c5513eaea043de4ab853571c1467dbadcf93fe7f9ccddab8becb98872d765e3,2025-01-31T00:01:30,2025-01-31T00:00:53.000Z,2025-01-31,2025-01-31 00:00:23.100,2.265143394470215,stored_original_4096x4096_pixel_percentage_not_recomputed_from_npy,train,"(512, 512)",float32
1440,1440,data/processed/hmi.m_45s.2025.02.01_00_01_30_TAI.magnetogram_processed.npy,hmi.m_45s.2025.02.01_00_01_30_TAI.magnetogram_processed.npy,06892207d49b68c9fd9602734965ef23068834af7e823c500d74a8303906b848,2025-02-01T00:01:30,2025-02-01T00:00:53.000Z,2025-02-01,2025-02-01 00:00:23.200,2.379542589187622,stored_original_4096x4096_pixel_percentage_not_recomputed_from_npy,train,"(512, 512)",float32
1441,1441;1442;1443;1444,data/processed/hmi.m_45s.2025.02.02_00_01_30_TAI.magnetogram_processed.npy,hmi.m_45s.2025.02.02_00_01_30_TAI.magnetogram_processed.npy,a425e098e7926a698b2b68aa7f2231212b4204dc18ac81a4fd13d54e86801296,2025-02-02T00:01:30,2025-02-02T00:00:53.000Z,2025-02-02,2025-02-02 00:00:23.200,2.5072991847991943,stored_original_4096x4096_pixel_percentage_not_recomputed_from_npy,train,"(512, 512)",float32
1445,1445;1446,data/processed/hmi.m_45s.2025.02.05_00_01_30_TAI.magnetogram_processed.npy,hmi.m_45s.2025.02.05_00_01_30_TAI.magnetogram_processed.npy,d6cc952c38381861236800aa8af4df2d6208a3c20cba50c4105918ea68862724,2025-02-05T00:01:30,2025-02-05T00:00:53.000Z,2025-02-05,2025-02-05 00:00:23.400,2.5848805904388428,stored_original_4096x4096_pixel_percentage_not_recomputed_from_npy,train,"(512, 512)",float32
1447,1447,data/processed/hmi.m_45s.2025.02.06_00_01_30_TAI.magnetogram_processed.npy,hmi.m_45s.2025.02.06_00_01_30_TAI.magnetogram_processed.npy,79490f64b89590dda6fe3e3d5e22d1384e8f76c93a6885acaa046d2b7b1ea36d,2025-02-06T00:01:30,2025-02-06T00:00:53.000Z,2025-02-06,2025-02-06 00:00:23.500,2.441352605819702,stored_original_4096x4096_pixel_percentage_not_recomputed_from_npy,selection_validation,"(512, 512)",float32
1448,1448,data/processed/hmi.m_45s.2025.02.07_00_01_30_TAI.magnetogram_processed.npy,hmi.m_45s.2025.02.07_00_01_30_TAI.magnetogram_processed.npy,2ba017ca0caab68799929a26a8a6bdff3067eee2dd0fd9a8004485d60e7a5cdb,2025-02-07T00:01:30,2025-02-07T00:00:53.000Z,2025-02-07,2025-02-07 00:00:23.600,2.2922098636627197,stored_original_4096x4096_pixel_percentage_not_recomputed_from_npy,selection_validation,"(512, 512)",float32
1449,1449;1450,data/processed/hmi.m_45s.2025.02.11_00_01_30_TAI.magnetogram_processed.npy,hmi.m_45s.2025.02.11_00_01_30_TAI.magnetogram_processed.npy,ee7d3d1882a118d881d11027ed101eb4d0e66050e82b564e7ec68a7b6cb83769,2025-02-11T00:01:30,2025-02-11T00:00:53.000Z,2025-02-11,2025-02-11 00:00:23.900,2.0176947116851807,stored_original_4096x4096_pixel_percentage_not_recomputed_from_npy,train,"(512, 512)",float32
1451,1451;1452,data/processed/hmi.m_45s.2025.02.15_00_01_30_TAI.magnetogram_processed.npy,hmi.m_45s.2025.02.15_00_01_30_TAI.magnetogram_processed.npy,4b9080896c41e93f3409635b70a77ccd42db275f975a47726d13f1dca4ba5935,2025-02-15T00:01:30,2025-02-15T00:00:53.000Z,2025-02-15,2025-02-15 00:00:24.300,2.4027466773986816,stored_original_4096x4096_pixel_percentage_not_recomputed_from_npy,train,"(512, 512)",float32
1453,1453,data/processed/hmi.m_45s.2025.02.17_00_01_30_TAI.magnetogram_processed.npy,hmi.m_45s.2025.02.17_00_01_30_TAI.magnetogram_processed.npy,1a066ba3a53d9d0e7eb70696c677804b39ccb41843a5babbf3e2ca2cae769619,2025-02-17T00:01:30,2025-02-17T00:00:53.000Z,2025-02-17,2025-02-17 00:00:24.500,2.5535762310028076,stored_original_4096x4096_pixel_percentage_not_recomputed_from_npy,train,"(512, 512)",float32
1454,1454,data/processed/hmi.m_45s.2025.02.18_00_01_30_TAI.magnetogram_processed.npy,hmi.m_45s.2025.02.18_00_01_30_TAI.magnetogram_processed.npy,aa1f9bef1eeb028099d5a69ab04778d4a3f02f066508acf55d32452346a0fc63,2025-02-18T00:01:30,2025-02-18T00:00:53.000Z,2025-02-18,2025-02-18 00:00:24.600,2.532154321670532,stored_original_4096x4096_pixel_percentage_not_recomputed_from_npy,train,"(512, 512)",float32
1455,1455,data/processed/hmi.m_45s.2025.02.19_00_01_30_TAI.magnetogram_processed.npy,hmi.m_45s.2025.02.19_00_01_30_TAI.magnetogram_processed.npy,1436510381447a5c06a713005f99d6f326d53200b916a91a328566ad30f88896,2025-02-19T00:01:30,2025-02-19T00:00:53.000Z,2025-02-19,2025-02-19 00:00:24.700,2.4848520755767822,stored_original_4096x4096_pixel_percentage_not_recomputed_from_npy,train,"(512, 512)",float32
1456,1456;1457;1458,data/processed/hmi.m_45s.2025.02.20_00_01_30_TAI.magnetogram_processed.npy,hmi.m_45s.2025.02.20_00_01_30_TAI.magnetogram_processed.npy,b50fbc1408cbdfb7893cff174c89ff743de4c9eb92b952f31d2546655ba14768,2025-02-20T00:01:30,2025-02-20T00:00:53.000Z,2025-02-20,2025-02-20 00:00:24.900,2.4581074714660645,stored_original_4096x4096_pixel_percentage_not_recomputed_from_npy,train,"(512, 512)",float32
1459,1459,data/processed/hmi.m_45s.2025.02.21_00_01_30_TAI.magnetogram_processed.npy,hmi.m_45s.2025.02.21_00_01_30_TAI.magnetogram_processed.npy,40d3a9c76c0c11a30eb9597a325a00089b0ca7ec3a38bafd3a69c837e0919796,2025-02-21T00:01:30,2025-02-21T00:00:53.000Z,2025-02-21,2025-02-21 00:00:25.000,2.407747507095337,stored_original_4096x4096_pixel_percentage_not_recomputed_from_npy,train,"(512, 512)",float32
1460,1460,data/processed/hmi.m_45s.2025.02.22_00_01_30_TAI.magnetogram_processed.npy,hmi.m_45s.2025.02.22_00_01_30_TAI.magnetogram_processed.npy,fb3c51eaaedeeb8ccb1efa94c3727dfb129a70cc910bf8da0053bfb815ef0849,2025-02-22T00:01:30,2025-02-22T00:00:53.000Z,2025-02-22,2025-02-22 00:00:25.100,2.360248565673828,stored_original_4096x4096_pixel_percentage_not_recomputed_from_npy,selection_validation,"(512, 512)",float32
1461,1461;1462,data/processed/hmi.m_45s.2025.02.23_00_01_30_TAI.magnetogram_processed.npy,hmi.m_45s.2025.02.23_00_01_30_TAI.magnetogram_processed.npy,4a24027194d7980540207a91529d0711b8607bb134d83e664d37e96322112c48,2025-02-23T00:01:30,2025-02-23T00:00:53.000Z,2025-02-23,2025-02-23 00:00:25.200,2.356308698654175,stored_original_4096x4096_pixel_percentage_not_recomputed_from_npy,train,"(512, 512)",float32
1463,1463;1464,data/processed/hmi.m_45s.2025.02.24_00_01_30_TAI.magnetogram_processed.npy,hmi.m_45s.2025.02.24_00_01_30_TAI.magnetogram_processed.npy,19758ae664b922fbd24e09c7751fdc0a703408d6e15b6e1157e648a6e35fe000,2025-02-24T00:01:30,2025-02-24T00:00:53.000Z,2025-02-24,2025-02-24 00:00:25.300,2.3077189922332764,stored_original_4096x4096_pixel_percentage_not_recomputed_from_npy,train,"(512, 512)",float32
1465,1465;1466,data/processed/hmi.m_45s.2025.02.25_00_01_30_TAI.magnetogram_processed.npy,hmi.m_45s.2025.02.25_00_01_30_TAI.magnetogram_processed.npy,66092113c6b9da50220f5deb7102ddca1abb9059ad5c4adbb13019bfd73d378c,2025-02-25T00:01:30,2025-02-25T00:00:53.000Z,2025-02-25,2025-02-25 00:00:25.400,2.256971597671509,stored_original_4096x4096_pixel_percentage_not_recomputed_from_npy,selection_validation,"(512, 512)",float32
1467,1467;1468,data/processed/hmi.m_45s.2025.02.26_00_01_30_TAI.magnetogram_processed.npy,hmi.m_45s.2025.02.26_00_01_30_TAI.magnetogram_processed.npy,abd504e0cb7162dcbc7361d7a5ba51ba3db87010415040f6b9d929d41a220026,2025-02-26T00:01:30,2025-02-26T00:00:53.000Z,2025-02-26,2025-02-26 00:00:25.500,2.2264480590820312,stored_original_4096x4096_pixel_percentage_not_recomputed_from_npy,train,"(512, 512)",float32
1469,1469;1470;1471,data/processed/hmi.m_45s.2025.03.01_00_01_30_TAI.magnetogram_processed.npy,hmi.m_45s.2025.03.01_00_01_30_TAI.magnetogram_processed.npy,b34df7493a080fe77bc825fa4dd301f85f09e215d7ba675ec97b7cf378ae690e,2025-03-01T00:01:30,2025-03-01T00:00:53.000Z,2025-03-01,2025-03-01 00:00:25.900,2.2641241550445557,stored_original_4096x4096_pixel_percentage_not_recomputed_from_npy,train,"(512, 512)",float32
1472,1472,data/processed/hmi.m_45s.2025.03.03_00_01_30_TAI.magnetogram_processed.npy,hmi.m_45s.2025.03.03_00_01_30_TAI.magnetogram_processed.npy,559dec7c24fe42389aa29888786dcf12928d800a4ecce7f700f92e6757d518cb,2025-03-03T00:01:30,2025-03-03T00:00:53.000Z,2025-03-03,2025-03-03 00:00:26.100,2.3566722869873047,stored_original_4096x4096_pixel_percentage_not_recomputed_from_npy,selection_validation,"(512, 512)",float32
1473,1473,data/processed/hmi.m_45s.2025.03.05_00_01_30_TAI.magnetogram_processed.npy,hmi.m_45s.2025.03.05_00_01_30_TAI.magnetogram_processed.npy,aec3c4c0ece9b835a689de9d29575af613fc377a402b9987ace96ae887acccda,2025-03-05T00:01:30,2025-03-05T00:00:53.000Z,2025-03-05,2025-03-05 00:00:26.400,2.2110700607299805,stored_original_4096x4096_pixel_percentage_not_recomputed_from_npy,train,"(512, 512)",float32
1474,1474,data/processed/hmi.m_45s.2025.03.07_00_01_30_TAI.magnetogram_processed.npy,hmi.m_45s.2025.03.07_00_01_30_TAI.magnetogram_processed.npy,6c04224ceb988130bbf6781568c53622aea7cfd956809f2328088e54ae89809e,2025-03-07T00:01:30,2025-03-07T00:00:53.000Z,2025-03-07,2025-03-07 00:00:26.600,2.098572254180908,stored_original_4096x4096_pixel_percentage_not_recomputed_from_npy,train,"(512, 512)",float32
1475,1475;1476,data/processed/hmi.m_45s.2025.03.08_00_01_30_TAI.magnetogram_processed.npy,hmi.m_45s.2025.03.08_00_01_30_TAI.magnetogram_processed.npy,f85489fbb90347625a974ce25fd166b10cf4983af2f8bc682312f024082a457b,2025-03-08T00:01:30,2025-03-08T00:00:53.000Z,2025-03-08,2025-03-08 00:00:26.800,2.0363569259643555,stored_original_4096x4096_pixel_percentage_not_recomputed_from_npy,train,"(512, 512)",float32
1477,1477;1478,data/processed/hmi.m_45s.2025.03.09_00_01_30_TAI.magnetogram_processed.npy,hmi.m_45s.2025.03.09_00_01_30_TAI.magnetogram_processed.npy,3037b647820ccb6bdeadc5f5f93be9b00103bab56fa1844e2e715cffe79f3e0f,2025-03-09T00:01:30,2025-03-09T00:00:53.000Z,2025-03-09,2025-03-09 00:00:26.900,2.0340323448181152,stored_original_4096x4096_pixel_percentage_not_recomputed_from_npy,train,"(512, 512)",float32
1479,1479,data/processed/hmi.m_45s.2025.03.11_00_01_30_TAI.magnetogram_processed.npy,hmi.m_45s.2025.03.11_00_01_30_TAI.magnetogram_processed.npy,5443588803a37611641e29ec31a0f7556f79448cbe5f8c8cd2d90d0d4ff33293,2025-03-11T00:01:30,2025-03-11T00:00:53.000Z,2025-03-11,2025-03-11 00:00:27.100,2.2244155406951904,stored_original_4096x4096_pixel_percentage_not_recomputed_from_npy,train,"(512, 512)",float32
1480,1480,data/processed/hmi.m_45s.2025.03.15_00_01_30_TAI.magnetogram_processed.npy,hmi.m_45s.2025.03.15_00_01_30_TAI.magnetogram_processed.npy,051eb755bdf61ed31375fc27bc39d06bc0c5452fbc51425b25c63b8faabb4edb,2025-03-15T00:01:30,2025-03-15T00:00:53.000Z,2025-03-15,2025-03-15 00:00:27.700,2.4006664752960205,stored_original_4096x4096_pixel_percentage_not_recomputed_from_npy,train,"(512, 512)",float32
1481,1481;1482,data/processed/hmi.m_45s.2025.03.17_00_01_30_TAI.magnetogram_processed.npy,hmi.m_45s.2025.03.17_00_01_30_TAI.magnetogram_processed.npy,f3ad5ccf76a689654c756014cf99018b81c322d619e750a9f23e92708d27bd9c,2025-03-17T00:01:30,2025-03-17T00:00:53.000Z,2025-03-17,2025-03-17 00:00:27.900,2.5489091873168945,stored_original_4096x4096_pixel_percentage_not_recomputed_from_npy,train,"(512, 512)",float32
1483,1483,data/processed/hmi.m_45s.2025.03.19_00_01_30_TAI.magnetogram_processed.npy,hmi.m_45s.2025.03.19_00_01_30_TAI.magnetogram_processed.npy,71814506a6dd0e961a8981b803f5032853c6c64ff60fc614481ae088ace0e7af,2025-03-19T00:01:30,2025-03-19T00:00:53.000Z,2025-03-19,2025-03-19 00:00:28.200,2.407640218734741,stored_original_4096x4096_pixel_percentage_not_recomputed_from_npy,selection_validation,"(512, 512)",float32
1484,1484,data/processed/hmi.m_45s.2025.03.20_00_01_30_TAI.magnetogram_processed.npy,hmi.m_45s.2025.03.20_00_01_30_TAI.magnetogram_processed.npy,f9792040aecf9da0a3fb458a782d909843260203733f062650765984a0fd49fd,2025-03-20T00:01:30,2025-03-20T00:00:53.000Z,2025-03-20,2025-03-20 00:00:28.400,2.3307323455810547,stored_original_4096x4096_pixel_percentage_not_recomputed_from_npy,selection_validation,"(512, 512)",float32
1485,1485,data/processed/hmi.m_45s.2025.03.21_00_01_30_TAI.magnetogram_processed.npy,hmi.m_45s.2025.03.21_00_01_30_TAI.magnetogram_processed.npy,b31f2c54b271ec3d49adfc71ad3f820df4614101a891494010ad0f9f054884b6,2025-03-21T00:01:30,2025-03-21T00:00:53.000Z,2025-03-21,2025-03-21 00:00:28.500,2.229553461074829,stored_original_4096x4096_pixel_percentage_not_recomputed_from_npy,train,"(512, 512)",float32
1486,1486,data/processed/hmi.m_45s.2025.03.23_00_01_30_TAI.magnetogram_processed.npy,hmi.m_45s.2025.03.23_00_01_30_TAI.magnetogram_processed.npy,1a6b4567747c48abfdda47c294655414135a9861f5312e951a518b04b4be457b,2025-03-23T00:01:30,2025-03-23T00:00:53.000Z,2025-03-23,2025-03-23 00:00:28.800,2.108985185623169,stored_original_4096x4096_pixel_percentage_not_recomputed_from_npy,train,"(512, 512)",float32
1487,1487,data/processed/hmi.m_45s.2025.03.25_00_01_30_TAI.magnetogram_processed.npy,hmi.m_45s.2025.03.25_00_01_30_TAI.magnetogram_processed.npy,985a59277ef1b07dd8886a7c957fb5f2e69bcc915afb54c3f3525e5d9cdc5cb2,2025-03-25T00:01:30,2025-03-25T00:00:53.000Z,2025-03-25,2025-03-25 00:00:29.100,2.0380795001983643,stored_original_4096x4096_pixel_percentage_not_recomputed_from_npy,train,"(512, 512)",float32
1488,1488,data/processed/hmi.m_45s.2025.03.29_00_01_30_TAI.magnetogram_processed.npy,hmi.m_45s.2025.03.29_00_01_30_TAI.magnetogram_processed.npy,b786d23be3d877d9a51b728d677b69164dd50fd846f0b4edc64cd1d117c92dbc,2025-03-29T00:01:30,2025-03-29T00:00:53.000Z,2025-03-29,2025-03-29 00:00:29.700,2.273571491241455,stored_original_4096x4096_pixel_percentage_not_recomputed_from_npy,train,"(512, 512)",float32
1489,1489,data/processed/hmi.m_45s.2025.03.30_00_01_30_TAI.magnetogram_processed.npy,hmi.m_45s.2025.03.30_00_01_30_TAI.magnetogram_processed.npy,e051620c0b5e03d46775d775bb02d1f3bb6cc5c2617caf2106b44a3b545aceb4,2025-03-30T00:01:30,2025-03-30T00:00:53.000Z,2025-03-30,2025-03-30 00:00:29.800,2.3321211338043213,stored_original_4096x4096_pixel_percentage_not_recomputed_from_npy,train,"(512, 512)",float32
1490,1490,data/processed/hmi.m_45s.2025.04.02_00_01_30_TAI.magnetogram_processed.npy,hmi.m_45s.2025.04.02_00_01_30_TAI.magnetogram_processed.npy,144c35c679e55110da8626e139c3e1addfe328b89795f75a96fe12b426245279,2025-04-02T00:01:30,2025-04-02T00:00:53.000Z,2025-04-02,2025-04-02 00:00:30.200,2.3418188095092773,stored_original_4096x4096_pixel_percentage_not_recomputed_from_npy,train,"(512, 512)",float32
1491,1491,data/processed/hmi.m_45s.2025.04.05_00_01_30_TAI.magnetogram_processed.npy,hmi.m_45s.2025.04.05_00_01_30_TAI.magnetogram_processed.npy,f1a7146bb10eb252c4d238167469dc347bd5ad7dd8e45340f2dfcd77fc5e7697,2025-04-05T00:01:30,2025-04-05T00:00:53.000Z,2025-04-05,2025-04-05 00:00:30.600,2.169060707092285,stored_original_4096x4096_pixel_percentage_not_recomputed_from_npy,train,"(512, 512)",float32
1492,1492,data/processed/hmi.m_45s.2025.04.07_00_01_30_TAI.magnetogram_processed.npy,hmi.m_45s.2025.04.07_00_01_30_TAI.magnetogram_processed.npy,9858236a7a4c5cce08710a9f7d570bc76a08ba4700ee04cd3462d179956df43c,2025-04-07T00:01:30,2025-04-07T00:00:53.000Z,2025-04-07,2025-04-07 00:00:30.900,2.1934330463409424,stored_original_4096x4096_pixel_percentage_not_recomputed_from_npy,train,"(512, 512)",float32
1493,1493,data/processed/hmi.m_45s.2025.04.08_00_01_30_TAI.magnetogram_processed.npy,hmi.m_45s.2025.04.08_00_01_30_TAI.magnetogram_processed.npy,a87cb9d0b871eefd0f7bdd56acd5ab4faa59d987f0fcdd713028a78735fb19c4,2025-04-08T00:01:30,2025-04-08T00:00:53.000Z,2025-04-08,2025-04-08 00:00:31.100,2.0256519317626953,stored_original_4096x4096_pixel_percentage_not_recomputed_from_npy,train,"(512, 512)",float32
1494,1494;1495;1496,data/processed/hmi.m_45s.2025.04.09_00_01_30_TAI.magnetogram_processed.npy,hmi.m_45s.2025.04.09_00_01_30_TAI.magnetogram_processed.npy,00dbc495c9f119f4901ecbb517b9f62d4c1e8efff50a20cd22871c9fc5d71761,2025-04-09T00:01:30,2025-04-09T00:00:53.000Z,2025-04-09,2025-04-09 00:00:31.200,1.9710123538970947,stored_original_4096x4096_pixel_percentage_not_recomputed_from_npy,train,"(512, 512)",float32
1497,1497,data/processed/hmi.m_45s.2025.04.13_00_01_30_TAI.magnetogram_processed.npy,hmi.m_45s.2025.04.13_00_01_30_TAI.magnetogram_processed.npy,18939f9011a35cf5fa9bf662bc255e14d6bd1be58364f2cd335c066f7d3f1ce4,2025-04-13T00:01:30,2025-04-13T00:00:53.000Z,2025-04-13,2025-04-13 00:00:31.800,2.0690202713012695,stored_original_4096x4096_pixel_percentage_not_recomputed_from_npy,train,"(512, 512)",float32
1498,1498;1499,data/processed/hmi.m_45s.2025.04.15_00_01_30_TAI.magnetogram_processed.npy,hmi.m_45s.2025.04.15_00_01_30_TAI.magnetogram_processed.npy,bc6ed416d33ee8897610f8774f9368cd9a75b35c9c7e220b0a3d184dd9c363c8,2025-04-15T00:01:30,2025-04-15T00:00:53.000Z,2025-04-15,2025-04-15 00:00:32.000,1.9908905029296875,stored_original_4096x4096_pixel_percentage_not_recomputed_from_npy,train,"(512, 512)",float32
1500,1500;1501,data/processed/hmi.m_45s.2025.04.19_00_01_30_TAI.magnetogram_processed.npy,hmi.m_45s.2025.04.19_00_01_30_TAI.magnetogram_processed.npy,696f8f76f6a4de24d89acee54b606a7d0a609480f43db7900951f8d674c8f5a2,2025-04-19T00:01:30,2025-04-19T00:00:53.000Z,2025-04-19,2025-04-19 00:00:32.600,1.9971728324890137,stored_original_4096x4096_pixel_percentage_not_recomputed_from_npy,train,"(512, 512)",float32
1502,1502,data/processed/hmi.m_45s.2025.04.21_00_01_30_TAI.magnetogram_processed.npy,hmi.m_45s.2025.04.21_00_01_30_TAI.magnetogram_processed.npy,9ba0fa41af51303b3d2d04fb2478362c2094d8bdeb7251d1d7acc68a9e7b3d9a,2025-04-21T00:01:30,2025-04-21T00:00:53.000Z,2025-04-21,2025-04-21 00:00:32.900,2.006620168685913,stored_original_4096x4096_pixel_percentage_not_recomputed_from_npy,train,"(512, 512)",float32
1503,1503,data/processed/hmi.m_45s.2025.04.23_00_01_30_TAI.magnetogram_processed.npy,hmi.m_45s.2025.04.23_00_01_30_TAI.magnetogram_processed.npy,24f20a306ece7d9373f1c762655855e2d0c3a807a4c7d6b92c8867d46b67ab67,2025-04-23T00:01:30,2025-04-23T00:00:53.000Z,2025-04-23,2025-04-23 00:00:33.200,2.132517099380493,stored_original_4096x4096_pixel_percentage_not_recomputed_from_npy,train,"(512, 512)",float32
1504,1504,data/processed/hmi.m_45s.2025.04.24_00_01_30_TAI.magnetogram_processed.npy,hmi.m_45s.2025.04.24_00_01_30_TAI.magnetogram_processed.npy,2e5a6f2704bb6816f5d1b5a24dc5b797ceb9b9f92236c3dd53a7c1893ad0d10a,2025-04-24T00:01:30,2025-04-24T00:00:53.000Z,2025-04-24,2025-04-24 00:00:33.300,2.2143185138702393,stored_original_4096x4096_pixel_percentage_not_recomputed_from_npy,selection_validation,"(512, 512)",float32
1505,1505,data/processed/hmi.m_45s.2025.04.25_00_01_30_TAI.magnetogram_processed.npy,hmi.m_45s.2025.04.25_00_01_30_TAI.magnetogram_processed.npy,8d9bacf87bc400381298004171fa2cb9ef6a62aa0051ed6034c8e568ad25c668,2025-04-25T00:01:30,2025-04-25T00:00:53.000Z,2025-04-25,2025-04-25 00:00:33.400,2.245211601257324,stored_original_4096x4096_pixel_percentage_not_recomputed_from_npy,train,"(512, 512)",float32
1506,1506,data/processed/hmi.m_45s.2025.04.29_00_01_30_TAI.magnetogram_processed.npy,hmi.m_45s.2025.04.29_00_01_30_TAI.magnetogram_processed.npy,0cb3c89b13ac9d68c243adead3905674fc851a888f0cc13221f7e99eba7d95bb,2025-04-29T00:01:30,2025-04-29T00:00:53.000Z,2025-04-29,2025-04-29 00:00:34.000,2.0737946033477783,stored_original_4096x4096_pixel_percentage_not_recomputed_from_npy,train,"(512, 512)",float32
1507,1507,data/processed/hmi.m_45s.2025.05.03_00_01_30_TAI.magnetogram_processed.npy,hmi.m_45s.2025.05.03_00_01_30_TAI.magnetogram_processed.npy,87e387ff21da4c22093468fffc3c392fbe90d0d47acde4939f4c8781e527ae0f,2025-05-03T00:01:30,2025-05-03T00:00:53.000Z,2025-05-03,2025-05-03 00:00:34.400,2.0178020000457764,stored_original_4096x4096_pixel_percentage_not_recomputed_from_npy,train,"(512, 512)",float32
1508,1508,data/processed/hmi.m_45s.2025.05.04_00_01_30_TAI.magnetogram_processed.npy,hmi.m_45s.2025.05.04_00_01_30_TAI.magnetogram_processed.npy,eacb2e50ed9442337e0367e3d46d58b30521e28fd6067fa90d44a86dcbb68808,2025-05-04T00:01:30,2025-05-04T00:00:53.000Z,2025-05-04,2025-05-04 00:00:34.600,2.0273029804229736,stored_original_4096x4096_pixel_percentage_not_recomputed_from_npy,selection_validation,"(512, 512)",float32
1509,1509,data/processed/hmi.m_45s.2025.05.06_00_01_30_TAI.magnetogram_processed.npy,hmi.m_45s.2025.05.06_00_01_30_TAI.magnetogram_processed.npy,1b4495ed94aa2b2489bd505d088038bbec9e0015ef7d508225f3a408480e954f,2025-05-06T00:01:30,2025-05-06T00:00:53.000Z,2025-05-06,2025-05-06 00:00:34.800,2.054262161254883,stored_original_4096x4096_pixel_percentage_not_recomputed_from_npy,train,"(512, 512)",float32
1510,1510;1511,data/processed/hmi.m_45s.2025.05.07_00_01_30_TAI.magnetogram_processed.npy,hmi.m_45s.2025.05.07_00_01_30_TAI.magnetogram_processed.npy,7228307f5ba8098ae470f131f4d03def9386dd7e0742a2d056a4eed28fb99cb5,2025-05-07T00:01:30,2025-05-07T00:00:53.000Z,2025-05-07,2025-05-07 00:00:34.900,2.0460188388824463,stored_original_4096x4096_pixel_percentage_not_recomputed_from_npy,train,"(512, 512)",float32
1512,1512,data/processed/hmi.m_45s.2025.05.08_00_01_30_TAI.magnetogram_processed.npy,hmi.m_45s.2025.05.08_00_01_30_TAI.magnetogram_processed.npy,c3f5f5a9189ce4d9bcc9770885ffd28ec8a560c05e98298792c916e6c0b8a518,2025-05-08T00:01:30,2025-05-08T00:00:53.000Z,2025-05-08,2025-05-08 00:00:35.000,2.0009100437164307,stored_original_4096x4096_pixel_percentage_not_recomputed_from_npy,selection_validation,"(512, 512)",float32
1513,1513;1514,data/processed/hmi.m_45s.2025.05.09_00_01_30_TAI.magnetogram_processed.npy,hmi.m_45s.2025.05.09_00_01_30_TAI.magnetogram_processed.npy,ce73c99d3b6ad06279822142e9ecde15f0bef0cdf10be37f6b34e22d1f093edb,2025-05-09T00:01:30,2025-05-09T00:00:53.000Z,2025-05-09,2025-05-09 00:00:35.200,1.934581995010376,stored_original_4096x4096_pixel_percentage_not_recomputed_from_npy,train,"(512, 512)",float32
1515,1515;1516;1517;1518,data/processed/hmi.m_45s.2025.05.10_00_01_30_TAI.magnetogram_processed.npy,hmi.m_45s.2025.05.10_00_01_30_TAI.magnetogram_processed.npy,5f7b1bcb5e282718e13967770c8fb2b77ecd3b35df7bdf334b2b7679e1dfbb60,2025-05-10T00:01:30,2025-05-10T00:00:53.000Z,2025-05-10,2025-05-10 00:00:35.300,1.8628299236297607,stored_original_4096x4096_pixel_percentage_not_recomputed_from_npy,train,"(512, 512)",float32
1519,1519;1520,data/processed/hmi.m_45s.2025.05.15_00_01_30_TAI.magnetogram_processed.npy,hmi.m_45s.2025.05.15_00_01_30_TAI.magnetogram_processed.npy,4c3a538c485234a85f155714f4ede79cbc24206825f912d5baaffd9556d8dbbf,2025-05-15T00:01:30,2025-05-15T00:00:53.000Z,2025-05-15,2025-05-15 00:00:35.800,1.7396390438079834,stored_original_4096x4096_pixel_percentage_not_recomputed_from_npy,train,"(512, 512)",float32
1521,1521,data/processed/hmi.m_45s.2025.05.16_00_01_30_TAI.magnetogram_processed.npy,hmi.m_45s.2025.05.16_00_01_30_TAI.magnetogram_processed.npy,9db1e273e81dc4a437be7cba749c3bab4a9aa36b9503dff229a926de078ade68,2025-05-16T00:01:30,2025-05-16T00:00:53.000Z,2025-05-16,2025-05-16 00:00:35.900,1.7543554306030271,stored_original_4096x4096_pixel_percentage_not_recomputed_from_npy,train,"(512, 512)",float32
1522,1522,data/processed/hmi.m_45s.2025.05.19_00_01_30_TAI.magnetogram_processed.npy,hmi.m_45s.2025.05.19_00_01_30_TAI.magnetogram_processed.npy,13558bb9df47dcbe48bcc36419dc4227e8a7597880e0c10f6cb788434e2f0d5d,2025-05-19T00:01:30,2025-05-19T00:00:53.000Z,2025-05-19,2025-05-19 00:00:36.200,1.8412649631500244,stored_original_4096x4096_pixel_percentage_not_recomputed_from_npy,train,"(512, 512)",float32
1523,1523;1524,data/processed/hmi.m_45s.2025.05.20_00_01_30_TAI.magnetogram_processed.npy,hmi.m_45s.2025.05.20_00_01_30_TAI.magnetogram_processed.npy,cbc48d88dfc45d3a1152242ffdff05faaeae9fe1dd1d58049a08848b936503bd,2025-05-20T00:01:30,2025-05-20T00:00:53.000Z,2025-05-20,2025-05-20 00:00:36.300,1.8676698207855225,stored_original_4096x4096_pixel_percentage_not_recomputed_from_npy,train,"(512, 512)",float32
1525,1525,data/processed/hmi.m_45s.2025.05.24_00_01_30_TAI.magnetogram_processed.npy,hmi.m_45s.2025.05.24_00_01_30_TAI.magnetogram_processed.npy,67853c6495ad7471c6e5692faa21e8afc6518ae9c3e54085572af645ea2d349a,2025-05-24T00:01:30,2025-05-24T00:00:53.000Z,2025-05-24,2025-05-24 00:00:36.700,1.9127488136291504,stored_original_4096x4096_pixel_percentage_not_recomputed_from_npy,train,"(512, 512)",float32
1526,1526,data/processed/hmi.m_45s.2025.05.25_00_01_30_TAI.magnetogram_processed.npy,hmi.m_45s.2025.05.25_00_01_30_TAI.magnetogram_processed.npy,bc1bde98aefbd91976672cbb0c6d8bc3472d544d4066fe0d82fddf31f73c2f5d,2025-05-25T00:01:30,2025-05-25T00:00:53.000Z,2025-05-25,2025-05-25 00:00:36.800,1.902705430984497,stored_original_4096x4096_pixel_percentage_not_recomputed_from_npy,train,"(512, 512)",float32
1527,1527,data/processed/hmi.m_45s.2025.05.26_00_01_30_TAI.magnetogram_processed.npy,hmi.m_45s.2025.05.26_00_01_30_TAI.magnetogram_processed.npy,1e1899fd00f6fd033595595e7e4e60b9fdf82a76bdd00b8f6b17278f86ba2fdb,2025-05-26T00:01:30,2025-05-26T00:00:53.000Z,2025-05-26,2025-05-26 00:00:36.900,1.9148290157318115,stored_original_4096x4096_pixel_percentage_not_recomputed_from_npy,train,"(512, 512)",float32
1528,1528;1529,data/processed/hmi.m_45s.2025.05.27_00_01_30_TAI.magnetogram_processed.npy,hmi.m_45s.2025.05.27_00_01_30_TAI.magnetogram_processed.npy,43ca1bd8ba9ac13da938f3ad5ae501d895b1e8040502b29bfbcb6a69a647431d,2025-05-27T00:01:30,2025-05-27T00:00:53.000Z,2025-05-27,2025-05-27 00:00:37.000,1.9136250019073489,stored_original_4096x4096_pixel_percentage_not_recomputed_from_npy,train,"(512, 512)",float32
1530,1530;1531;1532,data/processed/hmi.m_45s.2025.05.28_00_01_30_TAI.magnetogram_processed.npy,hmi.m_45s.2025.05.28_00_01_30_TAI.magnetogram_processed.npy,672e21a5017bef17905e4873efed75ff9155429af16fbc845e0f4c8d6b32bf4c,2025-05-28T00:01:30,2025-05-28T00:00:53.000Z,2025-05-28,2025-05-28 00:00:37.100,1.9255757331848145,stored_original_4096x4096_pixel_percentage_not_recomputed_from_npy,train,"(512, 512)",float32
1533,1533;1534,data/processed/hmi.m_45s.2025.05.31_00_01_30_TAI.magnetogram_processed.npy,hmi.m_45s.2025.05.31_00_01_30_TAI.magnetogram_processed.npy,b8a537a4403b48033e0800d064126d6bdf93a3d138607361103bc0b8dd143c92,2025-05-31T00:01:30,2025-05-31T00:00:53.000Z,2025-05-31,2025-05-31 00:00:37.300,2.0641684532165527,stored_original_4096x4096_pixel_percentage_not_recomputed_from_npy,train,"(512, 512)",float32
1535,1535;1536,data/processed/hmi.m_45s.2025.06.01_00_01_30_TAI.magnetogram_processed.npy,hmi.m_45s.2025.06.01_00_01_30_TAI.magnetogram_processed.npy,73875632b6e96bbcbd23a96c1cb3c5522ab59bf24cfd952c4d8dc8c3c359080e,2025-06-01T00:01:30,2025-06-01T00:00:53.000Z,2025-06-01,2025-06-01 00:00:37.400,2.049344778060913,stored_original_4096x4096_pixel_percentage_not_recomputed_from_npy,train,"(512, 512)",float32
1537,1537,data/processed/hmi.m_45s.2025.06.02_00_01_30_TAI.magnetogram_processed.npy,hmi.m_45s.2025.06.02_00_01_30_TAI.magnetogram_processed.npy,c32d8a8f6534f3ad3325ab9c178e8c24ebe770fdf17051980cc67daacc10d799,2025-06-02T00:01:30,2025-06-02T00:00:53.000Z,2025-06-02,2025-06-02 00:00:37.500,1.9866526126861572,stored_original_4096x4096_pixel_percentage_not_recomputed_from_npy,train,"(512, 512)",float32
1538,1538;1539;1540;1541,data/processed/hmi.m_45s.2025.06.03_00_01_30_TAI.magnetogram_processed.npy,hmi.m_45s.2025.06.03_00_01_30_TAI.magnetogram_processed.npy,882b967622ca0b18eaa9caaf53fcbebb02cd0096610a56fa030f9ce5b7b4ba3b,2025-06-03T00:01:30,2025-06-03T00:00:53.000Z,2025-06-03,2025-06-03 00:00:37.600,1.9350945949554443,stored_original_4096x4096_pixel_percentage_not_recomputed_from_npy,train,"(512, 512)",float32
1542,1542;1543,data/processed/hmi.m_45s.2025.06.04_00_01_30_TAI.magnetogram_processed.npy,hmi.m_45s.2025.06.04_00_01_30_TAI.magnetogram_processed.npy,c443b61dc35e97c18bdf814a0416e6e8f26ded864a74fe34a21e07e8107a802b,2025-06-04T00:01:30,2025-06-04T00:00:53.000Z,2025-06-04,2025-06-04 00:00:37.600,1.870739459991455,stored_original_4096x4096_pixel_percentage_not_recomputed_from_npy,train,"(512, 512)",float32
1544,1544,data/processed/hmi.m_45s.2025.06.05_00_01_30_TAI.magnetogram_processed.npy,hmi.m_45s.2025.06.05_00_01_30_TAI.magnetogram_processed.npy,1803927d6d46c92b3d81d55791ba296389c8c471c68f5d70f398d9a47f24c5bf,2025-06-05T00:01:30,2025-06-05T00:00:53.000Z,2025-06-05,2025-06-05 00:00:37.700,1.8186450004577637,stored_original_4096x4096_pixel_percentage_not_recomputed_from_npy,train,"(512, 512)",float32
1545,1545,data/processed/hmi.m_45s.2025.06.06_00_01_30_TAI.magnetogram_processed.npy,hmi.m_45s.2025.06.06_00_01_30_TAI.magnetogram_processed.npy,da010e8d953d5d2347b9a88803321c912d70ad2275227aec4bd8712b9dfdc883,2025-06-06T00:01:30,2025-06-06T00:00:53.000Z,2025-06-06,2025-06-06 00:00:37.800,1.8120765686035156,stored_original_4096x4096_pixel_percentage_not_recomputed_from_npy,train,"(512, 512)",float32
1546,1546;1547;1548,data/processed/hmi.m_45s.2025.06.10_00_01_30_TAI.magnetogram_processed.npy,hmi.m_45s.2025.06.10_00_01_30_TAI.magnetogram_processed.npy,4701fd5a93447b9ca93b07a38131538ef4568852f41910e3032a0ae3f7e4bbd7,2025-06-10T00:01:30,2025-06-10T00:00:53.000Z,2025-06-10,2025-06-10 00:00:38.000,1.880711317062378,stored_original_4096x4096_pixel_percentage_not_recomputed_from_npy,selection_validation,"(512, 512)",float32
1549,1549,data/processed/hmi.m_45s.2025.06.11_00_01_30_TAI.magnetogram_processed.npy,hmi.m_45s.2025.06.11_00_01_30_TAI.magnetogram_processed.npy,6fd2184cf374c805893d48339004689775457536b7263c246716816bf507304d,2025-06-11T00:01:30,2025-06-11T00:00:53.000Z,2025-06-11,2025-06-11 00:00:38.100,1.9093453884124756,stored_original_4096x4096_pixel_percentage_not_recomputed_from_npy,train,"(512, 512)",float32
1550,1550,data/processed/hmi.m_45s.2025.06.12_00_01_30_TAI.magnetogram_processed.npy,hmi.m_45s.2025.06.12_00_01_30_TAI.magnetogram_processed.npy,fd1ac714ddce1a134a35983aa46c12a19946bb4ad9bcc4ab495842c6f354da33,2025-06-12T00:01:30,2025-06-12T00:00:53.000Z,2025-06-12,2025-06-12 00:00:38.100,1.930147409439087,stored_original_4096x4096_pixel_percentage_not_recomputed_from_npy,selection_validation,"(512, 512)",float32
1551,1551,data/processed/hmi.m_45s.2025.06.13_00_01_30_TAI.magnetogram_processed.npy,hmi.m_45s.2025.06.13_00_01_30_TAI.magnetogram_processed.npy,7fab449350ee8bd00161646e3389873c9c48a21087c6bf0b440a15cb834cc8c9,2025-06-13T00:01:30,2025-06-13T00:00:53.000Z,2025-06-13,2025-06-13 00:00:38.200,1.917511224746704,stored_original_4096x4096_pixel_percentage_not_recomputed_from_npy,train,"(512, 512)",float32
1552,1552;1553,data/processed/hmi.m_45s.2025.06.14_00_01_30_TAI.magnetogram_processed.npy,hmi.m_45s.2025.06.14_00_01_30_TAI.magnetogram_processed.npy,9de927134ccce913a3834455c5ab21d6e13f234a510f81a7c520f2e8c26f6d83,2025-06-14T00:01:30,2025-06-14T00:00:53.000Z,2025-06-14,2025-06-14 00:00:38.200,1.927947998046875,stored_original_4096x4096_pixel_percentage_not_recomputed_from_npy,train,"(512, 512)",float32
1554,1554,data/processed/hmi.m_45s.2025.06.24_00_01_30_TAI.magnetogram_processed.npy,hmi.m_45s.2025.06.24_00_01_30_TAI.magnetogram_processed.npy,12763206f2aec4fb64d313ae6e0f49078a847cff1c3e8bfd202abe2abbc2a321,2025-06-24T00:01:30,2025-06-24T00:00:53.000Z,2025-06-24,2025-06-24 00:00:38.600,1.831692457199097,stored_original_4096x4096_pixel_percentage_not_recomputed_from_npy,train,"(512, 512)",float32
1555,1555,data/processed/hmi.m_45s.2025.06.28_00_01_30_TAI.magnetogram_processed.npy,hmi.m_45s.2025.06.28_00_01_30_TAI.magnetogram_processed.npy,28f2a1c0290f769ac1cbc486ea05285d69c571954ce354ec71fe6477ae8503ce,2025-06-28T00:01:30,2025-06-28T00:00:53.000Z,2025-06-28,2025-06-28 00:00:38.700,1.894921064376831,stored_original_4096x4096_pixel_percentage_not_recomputed_from_npy,train,"(512, 512)",float32
1556,1556;1557;1558,data/processed/hmi.m_45s.2025.07.01_00_01_30_TAI.magnetogram_processed.npy,hmi.m_45s.2025.07.01_00_01_30_TAI.magnetogram_processed.npy,d21b8f33d885ef887d38d9a8089fbbb7b1c6aab4db41e72502517200f4675928,2025-07-01T00:01:30,2025-07-01T00:00:53.000Z,2025-07-01,2025-07-01 00:00:38.700,1.9038140773773191,stored_original_4096x4096_pixel_percentage_not_recomputed_from_npy,selection_validation,"(512, 512)",float32
1559,1559,data/processed/hmi.m_45s.2025.07.03_00_01_30_TAI.magnetogram_processed.npy,hmi.m_45s.2025.07.03_00_01_30_TAI.magnetogram_processed.npy,a3d75f663cbe4c3768c2812fd0285c69d031920c7b7d9cd96052554d5de97f18,2025-07-03T00:01:30,2025-07-03T00:00:53.000Z,2025-07-03,2025-07-03 00:00:38.700,1.9172906875610352,stored_original_4096x4096_pixel_percentage_not_recomputed_from_npy,selection_validation,"(512, 512)",float32
1560,1560,data/processed/hmi.m_45s.2025.07.12_00_01_30_TAI.magnetogram_processed.npy,hmi.m_45s.2025.07.12_00_01_30_TAI.magnetogram_processed.npy,a8973d8efc64b517fb8857f93957b641ea45aff99f572f8c9b9ec2a46c4c4449,2025-07-12T00:01:30,2025-07-12T00:00:53.000Z,2025-07-12,2025-07-12 00:00:38.700,1.872897148132324,stored_original_4096x4096_pixel_percentage_not_recomputed_from_npy,train,"(512, 512)",float32
1561,1561,data/processed/hmi.m_45s.2025.07.20_00_01_30_TAI.magnetogram_processed.npy,hmi.m_45s.2025.07.20_00_01_30_TAI.magnetogram_processed.npy,a03056512ccfb5a39a4254735901f0520ac4ff02c2e88fc8e02e81f59aebd2fb,2025-07-20T00:01:30,2025-07-20T00:00:53.000Z,2025-07-20,2025-07-20 00:00:38.500,2.030360698699951,stored_original_4096x4096_pixel_percentage_not_recomputed_from_npy,train,"(512, 512)",float32
1562,1562,data/processed/hmi.m_45s.2025.07.21_00_01_30_TAI.magnetogram_processed.npy,hmi.m_45s.2025.07.21_00_01_30_TAI.magnetogram_processed.npy,2ccb483e700017dde6b9b07ac85649f4c8b95154c822375eebdb39f4fc9e9715,2025-07-21T00:01:30,2025-07-21T00:00:53.000Z,2025-07-21,2025-07-21 00:00:38.500,1.9919037818908691,stored_original_4096x4096_pixel_percentage_not_recomputed_from_npy,train,"(512, 512)",float32
1563,1563;1564,data/processed/hmi.m_45s.2025.07.22_00_01_30_TAI.magnetogram_processed.npy,hmi.m_45s.2025.07.22_00_01_30_TAI.magnetogram_processed.npy,7ba3f000b8acb983c4ddefbb1a7a30deb934028c0daf05bb8107ec53870b5087,2025-07-22T00:01:30,2025-07-22T00:00:53.000Z,2025-07-22,2025-07-22 00:00:38.400,1.9562780857086184,stored_original_4096x4096_pixel_percentage_not_recomputed_from_npy,train,"(512, 512)",float32
1565,1565,data/processed/hmi.m_45s.2025.07.23_00_01_30_TAI.magnetogram_processed.npy,hmi.m_45s.2025.07.23_00_01_30_TAI.magnetogram_processed.npy,aaef212e8972cabe473b76e5d2ddd8c8c5ec1602cdd151bc6bac20844906a7c1,2025-07-23T00:01:30,2025-07-23T00:00:53.000Z,2025-07-23,2025-07-23 00:00:38.400,1.9547760486602783,stored_original_4096x4096_pixel_percentage_not_recomputed_from_npy,train,"(512, 512)",float32
1566,1566,data/processed/hmi.m_45s.2025.07.27_00_01_30_TAI.magnetogram_processed.npy,hmi.m_45s.2025.07.27_00_01_30_TAI.magnetogram_processed.npy,c38016d0be54d865d6b4bd7b2034e0c1a092520a89d20eda3b60764f6b973e6d,2025-07-27T00:01:30,2025-07-27T00:00:53.000Z,2025-07-27,2025-07-27 00:00:38.200,2.102792263031006,stored_original_4096x4096_pixel_percentage_not_recomputed_from_npy,train,"(512, 512)",float32
1567,1567;1568,data/processed/hmi.m_45s.2025.07.28_00_01_30_TAI.magnetogram_processed.npy,hmi.m_45s.2025.07.28_00_01_30_TAI.magnetogram_processed.npy,c54268547f9237b6b0570bb07c365f8969ce1ccdb1701f40697a80dfa4f60172,2025-07-28T00:01:30,2025-07-28T00:00:53.000Z,2025-07-28,2025-07-28 00:00:38.200,2.089184522628784,stored_original_4096x4096_pixel_percentage_not_recomputed_from_npy,selection_validation,"(512, 512)",float32
1569,1569;1570,data/processed/hmi.m_45s.2025.08.01_00_01_30_TAI.magnetogram_processed.npy,hmi.m_45s.2025.08.01_00_01_30_TAI.magnetogram_processed.npy,a678cc162d2b47f2b5c2a4a47d410abf077c659a1b2e76218c1de9cf735fb16a,2025-08-01T00:01:30,2025-08-01T00:00:53.000Z,2025-08-01,2025-08-01 00:00:37.900,2.0527660846710205,stored_original_4096x4096_pixel_percentage_not_recomputed_from_npy,train,"(512, 512)",float32
1571,1571,data/processed/hmi.m_45s.2025.08.03_00_01_30_TAI.magnetogram_processed.npy,hmi.m_45s.2025.08.03_00_01_30_TAI.magnetogram_processed.npy,1c5959ca63a1588f48e63239d12d1872552cab091a0999dc4af7c4a0f83d1ad4,2025-08-03T00:01:30,2025-08-03T00:00:53.000Z,2025-08-03,2025-08-03 00:00:37.800,2.008938789367676,stored_original_4096x4096_pixel_percentage_not_recomputed_from_npy,train,"(512, 512)",float32
1572,1572,data/processed/hmi.m_45s.2025.08.04_00_01_30_TAI.magnetogram_processed.npy,hmi.m_45s.2025.08.04_00_01_30_TAI.magnetogram_processed.npy,b91ac26c67b6584dd00b162be0b97d5e9b1906a9c4a79cf3950f9f2648a33a04,2025-08-04T00:01:30,2025-08-04T00:00:53.000Z,2025-08-04,2025-08-04 00:00:37.700,1.985388994216919,stored_original_4096x4096_pixel_percentage_not_recomputed_from_npy,train,"(512, 512)",float32
1573,1573,data/processed/hmi.m_45s.2025.08.05_00_01_30_TAI.magnetogram_processed.npy,hmi.m_45s.2025.08.05_00_01_30_TAI.magnetogram_processed.npy,e5dff79d1e99125e8cad9fff8288c27f308618910015a1ac0e4c2be2e13a4895,2025-08-05T00:01:30,2025-08-05T00:00:53.000Z,2025-08-05,2025-08-05 00:00:37.700,1.994258165359497,stored_original_4096x4096_pixel_percentage_not_recomputed_from_npy,train,"(512, 512)",float32
1574,1574;1575;1576,data/processed/hmi.m_45s.2025.08.07_00_01_30_TAI.magnetogram_processed.npy,hmi.m_45s.2025.08.07_00_01_30_TAI.magnetogram_processed.npy,6ca65a775a5c188c3d1791e9955af65590ea446fdc776642435edaf6d2410833,2025-08-07T00:01:30,2025-08-07T00:00:53.000Z,2025-08-07,2025-08-07 00:00:37.500,1.9830763339996336,stored_original_4096x4096_pixel_percentage_not_recomputed_from_npy,train,"(512, 512)",float32
1577,1577,data/processed/hmi.m_45s.2025.08.09_00_01_30_TAI.magnetogram_processed.npy,hmi.m_45s.2025.08.09_00_01_30_TAI.magnetogram_processed.npy,e7186ce2f166103532634f7299b26c56de37719fa7b7392a2553bede6147afc4,2025-08-09T00:01:30,2025-08-09T00:00:53.000Z,2025-08-09,2025-08-09 00:00:37.400,1.942753791809082,stored_original_4096x4096_pixel_percentage_not_recomputed_from_npy,train,"(512, 512)",float32
1578,1578;1579,data/processed/hmi.m_45s.2025.08.11_00_01_30_TAI.magnetogram_processed.npy,hmi.m_45s.2025.08.11_00_01_30_TAI.magnetogram_processed.npy,0785ccff1c7c0c25db2b1c6929842436e90ddbe48c764e7ac476014b1851bccf,2025-08-11T00:01:30,2025-08-11T00:00:53.000Z,2025-08-11,2025-08-11 00:00:37.200,1.965850591659546,stored_original_4096x4096_pixel_percentage_not_recomputed_from_npy,train,"(512, 512)",float32
1580,1580,data/processed/hmi.m_45s.2025.08.12_00_01_30_TAI.magnetogram_processed.npy,hmi.m_45s.2025.08.12_00_01_30_TAI.magnetogram_processed.npy,a07f58dab90b7ef2b2b0d4cbb39e84bc1fdc82b3039aa4cf95613e4edb5089ee,2025-08-12T00:01:30,2025-08-12T00:00:53.000Z,2025-08-12,2025-08-12 00:00:37.100,1.991063356399536,stored_original_4096x4096_pixel_percentage_not_recomputed_from_npy,train,"(512, 512)",float32
1581,1581;1582,data/processed/hmi.m_45s.2025.08.13_00_01_30_TAI.magnetogram_processed.npy,hmi.m_45s.2025.08.13_00_01_30_TAI.magnetogram_processed.npy,11f724c0cc7d410303ab3bb2ff3d9e75b4aa81b51b5e8c74424a13f7180bcc23,2025-08-13T00:01:30,2025-08-13T00:00:53.000Z,2025-08-13,2025-08-13 00:00:37.000,2.0168662071228027,stored_original_4096x4096_pixel_percentage_not_recomputed_from_npy,selection_validation,"(512, 512)",float32
1583,1583,data/processed/hmi.m_45s.2025.08.18_00_01_30_TAI.magnetogram_processed.npy,hmi.m_45s.2025.08.18_00_01_30_TAI.magnetogram_processed.npy,88030671ea6c92a11975f1571b2f9a43bf66777696340efe25ccc65715932e30,2025-08-18T00:01:30,2025-08-18T00:00:53.000Z,2025-08-18,2025-08-18 00:00:36.600,1.7760813236236572,stored_original_4096x4096_pixel_percentage_not_recomputed_from_npy,train,"(512, 512)",float32
1584,1584,data/processed/hmi.m_45s.2025.08.19_00_01_30_TAI.magnetogram_processed.npy,hmi.m_45s.2025.08.19_00_01_30_TAI.magnetogram_processed.npy,cbf26f3bd5a2f77800a3bf95d883bf4de578b823430fb32f3c79d49010fcbf33,2025-08-19T00:01:30,2025-08-19T00:00:53.000Z,2025-08-19,2025-08-19 00:00:36.500,1.7510831356048584,stored_original_4096x4096_pixel_percentage_not_recomputed_from_npy,train,"(512, 512)",float32
1585,1585;1586,data/processed/hmi.m_45s.2025.08.21_00_01_30_TAI.magnetogram_processed.npy,hmi.m_45s.2025.08.21_00_01_30_TAI.magnetogram_processed.npy,2578165bffcbf2cfa9d88fa9d86817652a0cd408841ade0f4fe1d24295e6da37,2025-08-21T00:01:30,2025-08-21T00:00:53.000Z,2025-08-21,2025-08-21 00:00:36.300,1.7635107040405271,stored_original_4096x4096_pixel_percentage_not_recomputed_from_npy,selection_validation,"(512, 512)",float32
1587,1587;1588,data/processed/hmi.m_45s.2025.08.22_00_01_30_TAI.magnetogram_processed.npy,hmi.m_45s.2025.08.22_00_01_30_TAI.magnetogram_processed.npy,17894064d690ea1af348c95dc5f5b12c65106eaa797826283df0bb01dcad811a,2025-08-22T00:01:30,2025-08-22T00:00:53.000Z,2025-08-22,2025-08-22 00:00:36.200,1.771765947341919,stored_original_4096x4096_pixel_percentage_not_recomputed_from_npy,train,"(512, 512)",float32
1589,1589;1590,data/processed/hmi.m_45s.2025.08.23_00_01_30_TAI.magnetogram_processed.npy,hmi.m_45s.2025.08.23_00_01_30_TAI.magnetogram_processed.npy,eccc86b72a77fd55f5393f3e2de189a50aeb6982d8b05eeb57ba6889cbe16210,2025-08-23T00:01:30,2025-08-23T00:00:53.000Z,2025-08-23,2025-08-23 00:00:36.100,1.7918944358825684,stored_original_4096x4096_pixel_percentage_not_recomputed_from_npy,train,"(512, 512)",float32
1591,1591;1592,data/processed/hmi.m_45s.2025.08.24_00_01_30_TAI.magnetogram_processed.npy,hmi.m_45s.2025.08.24_00_01_30_TAI.magnetogram_processed.npy,d9426553cbc4cd96d6b3aabbaa56adb84a43976f16dc1a086bc547cd6e9b6148,2025-08-24T00:01:30,2025-08-24T00:00:53.000Z,2025-08-24,2025-08-24 00:00:36.000,1.8582820892333984,stored_original_4096x4096_pixel_percentage_not_recomputed_from_npy,train,"(512, 512)",float32
1593,1593;1594,data/processed/hmi.m_45s.2025.08.27_00_01_30_TAI.magnetogram_processed.npy,hmi.m_45s.2025.08.27_00_01_30_TAI.magnetogram_processed.npy,7da6a87b882f6645aca3a61c2f377da1a0d8e91839ee6fb28c49f092e97a35c0,2025-08-27T00:01:30,2025-08-27T00:00:53.000Z,2025-08-27,2025-08-27 00:00:35.700,2.2195756435394287,stored_original_4096x4096_pixel_percentage_not_recomputed_from_npy,train,"(512, 512)",float32
1595,1595,data/processed/hmi.m_45s.2025.08.31_00_01_30_TAI.magnetogram_processed.npy,hmi.m_45s.2025.08.31_00_01_30_TAI.magnetogram_processed.npy,e48915abb0165029fbf7fde91c1bd176bb802baaf1bf3880abba775f424687a8,2025-08-31T00:01:30,2025-08-31T00:00:53.000Z,2025-08-31,2025-08-31 00:00:35.200,2.477240562438965,stored_original_4096x4096_pixel_percentage_not_recomputed_from_npy,selection_validation,"(512, 512)",float32
1596,1596,data/processed/hmi.m_45s.2025.09.01_00_01_30_TAI.magnetogram_processed.npy,hmi.m_45s.2025.09.01_00_01_30_TAI.magnetogram_processed.npy,6e86a09aad05087bce7d5cd3121ac26ff929a069f2920f6022fc1e32708c9898,2025-09-01T00:01:30,2025-09-01T00:00:53.000Z,2025-09-01,2025-09-01 00:00:35.100,2.4043679237365723,stored_original_4096x4096_pixel_percentage_not_recomputed_from_npy,selection_validation,"(512, 512)",float32
1597,1597,data/processed/hmi.m_45s.2025.09.02_00_01_30_TAI.magnetogram_processed.npy,hmi.m_45s.2025.09.02_00_01_30_TAI.magnetogram_processed.npy,2711b1a48d0f9840ca3e33cfbccb677bde6458a9bcb7d671b6d13e5ba97ca4f1,2025-09-02T00:01:30,2025-09-02T00:00:53.000Z,2025-09-02,2025-09-02 00:00:35.000,2.272665500640869,stored_original_4096x4096_pixel_percentage_not_recomputed_from_npy,train,"(512, 512)",float32
1598,1598,data/processed/hmi.m_45s.2025.09.04_00_01_30_TAI.magnetogram_processed.npy,hmi.m_45s.2025.09.04_00_01_30_TAI.magnetogram_processed.npy,8993089ffd5988fda4faccf01abcb6421875a057783d599a30ba9d88938fff29,2025-09-04T00:01:30,2025-09-04T00:00:53.000Z,2025-09-04,2025-09-04 00:00:34.700,2.105867862701416,stored_original_4096x4096_pixel_percentage_not_recomputed_from_npy,train,"(512, 512)",float32
1599,1599,data/processed/hmi.m_45s.2025.09.06_00_01_30_TAI.magnetogram_processed.npy,hmi.m_45s.2025.09.06_00_01_30_TAI.magnetogram_processed.npy,462020c34b6b3d1cdcf584f016866cdc4cda528229449c17cf7ae5bdc54a419a,2025-09-06T00:01:30,2025-09-06T00:00:53.000Z,2025-09-06,2025-09-06 00:00:34.500,1.9082427024841309,stored_original_4096x4096_pixel_percentage_not_recomputed_from_npy,train,"(512, 512)",float32
1600,1600,data/processed/hmi.m_45s.2025.09.09_00_01_30_TAI.magnetogram_processed.npy,hmi.m_45s.2025.09.09_00_01_30_TAI.magnetogram_processed.npy,d29daef980e6451412f4ad941b86c2421c173166a1d6c107b66a990aa6987258,2025-09-09T00:01:30,2025-09-09T00:00:53.000Z,2025-09-09,2025-09-09 00:00:34.100,1.8619120121002195,stored_original_4096x4096_pixel_percentage_not_recomputed_from_npy,train,"(512, 512)",float32
1601,1601,data/processed/hmi.m_45s.2025.09.11_00_01_30_TAI.magnetogram_processed.npy,hmi.m_45s.2025.09.11_00_01_30_TAI.magnetogram_processed.npy,bdb5a642c05d61fadaac2d85290cb30a117be6dff13ceb5ceac317a145ed89c2,2025-09-11T00:01:30,2025-09-11T00:00:53.000Z,2025-09-11,2025-09-11 00:00:33.800,1.6995787620544434,stored_original_4096x4096_pixel_percentage_not_recomputed_from_npy,train,"(512, 512)",float32
1602,1602,data/processed/hmi.m_45s.2025.09.12_00_01_30_TAI.magnetogram_processed.npy,hmi.m_45s.2025.09.12_00_01_30_TAI.magnetogram_processed.npy,44d95d6f031b526b992fe87b4edfd23724cd58ebbe16ce732bb98fbf8b94ccde,2025-09-12T00:01:30,2025-09-12T00:00:53.000Z,2025-09-12,2025-09-12 00:00:33.700,1.645028591156006,stored_original_4096x4096_pixel_percentage_not_recomputed_from_npy,train,"(512, 512)",float32
1603,1603;1604;1605,data/processed/hmi.m_45s.2025.09.13_00_01_30_TAI.magnetogram_processed.npy,hmi.m_45s.2025.09.13_00_01_30_TAI.magnetogram_processed.npy,2aa569e8eece7b50c3875283ce5d29bd73e7d3e00093d33ae07741ecb8779dc2,2025-09-13T00:01:30,2025-09-13T00:00:53.000Z,2025-09-13,2025-09-13 00:00:33.600,1.619112491607666,stored_original_4096x4096_pixel_percentage_not_recomputed_from_npy,train,"(512, 512)",float32
1606,1606,data/processed/hmi.m_45s.2025.09.14_00_01_30_TAI.magnetogram_processed.npy,hmi.m_45s.2025.09.14_00_01_30_TAI.magnetogram_processed.npy,56171e55b159062375ccb69bc0e87417aeac24eda840411e8e69dd072c8de181,2025-09-14T00:01:30,2025-09-14T00:00:53.000Z,2025-09-14,2025-09-14 00:00:33.500,1.612865924835205,stored_original_4096x4096_pixel_percentage_not_recomputed_from_npy,train,"(512, 512)",float32
1607,1607,data/processed/hmi.m_45s.2025.09.15_00_01_30_TAI.magnetogram_processed.npy,hmi.m_45s.2025.09.15_00_01_30_TAI.magnetogram_processed.npy,73fd935d124f9e43b51b19f8f5c948d76dba4997d83928df219ec5e68ace71d7,2025-09-15T00:01:30,2025-09-15T00:00:53.000Z,2025-09-15,2025-09-15 00:00:33.300,1.6733884811401367,stored_original_4096x4096_pixel_percentage_not_recomputed_from_npy,train,"(512, 512)",float32
1608,1608,data/processed/hmi.m_45s.2025.09.16_00_01_30_TAI.magnetogram_processed.npy,hmi.m_45s.2025.09.16_00_01_30_TAI.magnetogram_processed.npy,3253299b27da279d490228fd67e9ad44acfb812ac0cc3206e8c5c11bed2ff608,2025-09-16T00:01:30,2025-09-16T00:00:53.000Z,2025-09-16,2025-09-16 00:00:33.200,1.7264127731323242,stored_original_4096x4096_pixel_percentage_not_recomputed_from_npy,train,"(512, 512)",float32
1609,1609;1610,data/processed/hmi.m_45s.2025.09.18_00_01_30_TAI.magnetogram_processed.npy,hmi.m_45s.2025.09.18_00_01_30_TAI.magnetogram_processed.npy,a46c71a7fe97026556b3d8ca1e09d3df0bcb4274bc45c9148700ed6f5690f840,2025-09-18T00:01:30,2025-09-18T00:00:53.000Z,2025-09-18,2025-09-18 00:00:32.900,1.992255449295044,stored_original_4096x4096_pixel_percentage_not_recomputed_from_npy,train,"(512, 512)",float32
1611,1611,data/processed/hmi.m_45s.2025.09.26_00_01_30_TAI.magnetogram_processed.npy,hmi.m_45s.2025.09.26_00_01_30_TAI.magnetogram_processed.npy,c5c614d66482aa5a23688653daec3489881e1995194e4425277830f8b5bd3f51,2025-09-26T00:01:30,2025-09-26T00:00:53.000Z,2025-09-26,2025-09-26 00:00:31.800,2.1074533462524414,stored_original_4096x4096_pixel_percentage_not_recomputed_from_npy,train,"(512, 512)",float32
1612,1612,data/processed/hmi.m_45s.2025.09.30_00_01_30_TAI.magnetogram_processed.npy,hmi.m_45s.2025.09.30_00_01_30_TAI.magnetogram_processed.npy,43291fd2d3b0c59c2c40c8d0f93d033a8719511f3b1944182bf7e7692ee6de95,2025-09-30T00:01:30,2025-09-30T00:00:53.000Z,2025-09-30,2025-09-30 00:00:31.300,2.1161794662475586,stored_original_4096x4096_pixel_percentage_not_recomputed_from_npy,train,"(512, 512)",float32
1613,1613,data/processed/hmi.m_45s.2025.10.01_00_01_30_TAI.magnetogram_processed.npy,hmi.m_45s.2025.10.01_00_01_30_TAI.magnetogram_processed.npy,b664d39802f6e718413899e3742a7eb1c3ac93a9f3a9c12adde662e3c8cb19b1,2025-10-01T00:01:30,2025-10-01T00:00:53.000Z,2025-10-01,2025-10-01 00:00:31.100,2.1333932876586914,stored_original_4096x4096_pixel_percentage_not_recomputed_from_npy,selection_validation,"(512, 512)",float32
1614,1614;1615,data/processed/hmi.m_45s.2025.10.02_00_01_30_TAI.magnetogram_processed.npy,hmi.m_45s.2025.10.02_00_01_30_TAI.magnetogram_processed.npy,355710a9c9291464709e94a8a85dfaf7a330deb446a1baf5c86c24423541164b,2025-10-02T00:01:30,2025-10-02T00:00:53.000Z,2025-10-02,2025-10-02 00:00:31.000,2.1381497383117676,stored_original_4096x4096_pixel_percentage_not_recomputed_from_npy,train,"(512, 512)",float32
1616,1616,data/processed/hmi.m_45s.2025.10.03_00_01_30_TAI.magnetogram_processed.npy,hmi.m_45s.2025.10.03_00_01_30_TAI.magnetogram_processed.npy,f93038352d6e09e03693288f57decf1fb9d224bc8319667dbc49eeebecb6e267,2025-10-03T00:01:30,2025-10-03T00:00:53.000Z,2025-10-03,2025-10-03 00:00:30.800,2.103346586227417,stored_original_4096x4096_pixel_percentage_not_recomputed_from_npy,train,"(512, 512)",float32
1617,1617,data/processed/hmi.m_45s.2025.10.04_00_01_30_TAI.magnetogram_processed.npy,hmi.m_45s.2025.10.04_00_01_30_TAI.magnetogram_processed.npy,b0e8095ae3ceac01fc1e50db9c04ef833cb0307d886d7030e44784b72da29769,2025-10-04T00:01:30,2025-10-04T00:00:53.000Z,2025-10-04,2025-10-04 00:00:30.700,2.144753932952881,stored_original_4096x4096_pixel_percentage_not_recomputed_from_npy,train,"(512, 512)",float32
1618,1618,data/processed/hmi.m_45s.2025.10.07_00_01_30_TAI.magnetogram_processed.npy,hmi.m_45s.2025.10.07_00_01_30_TAI.magnetogram_processed.npy,1f0264a44363e58a1a0bb02112cdf7a41e270726198f37fa23505555b30c5d45,2025-10-07T00:01:30,2025-10-07T00:00:53.000Z,2025-10-07,2025-10-07 00:00:30.200,2.0800650119781494,stored_original_4096x4096_pixel_percentage_not_recomputed_from_npy,train,"(512, 512)",float32
1619,1619,data/processed/hmi.m_45s.2025.10.09_00_01_30_TAI.magnetogram_processed.npy,hmi.m_45s.2025.10.09_00_01_30_TAI.magnetogram_processed.npy,4a666db617fd8b50e0094ca00f8e081bc94603d165d28638b58d4460bc3a1232,2025-10-09T00:01:30,2025-10-09T00:00:53.000Z,2025-10-09,2025-10-09 00:00:30.000,1.6171813011169434,stored_original_4096x4096_pixel_percentage_not_recomputed_from_npy,train,"(512, 512)",float32
1620,1620,data/processed/hmi.m_45s.2025.10.11_00_01_30_TAI.magnetogram_processed.npy,hmi.m_45s.2025.10.11_00_01_30_TAI.magnetogram_processed.npy,891aa31068e53c304ecd07b78b9384912eeb762b502fb110b57dc292fbeaef0c,2025-10-11T00:01:30,2025-10-11T00:00:53.000Z,2025-10-11,2025-10-11 00:00:29.700,1.5804648399353027,stored_original_4096x4096_pixel_percentage_not_recomputed_from_npy,train,"(512, 512)",float32
1621,1621;1622,data/processed/hmi.m_45s.2025.10.12_00_01_30_TAI.magnetogram_processed.npy,hmi.m_45s.2025.10.12_00_01_30_TAI.magnetogram_processed.npy,68ef178411dff541369085211dd77fad457394d05b60b8d7c3ed2874b4355b5e,2025-10-12T00:01:30,2025-10-12T00:00:53.000Z,2025-10-12,2025-10-12 00:00:29.500,1.6527950763702393,stored_original_4096x4096_pixel_percentage_not_recomputed_from_npy,train,"(512, 512)",float32
1623,1623;1624,data/processed/hmi.m_45s.2025.10.14_00_01_30_TAI.magnetogram_processed.npy,hmi.m_45s.2025.10.14_00_01_30_TAI.magnetogram_processed.npy,70d4201c4ef92a4d159627eddd930749ce2810219264b0a106124118588bfa30,2025-10-14T00:01:30,2025-10-14T00:00:53.000Z,2025-10-14,2025-10-14 00:00:29.300,2.029174566268921,stored_original_4096x4096_pixel_percentage_not_recomputed_from_npy,train,"(512, 512)",float32
1625,1625,data/processed/hmi.m_45s.2025.10.15_00_01_30_TAI.magnetogram_processed.npy,hmi.m_45s.2025.10.15_00_01_30_TAI.magnetogram_processed.npy,42af2f2869e9a8fa0d657e16e5567fffe20875ed820dc5b6e9d97caf91b0560e,2025-10-15T00:01:30,2025-10-15T00:00:53.000Z,2025-10-15,2025-10-15 00:00:29.100,2.095085382461548,stored_original_4096x4096_pixel_percentage_not_recomputed_from_npy,selection_validation,"(512, 512)",float32
1626,1626;1627,data/processed/hmi.m_45s.2025.10.16_00_01_30_TAI.magnetogram_processed.npy,hmi.m_45s.2025.10.16_00_01_30_TAI.magnetogram_processed.npy,94e02a165bf798a223cb78db5b2788cfe68dff1dd5738c207ca68951758b3178,2025-10-16T00:01:30,2025-10-16T00:00:53.000Z,2025-10-16,2025-10-16 00:00:29.000,2.0219147205352783,stored_original_4096x4096_pixel_percentage_not_recomputed_from_npy,train,"(512, 512)",float32
1628,1628,data/processed/hmi.m_45s.2025.10.17_00_01_30_TAI.magnetogram_processed.npy,hmi.m_45s.2025.10.17_00_01_30_TAI.magnetogram_processed.npy,7b1d1b4d2799d0ab8c2b65c8a4e865eeb5fae4ccd7cc8e7530c6964c7675a4bb,2025-10-17T00:01:30,2025-10-17T00:00:53.000Z,2025-10-17,2025-10-17 00:00:28.800,1.9766390323638916,stored_original_4096x4096_pixel_percentage_not_recomputed_from_npy,selection_validation,"(512, 512)",float32
1629,1629;1630,data/processed/hmi.m_45s.2025.10.18_00_01_30_TAI.magnetogram_processed.npy,hmi.m_45s.2025.10.18_00_01_30_TAI.magnetogram_processed.npy,646f8f48f17b2dd57357f20c4808fe596da2e7f5823eed09f9d01f6f42512a75,2025-10-18T00:01:30,2025-10-18T00:00:53.000Z,2025-10-18,2025-10-18 00:00:28.700,1.8529415130615232,stored_original_4096x4096_pixel_percentage_not_recomputed_from_npy,train,"(512, 512)",float32
1631,1631,data/processed/hmi.m_45s.2025.10.20_00_01_30_TAI.magnetogram_processed.npy,hmi.m_45s.2025.10.20_00_01_30_TAI.magnetogram_processed.npy,482fc6907803a8f38e0664c566e8054cc6b736cb773bec7be7d47e7c6da3df3e,2025-10-20T00:01:30,2025-10-20T00:00:53.000Z,2025-10-20,2025-10-20 00:00:28.400,1.7716646194458008,stored_original_4096x4096_pixel_percentage_not_recomputed_from_npy,train,"(512, 512)",float32
1632,1632;1633,data/processed/hmi.m_45s.2025.10.22_00_01_30_TAI.magnetogram_processed.npy,hmi.m_45s.2025.10.22_00_01_30_TAI.magnetogram_processed.npy,265eb0b87fa975325e95935a3182344071935e39420f24cd851ac155e2170c5c,2025-10-22T00:01:30,2025-10-22T00:00:53.000Z,2025-10-22,2025-10-22 00:00:28.100,1.765376329421997,stored_original_4096x4096_pixel_percentage_not_recomputed_from_npy,selection_validation,"(512, 512)",float32
1634,1634;1635,data/processed/hmi.m_45s.2025.10.23_00_01_30_TAI.magnetogram_processed.npy,hmi.m_45s.2025.10.23_00_01_30_TAI.magnetogram_processed.npy,b34402ac7860bc8a525e9399c928e13a31edbacf5037d2fe89181f7d54fda315,2025-10-23T00:01:30,2025-10-23T00:00:53.000Z,2025-10-23,2025-10-23 00:00:28.000,1.810657978057861,stored_original_4096x4096_pixel_percentage_not_recomputed_from_npy,train,"(512, 512)",float32
1636,1636;1637,data/processed/hmi.m_45s.2025.10.27_00_01_30_TAI.magnetogram_processed.npy,hmi.m_45s.2025.10.27_00_01_30_TAI.magnetogram_processed.npy,937b6059502b97153ae7a634f67180f10e5b36fb73aa2d84675bb0305d35b415,2025-10-27T00:01:30,2025-10-27T00:00:53.000Z,2025-10-27,2025-10-27 00:00:27.500,1.817035675048828,stored_original_4096x4096_pixel_percentage_not_recomputed_from_npy,train,"(512, 512)",float32
1638,1638;1639,data/processed/hmi.m_45s.2025.10.28_00_01_30_TAI.magnetogram_processed.npy,hmi.m_45s.2025.10.28_00_01_30_TAI.magnetogram_processed.npy,72be1c11f83089a3238ec4cdd24bc7e1651e1123beecec351b7a693c5108f84a,2025-10-28T00:01:30,2025-10-28T00:00:53.000Z,2025-10-28,2025-10-28 00:00:27.300,1.8045306205749512,stored_original_4096x4096_pixel_percentage_not_recomputed_from_npy,train,"(512, 512)",float32
1640,1640;1641;1642,data/processed/hmi.m_45s.2025.10.29_00_01_30_TAI.magnetogram_processed.npy,hmi.m_45s.2025.10.29_00_01_30_TAI.magnetogram_processed.npy,ac2647479e2000db77951bbba31d20496ab8bf4370d832f2b898e6ef31c44f6c,2025-10-29T00:01:30,2025-10-29T00:00:53.000Z,2025-10-29,2025-10-29 00:00:27.200,1.789480447769165,stored_original_4096x4096_pixel_percentage_not_recomputed_from_npy,train,"(512, 512)",float32
1643,1643,data/processed/hmi.m_45s.2025.11.03_00_01_30_TAI.magnetogram_processed.npy,hmi.m_45s.2025.11.03_00_01_30_TAI.magnetogram_processed.npy,1bfa6bccfbda1aa91b80b4f5ed2390beb5f64cd18cdff0d2bcf0075fddb812df,2025-11-03T00:01:30,2025-11-03T00:00:53.000Z,2025-11-03,2025-11-03 00:00:26.500,1.6603350639343262,stored_original_4096x4096_pixel_percentage_not_recomputed_from_npy,train,"(512, 512)",float32
1644,1644,data/processed/hmi.m_45s.2025.11.05_00_01_30_TAI.magnetogram_processed.npy,hmi.m_45s.2025.11.05_00_01_30_TAI.magnetogram_processed.npy,4353e05f1d53cbb191faecf55d644dfa2bc25230e73ecfbb35535bb6e2000efa,2025-11-05T00:01:30,2025-11-05T00:00:53.000Z,2025-11-05,2025-11-05 00:00:26.300,1.707613468170166,stored_original_4096x4096_pixel_percentage_not_recomputed_from_npy,train,"(512, 512)",float32
1645,1645;1646;1647,data/processed/hmi.m_45s.2025.11.08_00_01_30_TAI.magnetogram_processed.npy,hmi.m_45s.2025.11.08_00_01_30_TAI.magnetogram_processed.npy,207e33861abed69a3b6fd81d2c512042b3f49b0ae1fd878578e1eab94101b355,2025-11-08T00:01:30,2025-11-08T00:00:53.000Z,2025-11-08,2025-11-08 00:00:25.900,2.053314447402954,stored_original_4096x4096_pixel_percentage_not_recomputed_from_npy,selection_validation,"(512, 512)",float32
1648,1648,data/processed/hmi.m_45s.2025.11.12_00_01_30_TAI.magnetogram_processed.npy,hmi.m_45s.2025.11.12_00_01_30_TAI.magnetogram_processed.npy,8a91e279ff31b4b7e2532e6da4db678249ffc0c9cfc3dc00fb4412a908ba01c8,2025-11-12T00:01:30,2025-11-12T00:00:53.000Z,2025-11-12,2025-11-12 00:00:25.400,2.4547457695007324,stored_original_4096x4096_pixel_percentage_not_recomputed_from_npy,train,"(512, 512)",float32
1649,1649,data/processed/hmi.m_45s.2025.11.13_00_01_30_TAI.magnetogram_processed.npy,hmi.m_45s.2025.11.13_00_01_30_TAI.magnetogram_processed.npy,b07e84410cec78d9796363d401e42c48c9c141530c62876e0c936f1efc3c1559,2025-11-13T00:01:30,2025-11-13T00:00:53.000Z,2025-11-13,2025-11-13 00:00:25.300,2.0961523056030273,stored_original_4096x4096_pixel_percentage_not_recomputed_from_npy,train,"(512, 512)",float32
1650,1650,data/processed/hmi.m_45s.2025.11.14_00_01_30_TAI.magnetogram_processed.npy,hmi.m_45s.2025.11.14_00_01_30_TAI.magnetogram_processed.npy,ae60b4251a3c9e19a1964e7edd076413ac3fbea7672b2bd6670846243bb7388b,2025-11-14T00:01:30,2025-11-14T00:00:53.000Z,2025-11-14,2025-11-14 00:00:25.200,2.001500129699707,stored_original_4096x4096_pixel_percentage_not_recomputed_from_npy,train,"(512, 512)",float32
1651,1651,data/processed/hmi.m_45s.2025.11.16_00_01_30_TAI.magnetogram_processed.npy,hmi.m_45s.2025.11.16_00_01_30_TAI.magnetogram_processed.npy,a6206834dc0ad8100b7fdf11ca413c721c031c48591dcfd1e8218219cc7b745f,2025-11-16T00:01:30,2025-11-16T00:00:53.000Z,2025-11-16,2025-11-16 00:00:25.000,1.687532663345337,stored_original_4096x4096_pixel_percentage_not_recomputed_from_npy,train,"(512, 512)",float32
1652,1652,data/processed/hmi.m_45s.2025.11.17_00_01_30_TAI.magnetogram_processed.npy,hmi.m_45s.2025.11.17_00_01_30_TAI.magnetogram_processed.npy,35fe05bd3bb51825f143e275313f0e12efbe26ad34ee77fadf9eecfdb408fcea,2025-11-17T00:01:30,2025-11-17T00:00:53.000Z,2025-11-17,2025-11-17 00:00:24.900,1.6885459423065186,stored_original_4096x4096_pixel_percentage_not_recomputed_from_npy,train,"(512, 512)",float32
1653,1653,data/processed/hmi.m_45s.2025.11.18_00_01_30_TAI.magnetogram_processed.npy,hmi.m_45s.2025.11.18_00_01_30_TAI.magnetogram_processed.npy,8d60a8c53e90e665a0e303c9c47c23ada084f43d4cc81e715e9fd79a765bac9b,2025-11-18T00:01:30,2025-11-18T00:00:53.000Z,2025-11-18,2025-11-18 00:00:24.800,1.709526777267456,stored_original_4096x4096_pixel_percentage_not_recomputed_from_npy,train,"(512, 512)",float32
1654,1654;1655,data/processed/hmi.m_45s.2025.11.19_00_01_30_TAI.magnetogram_processed.npy,hmi.m_45s.2025.11.19_00_01_30_TAI.magnetogram_processed.npy,a3d420fef1972a0871a361c8088855550fff652b3fe457d2a44f64395efca1f4,2025-11-19T00:01:30,2025-11-19T00:00:53.000Z,2025-11-19,2025-11-19 00:00:24.700,1.690751314163208,stored_original_4096x4096_pixel_percentage_not_recomputed_from_npy,selection_validation,"(512, 512)",float32
1656,1656;1657,data/processed/hmi.m_45s.2025.11.22_00_01_30_TAI.magnetogram_processed.npy,hmi.m_45s.2025.11.22_00_01_30_TAI.magnetogram_processed.npy,8b16576b898ea0c2df8590b349248843be08f7d69825563e527409e369ec1d66,2025-11-22T00:01:30,2025-11-22T00:00:53.000Z,2025-11-22,2025-11-22 00:00:24.400,1.6539275646209717,stored_original_4096x4096_pixel_percentage_not_recomputed_from_npy,train,"(512, 512)",float32
1658,1658,data/processed/hmi.m_45s.2025.11.23_00_01_30_TAI.magnetogram_processed.npy,hmi.m_45s.2025.11.23_00_01_30_TAI.magnetogram_processed.npy,4e0a45414b8656143510c257858d5d82d255f909e36b680ca360ebee9b39dd72,2025-11-23T00:01:30,2025-11-23T00:00:53.000Z,2025-11-23,2025-11-23 00:00:24.300,1.6705870628356934,stored_original_4096x4096_pixel_percentage_not_recomputed_from_npy,train,"(512, 512)",float32
1659,1659,data/processed/hmi.m_45s.2025.11.25_00_01_30_TAI.magnetogram_processed.npy,hmi.m_45s.2025.11.25_00_01_30_TAI.magnetogram_processed.npy,dda083704dd2975904231b20848b52dca2909e9de6b169077b39722d55daac31,2025-11-25T00:01:30,2025-11-25T00:00:53.000Z,2025-11-25,2025-11-25 00:00:24.100,1.79595947265625,stored_original_4096x4096_pixel_percentage_not_recomputed_from_npy,train,"(512, 512)",float32
1660,1660;1661;1662,data/processed/hmi.m_45s.2025.11.26_00_01_30_TAI.magnetogram_processed.npy,hmi.m_45s.2025.11.26_00_01_30_TAI.magnetogram_processed.npy,c084462945b23b0667f93f6b67a3ea9cc5b505f5ba3a5e692108c72533f9d38e,2025-11-26T00:01:30,2025-11-26T00:00:53.000Z,2025-11-26,2025-11-26 00:00:24.000,1.8230974674224856,stored_original_4096x4096_pixel_percentage_not_recomputed_from_npy,train,"(512, 512)",float32
1663,1663,data/processed/hmi.m_45s.2025.11.27_00_01_30_TAI.magnetogram_processed.npy,hmi.m_45s.2025.11.27_00_01_30_TAI.magnetogram_processed.npy,0bf4b99ee830d601e7e9ca3145ce2bfc4378d8fd4e4c10de64e0d555b5eb20fc,2025-11-27T00:01:30,2025-11-27T00:00:53.000Z,2025-11-27,2025-11-27 00:00:23.900,1.856106519699097,stored_original_4096x4096_pixel_percentage_not_recomputed_from_npy,train,"(512, 512)",float32
1664,1664,data/processed/hmi.m_45s.2025.11.30_00_01_30_TAI.magnetogram_processed.npy,hmi.m_45s.2025.11.30_00_01_30_TAI.magnetogram_processed.npy,d6702467499d59b16b23ef9e1198b9541a12274105672c72b886c1bdf84da8cc,2025-11-30T00:01:30,2025-11-30T00:00:53.000Z,2025-11-30,2025-11-30 00:00:23.600,1.8314242362976072,stored_original_4096x4096_pixel_percentage_not_recomputed_from_npy,train,"(512, 512)",float32
1665,1665,data/processed/hmi.m_45s.2025.12.02_00_01_30_TAI.magnetogram_processed.npy,hmi.m_45s.2025.12.02_00_01_30_TAI.magnetogram_processed.npy,72e4784231f0340bddb03f27ccbc81911d6cd23bcc9c15398dc271da41c8e24e,2025-12-02T00:01:30,2025-12-02T00:00:53.000Z,2025-12-02,2025-12-02 00:00:23.400,2.0451784133911133,stored_original_4096x4096_pixel_percentage_not_recomputed_from_npy,train,"(512, 512)",float32
1666,1666,data/processed/hmi.m_45s.2025.12.03_00_01_30_TAI.magnetogram_processed.npy,hmi.m_45s.2025.12.03_00_01_30_TAI.magnetogram_processed.npy,70d0b563358b103e07f1e9618c158e007dc95ed7ff7891d091311d0f69e034e4,2025-12-03T00:01:30,2025-12-03T00:00:53.000Z,2025-12-03,2025-12-03 00:00:23.400,2.1337270736694336,stored_original_4096x4096_pixel_percentage_not_recomputed_from_npy,selection_validation,"(512, 512)",float32
1667,1667,data/processed/hmi.m_45s.2025.12.05_00_01_30_TAI.magnetogram_processed.npy,hmi.m_45s.2025.12.05_00_01_30_TAI.magnetogram_processed.npy,c52182d1af05fd5b25078e0dd4e3a55967db2c0aba1174440ec96c2fae21df56,2025-12-05T00:01:30,2025-12-05T00:00:53.000Z,2025-12-05,2025-12-05 00:00:23.200,2.3670494556427,stored_original_4096x4096_pixel_percentage_not_recomputed_from_npy,train,"(512, 512)",float32
1668,1668;1669,data/processed/hmi.m_45s.2025.12.06_00_01_30_TAI.magnetogram_processed.npy,hmi.m_45s.2025.12.06_00_01_30_TAI.magnetogram_processed.npy,8f12029eb8f0b480b9c803feeea6dcf1bf44e03b6f132c4320ca6b259979e363,2025-12-06T00:01:30,2025-12-06T00:00:53.000Z,2025-12-06,2025-12-06 00:00:23.100,2.4016380310058594,stored_original_4096x4096_pixel_percentage_not_recomputed_from_npy,train,"(512, 512)",float32
1670,1670,data/processed/hmi.m_45s.2025.12.08_00_01_30_TAI.magnetogram_processed.npy,hmi.m_45s.2025.12.08_00_01_30_TAI.magnetogram_processed.npy,cb62b1a79d8ede080ac3d51c785fae229b8bdda6cc38fd4c61c282cefd909b26,2025-12-08T00:01:30,2025-12-08T00:00:53.000Z,2025-12-08,2025-12-08 00:00:23.000,2.3294925689697266,stored_original_4096x4096_pixel_percentage_not_recomputed_from_npy,train,"(512, 512)",float32
1671,1671;1672,data/processed/hmi.m_45s.2025.12.09_00_01_30_TAI.magnetogram_processed.npy,hmi.m_45s.2025.12.09_00_01_30_TAI.magnetogram_processed.npy,81964bc8b817a2c71a7608d22dc7b31f87349af6fa34f62cd343b84c187ffa8a,2025-12-09T00:01:30,2025-12-09T00:00:53.000Z,2025-12-09,2025-12-09 00:00:22.900,2.220749855041504,stored_original_4096x4096_pixel_percentage_not_recomputed_from_npy,train,"(512, 512)",float32
1673,1673,data/processed/hmi.m_45s.2025.12.11_00_01_30_TAI.magnetogram_processed.npy,hmi.m_45s.2025.12.11_00_01_30_TAI.magnetogram_processed.npy,b8be63c9819cbd1c7314d87863aaabf163a5456ab7244463a836d03d9096c10e,2025-12-11T00:01:30,2025-12-11T00:00:53.000Z,2025-12-11,2025-12-11 00:00:22.800,1.925039291381836,stored_original_4096x4096_pixel_percentage_not_recomputed_from_npy,train,"(512, 512)",float32
1674,1674,data/processed/hmi.m_45s.2025.12.12_00_01_30_TAI.magnetogram_processed.npy,hmi.m_45s.2025.12.12_00_01_30_TAI.magnetogram_processed.npy,09839b4dd7c7363258d285dc47b59af4e35c5fd879256b8b60db9f8467cbf63f,2025-12-12T00:01:30,2025-12-12T00:00:53.000Z,2025-12-12,2025-12-12 00:00:22.800,1.7961323261260986,stored_original_4096x4096_pixel_percentage_not_recomputed_from_npy,train,"(512, 512)",float32
1675,1675;1676,data/processed/hmi.m_45s.2025.12.13_00_01_30_TAI.magnetogram_processed.npy,hmi.m_45s.2025.12.13_00_01_30_TAI.magnetogram_processed.npy,ee0b8cb6487aa3b211dd92935d9a19f3d706da994a2ed80dd867254ed0bb5c40,2025-12-13T00:01:30,2025-12-13T00:00:53.000Z,2025-12-13,2025-12-13 00:00:22.700,1.7235636711120603,stored_original_4096x4096_pixel_percentage_not_recomputed_from_npy,selection_validation,"(512, 512)",float32
1677,1677,data/processed/hmi.m_45s.2025.12.14_00_01_30_TAI.magnetogram_processed.npy,hmi.m_45s.2025.12.14_00_01_30_TAI.magnetogram_processed.npy,cead9ad9781d0f23ae0ee6ad33bdfceb00bd9ba69ba5f1a79c8bcd47d8a1ccda,2025-12-14T00:01:30,2025-12-14T00:00:53.000Z,2025-12-14,2025-12-14 00:00:22.700,1.7032742500305176,stored_original_4096x4096_pixel_percentage_not_recomputed_from_npy,train,"(512, 512)",float32
1678,1678;1679,data/processed/hmi.m_45s.2025.12.15_00_01_30_TAI.magnetogram_processed.npy,hmi.m_45s.2025.12.15_00_01_30_TAI.magnetogram_processed.npy,e2c364ef6341ba795b906565e495130fb781896937908c06e43908bce05c252c,2025-12-15T00:01:30,2025-12-15T00:00:53.000Z,2025-12-15,2025-12-15 00:00:22.600,1.7169952392578125,stored_original_4096x4096_pixel_percentage_not_recomputed_from_npy,selection_validation,"(512, 512)",float32
1680,1680,data/processed/hmi.m_45s.2025.12.17_00_01_30_TAI.magnetogram_processed.npy,hmi.m_45s.2025.12.17_00_01_30_TAI.magnetogram_processed.npy,cf1ccec348d98fbffe949cdf86e33be6a598d0b4a1812c193f165904458f9eb9,2025-12-17T00:01:30,2025-12-17T00:00:53.000Z,2025-12-17,2025-12-17 00:00:22.500,1.691824197769165,stored_original_4096x4096_pixel_percentage_not_recomputed_from_npy,train,"(512, 512)",float32
1681,1681;1682;1683,data/processed/hmi.m_45s.2025.12.20_00_01_30_TAI.magnetogram_processed.npy,hmi.m_45s.2025.12.20_00_01_30_TAI.magnetogram_processed.npy,ffbd0c621f0ab074f13909638dfd65407e679a7f54aba1a9c8f45c94cfacef75,2025-12-20T00:01:30,2025-12-20T00:00:53.000Z,2025-12-20,2025-12-20 00:00:22.400,1.7242074012756348,stored_original_4096x4096_pixel_percentage_not_recomputed_from_npy,train,"(512, 512)",float32
1684,1684,data/processed/hmi.m_45s.2025.12.26_00_01_30_TAI.magnetogram_processed.npy,hmi.m_45s.2025.12.26_00_01_30_TAI.magnetogram_processed.npy,181f1120fcf4f3ced51fc118e4c7b829307198beaaffd49a22da8769d0b4b0b6,2025-12-26T00:01:30,2025-12-26T00:00:53.000Z,2025-12-26,2025-12-26 00:00:22.200,2.156507968902588,stored_original_4096x4096_pixel_percentage_not_recomputed_from_npy,train,"(512, 512)",float32
1685,1685,data/processed/hmi.m_45s.2025.12.27_00_01_30_TAI.magnetogram_processed.npy,hmi.m_45s.2025.12.27_00_01_30_TAI.magnetogram_processed.npy,296cdd61e27c07034f175ba66603d747575ac83c631ba54a6a8361c9b24ffb6b,2025-12-27T00:01:30,2025-12-27T00:00:53.000Z,2025-12-27,2025-12-27 00:00:22.200,2.164971828460694,stored_original_4096x4096_pixel_percentage_not_recomputed_from_npy,selection_validation,"(512, 512)",float32
1686,1686,data/processed/hmi.m_45s.2026.01.02_00_01_30_TAI.magnetogram_processed.npy,hmi.m_45s.2026.01.02_00_01_30_TAI.magnetogram_processed.npy,6afe426947dd4a66b803e6736fe7d51f8a4bd68e99dd4c03676964d2fd4be8f4,2026-01-02T00:01:30,2026-01-02T00:00:53.000Z,2026-01-02,2026-01-02 00:00:22.100,2.324962615966797,stored_original_4096x4096_pixel_percentage_not_recomputed_from_npy,train,"(512, 512)",float32
1687,1687,data/processed/hmi.m_45s.2026.01.05_00_01_30_TAI.magnetogram_processed.npy,hmi.m_45s.2026.01.05_00_01_30_TAI.magnetogram_processed.npy,f2df6778d5f1749f171ed613b064f5a1888e28ee38f21ca4631f9c715a40a40d,2026-01-05T00:01:30,2026-01-05T00:00:53.000Z,2026-01-05,2026-01-05 00:00:22.100,2.136737108230591,stored_original_4096x4096_pixel_percentage_not_recomputed_from_npy,train,"(512, 512)",float32
1688,1688,data/processed/hmi.m_45s.2026.01.07_00_01_30_TAI.magnetogram_processed.npy,hmi.m_45s.2026.01.07_00_01_30_TAI.magnetogram_processed.npy,300bd44ddd061178e53653dace6ebfafe70f3c3aff8ce776f9bc74034eeac23c,2026-01-07T00:01:30,2026-01-07T00:00:53.000Z,2026-01-07,2026-01-07 00:00:22.100,1.9514381885528564,stored_original_4096x4096_pixel_percentage_not_recomputed_from_npy,train,"(512, 512)",float32
1689,1689;1690,data/processed/hmi.m_45s.2026.01.12_00_01_30_TAI.magnetogram_processed.npy,hmi.m_45s.2026.01.12_00_01_30_TAI.magnetogram_processed.npy,14e60ac0217cceaaa28aceeba08fa4247345d3003055106ec34fc1a75cebbdcc,2026-01-12T00:01:30,2026-01-12T00:00:53.000Z,2026-01-12,2026-01-12 00:00:22.200,1.8329620361328125,stored_original_4096x4096_pixel_percentage_not_recomputed_from_npy,selection_validation,"(512, 512)",float32
1691,1691;1692,data/processed/hmi.m_45s.2026.01.14_00_01_30_TAI.magnetogram_processed.npy,hmi.m_45s.2026.01.14_00_01_30_TAI.magnetogram_processed.npy,b70c3d47008cc5ab58e86d7600bf0ff80c05cff108030abe30eb7b7a73a97c33,2026-01-14T00:01:30,2026-01-14T00:00:53.000Z,2026-01-14,2026-01-14 00:00:22.300,1.8279075622558592,stored_original_4096x4096_pixel_percentage_not_recomputed_from_npy,train,"(512, 512)",float32
1693,1693,data/processed/hmi.m_45s.2026.01.16_00_01_30_TAI.magnetogram_processed.npy,hmi.m_45s.2026.01.16_00_01_30_TAI.magnetogram_processed.npy,0eb1106197ac60357442ade5bd2c5f38ecd959d63c1b1ced32d5cef4cca15fa5,2026-01-16T00:01:30,2026-01-16T00:00:53.000Z,2026-01-16,2026-01-16 00:00:22.300,1.985979080200195,stored_original_4096x4096_pixel_percentage_not_recomputed_from_npy,train,"(512, 512)",float32
1694,1694,data/processed/hmi.m_45s.2026.01.17_00_01_30_TAI.magnetogram_processed.npy,hmi.m_45s.2026.01.17_00_01_30_TAI.magnetogram_processed.npy,e6cbde552e10c534f523c1363361934f536df1a21f2d3988f993f5442ad9df13,2026-01-17T00:01:30,2026-01-17T00:00:53.000Z,2026-01-17,2026-01-17 00:00:22.400,2.069222927093506,stored_original_4096x4096_pixel_percentage_not_recomputed_from_npy,train,"(512, 512)",float32
1695,1695;1696,data/processed/hmi.m_45s.2026.01.18_00_01_30_TAI.magnetogram_processed.npy,hmi.m_45s.2026.01.18_00_01_30_TAI.magnetogram_processed.npy,7855abbde9e98ce6299683337f6a41b700fe1fe40e469d4cc706ddbe1b4febba,2026-01-18T00:01:30,2026-01-18T00:00:53.000Z,2026-01-18,2026-01-18 00:00:22.400,2.140963077545166,stored_original_4096x4096_pixel_percentage_not_recomputed_from_npy,train,"(512, 512)",float32
1697,1697,data/processed/hmi.m_45s.2026.01.21_00_01_30_TAI.magnetogram_processed.npy,hmi.m_45s.2026.01.21_00_01_30_TAI.magnetogram_processed.npy,446eabeff31ba350153d5e85154b18c79281e238c7dce16c020d372075da2eda,2026-01-21T00:01:30,2026-01-21T00:00:53.000Z,2026-01-21,2026-01-21 00:00:22.500,2.3309171199798584,stored_original_4096x4096_pixel_percentage_not_recomputed_from_npy,selection_validation,"(512, 512)",float32
1698,1698,data/processed/hmi.m_45s.2026.01.22_00_01_30_TAI.magnetogram_processed.npy,hmi.m_45s.2026.01.22_00_01_30_TAI.magnetogram_processed.npy,e15f1eab8b3a8688a9bd4e5d10446cdae765a3a93439cf3ccbdcd018fd50b965,2026-01-22T00:01:30,2026-01-22T00:00:53.000Z,2026-01-22,2026-01-22 00:00:22.600,2.3463666439056396,stored_original_4096x4096_pixel_percentage_not_recomputed_from_npy,train,"(512, 512)",float32
1699,1699,data/processed/hmi.m_45s.2026.01.25_00_01_30_TAI.magnetogram_processed.npy,hmi.m_45s.2026.01.25_00_01_30_TAI.magnetogram_processed.npy,fdbc59766aefa2dc63d4edcdf9560b05763377d94e48717bf2868ea2d7ee3d9f,2026-01-25T00:01:30,2026-01-25T00:00:53.000Z,2026-01-25,2026-01-25 00:00:22.700,2.314382791519165,stored_original_4096x4096_pixel_percentage_not_recomputed_from_npy,train,"(512, 512)",float32
1700,1700;1701,data/processed/hmi.m_45s.2026.01.26_00_01_30_TAI.magnetogram_processed.npy,hmi.m_45s.2026.01.26_00_01_30_TAI.magnetogram_processed.npy,c85be24d7b3be8a9589f01850cf2867363f1521b0793cc3d1577159b038a585c,2026-01-26T00:01:30,2026-01-26T00:00:53.000Z,2026-01-26,2026-01-26 00:00:22.800,2.256447076797486,stored_original_4096x4096_pixel_percentage_not_recomputed_from_npy,selection_validation,"(512, 512)",float32
1702,1702,data/processed/hmi.m_45s.2026.01.29_00_01_30_TAI.magnetogram_processed.npy,hmi.m_45s.2026.01.29_00_01_30_TAI.magnetogram_processed.npy,93f5105175bd9c5d511645b93aaeb92d32c8cf5907ca93fd3a91b8b69c76cc17,2026-01-29T00:01:30,2026-01-29T00:00:53.000Z,2026-01-29,2026-01-29 00:00:22.900,2.1375954151153564,stored_original_4096x4096_pixel_percentage_not_recomputed_from_npy,train,"(512, 512)",float32
1703,1703;1704,data/processed/hmi.m_45s.2026.02.01_00_01_30_TAI.magnetogram_processed.npy,hmi.m_45s.2026.02.01_00_01_30_TAI.magnetogram_processed.npy,0092988332ddbb3e5addd1b135de17cbb2ab7604fc61f6bccd6e54950d6b3da4,2026-02-01T00:01:30,2026-02-01T00:00:53.000Z,2026-02-01,2026-02-01 00:00:23.100,2.1810293197631836,stored_original_4096x4096_pixel_percentage_not_recomputed_from_npy,train,"(512, 512)",float32
1705,1705,data/processed/hmi.m_45s.2026.02.02_00_01_30_TAI.magnetogram_processed.npy,hmi.m_45s.2026.02.02_00_01_30_TAI.magnetogram_processed.npy,f6905822756af503c5e04ca224f611e64a8269b329ea5af9232876f345eef606,2026-02-02T00:01:30,2026-02-02T00:00:53.000Z,2026-02-02,2026-02-02 00:00:23.200,2.125990390777588,stored_original_4096x4096_pixel_percentage_not_recomputed_from_npy,train,"(512, 512)",float32
1706,1706,data/processed/hmi.m_45s.2026.02.05_00_01_30_TAI.magnetogram_processed.npy,hmi.m_45s.2026.02.05_00_01_30_TAI.magnetogram_processed.npy,84afd94da432e0be7fd924b1b667492935d0ade30fc9b616d9a8a3b856fe3708,2026-02-05T00:01:30,2026-02-05T00:00:53.000Z,2026-02-05,2026-02-05 00:00:23.400,2.268451452255249,stored_original_4096x4096_pixel_percentage_not_recomputed_from_npy,train,"(512, 512)",float32
1707,1707,data/processed/hmi.m_45s.2026.02.06_00_01_30_TAI.magnetogram_processed.npy,hmi.m_45s.2026.02.06_00_01_30_TAI.magnetogram_processed.npy,c38ec9f3249c326882b7762c9f7ac1257c5cd486d2f0ea619076dd39ca591410,2026-02-06T00:01:30,2026-02-06T00:00:53.000Z,2026-02-06,2026-02-06 00:00:23.500,2.2956371307373047,stored_original_4096x4096_pixel_percentage_not_recomputed_from_npy,train,"(512, 512)",float32
1708,1708,data/processed/hmi.m_45s.2026.02.09_00_01_30_TAI.magnetogram_processed.npy,hmi.m_45s.2026.02.09_00_01_30_TAI.magnetogram_processed.npy,b0062d3c531d571e2270799d2f85aae063918112219cd784a17cb040fc5e664d,2026-02-09T00:01:30,2026-02-09T00:00:53.000Z,2026-02-09,2026-02-09 00:00:23.800,2.193516492843628,stored_original_4096x4096_pixel_percentage_not_recomputed_from_npy,train,"(512, 512)",float32
1709,1709,data/processed/hmi.m_45s.2026.02.11_00_01_30_TAI.magnetogram_processed.npy,hmi.m_45s.2026.02.11_00_01_30_TAI.magnetogram_processed.npy,ff5ea511964532a0f5622ed53d9f21a425797f5ca033fffc518d4e75dea1e7c6,2026-02-11T00:01:30,2026-02-11T00:00:53.000Z,2026-02-11,2026-02-11 00:00:23.900,2.0058155059814453,stored_original_4096x4096_pixel_percentage_not_recomputed_from_npy,train,"(512, 512)",float32
1710,1710;1711;1712,data/processed/hmi.m_45s.2026.02.13_00_01_30_TAI.magnetogram_processed.npy,hmi.m_45s.2026.02.13_00_01_30_TAI.magnetogram_processed.npy,de94bcc50c45a3372c93dd516679d2b0afd87b461e1186f7c4bec4e038d8e965,2026-02-13T00:01:30,2026-02-13T00:00:53.000Z,2026-02-13,2026-02-13 00:00:24.100,1.9761085510253904,stored_original_4096x4096_pixel_percentage_not_recomputed_from_npy,train,"(512, 512)",float32
1713,1713;1714,data/processed/hmi.m_45s.2026.02.15_00_01_30_TAI.magnetogram_processed.npy,hmi.m_45s.2026.02.15_00_01_30_TAI.magnetogram_processed.npy,9fa034b2a740d62bf7ac693f05ff55d09c47000e810ca412c3a52ba198d51869,2026-02-15T00:01:30,2026-02-15T00:00:53.000Z,2026-02-15,2026-02-15 00:00:24.300,1.9809484481811523,stored_original_4096x4096_pixel_percentage_not_recomputed_from_npy,train,"(512, 512)",float32
1715,1715,data/processed/hmi.m_45s.2026.02.17_00_01_30_TAI.magnetogram_processed.npy,hmi.m_45s.2026.02.17_00_01_30_TAI.magnetogram_processed.npy,cf6d43a7e5dc0dc7ee9a289327a41b7b9fef194699ad14b8fbf9a621b9b7cffe,2026-02-17T00:01:30,2026-02-17T00:00:53.000Z,2026-02-17,2026-02-17 00:00:24.500,2.0244836807250977,stored_original_4096x4096_pixel_percentage_not_recomputed_from_npy,train,"(512, 512)",float32
1716,1716;1717,data/processed/hmi.m_45s.2026.02.19_00_01_30_TAI.magnetogram_processed.npy,hmi.m_45s.2026.02.19_00_01_30_TAI.magnetogram_processed.npy,08d296931dc75b84eb5623d55fb1fce6923496244192c18706933341d5011818,2026-02-19T00:01:30,2026-02-19T00:00:53.000Z,2026-02-19,2026-02-19 00:00:24.700,2.01263427734375,stored_original_4096x4096_pixel_percentage_not_recomputed_from_npy,train,"(512, 512)",float32
1718,1718,data/processed/hmi.m_45s.2026.02.22_00_01_30_TAI.magnetogram_processed.npy,hmi.m_45s.2026.02.22_00_01_30_TAI.magnetogram_processed.npy,3d24ab000d418d026d3f06f2782178165902268b4e9de7c1d20184ef497c85cb,2026-02-22T00:01:30,2026-02-22T00:00:53.000Z,2026-02-22,2026-02-22 00:00:25.100,1.90390944480896,stored_original_4096x4096_pixel_percentage_not_recomputed_from_npy,train,"(512, 512)",float32
1719,1719,data/processed/hmi.m_45s.2026.02.24_00_01_30_TAI.magnetogram_processed.npy,hmi.m_45s.2026.02.24_00_01_30_TAI.magnetogram_processed.npy,45671297a6dbdf4565205a9ab82d74cc2ef373b5c32147b38e2f95d1c117749e,2026-02-24T00:01:30,2026-02-24T00:00:53.000Z,2026-02-24,2026-02-24 00:00:25.300,2.057480812072754,stored_original_4096x4096_pixel_percentage_not_recomputed_from_npy,train,"(512, 512)",float32
1720,1720,data/processed/hmi.m_45s.2026.02.26_00_01_30_TAI.magnetogram_processed.npy,hmi.m_45s.2026.02.26_00_01_30_TAI.magnetogram_processed.npy,c10874c56571714f85a6d8466969933c498cc74787edb99ff68d52102c1109ce,2026-02-26T00:01:30,2026-02-26T00:00:53.000Z,2026-02-26,2026-02-26 00:00:25.500,2.0590126514434814,stored_original_4096x4096_pixel_percentage_not_recomputed_from_npy,train,"(512, 512)",float32
1721,1721;1722,data/processed/hmi.m_45s.2026.02.27_00_01_30_TAI.magnetogram_processed.npy,hmi.m_45s.2026.02.27_00_01_30_TAI.magnetogram_processed.npy,719a0b9453b222865504cecee14275d2bc977ccc27196e9a23348e9ba3833c5a,2026-02-27T00:01:30,2026-02-27T00:00:53.000Z,2026-02-27,2026-02-27 00:00:25.600,2.03934907913208,stored_original_4096x4096_pixel_percentage_not_recomputed_from_npy,train,"(512, 512)",float32
1723,1723,data/processed/hmi.m_45s.2026.02.28_00_01_30_TAI.magnetogram_processed.npy,hmi.m_45s.2026.02.28_00_01_30_TAI.magnetogram_processed.npy,848f21071b61eb2a9798b16bb01bf05c0c6374ea41fb2f90d4fd0bf101f66290,2026-02-28T00:01:30,2026-02-28T00:00:53.000Z,2026-02-28,2026-02-28 00:00:25.700,2.019631862640381,stored_original_4096x4096_pixel_percentage_not_recomputed_from_npy,train,"(512, 512)",float32
1724,1724,data/processed/hmi.m_45s.2026.03.02_00_01_30_TAI.magnetogram_processed.npy,hmi.m_45s.2026.03.02_00_01_30_TAI.magnetogram_processed.npy,df0e2a0636614d19018284ae3f5c82b1ce626e6dd4fbc09316bdfa267da8b1a0,2026-03-02T00:01:30,2026-03-02T00:00:53.000Z,2026-03-02,2026-03-02 00:00:26.000,2.1836817264556885,stored_original_4096x4096_pixel_percentage_not_recomputed_from_npy,train,"(512, 512)",float32
1725,1725;1726,data/processed/hmi.m_45s.2026.03.03_00_01_30_TAI.magnetogram_processed.npy,hmi.m_45s.2026.03.03_00_01_30_TAI.magnetogram_processed.npy,7bd7aa9dbe7822fd4fb0c4e93d2cd5170315d6d8465353d1bd8f8a92db2f63b0,2026-03-03T00:01:30,2026-03-03T00:00:53.000Z,2026-03-03,2026-03-03 00:00:26.100,2.2716104984283447,stored_original_4096x4096_pixel_percentage_not_recomputed_from_npy,selection_validation,"(512, 512)",float32
1727,1727;1728,data/processed/hmi.m_45s.2026.03.04_00_01_30_TAI.magnetogram_processed.npy,hmi.m_45s.2026.03.04_00_01_30_TAI.magnetogram_processed.npy,cfe7f8250b92d9dd0c505b066890fb20ec803abff2671d49cc23f79e7af04e20,2026-03-04T00:01:30,2026-03-04T00:00:53.000Z,2026-03-04,2026-03-04 00:00:26.200,2.234494686126709,stored_original_4096x4096_pixel_percentage_not_recomputed_from_npy,train,"(512, 512)",float32
1729,1729,data/processed/hmi.m_45s.2026.03.05_00_01_30_TAI.magnetogram_processed.npy,hmi.m_45s.2026.03.05_00_01_30_TAI.magnetogram_processed.npy,7bd37de86e9b581abf32f3a8bf3cc6e4806db59f5110b7d5dce5c274a2ffedd0,2026-03-05T00:01:30,2026-03-05T00:00:53.000Z,2026-03-05,2026-03-05 00:00:26.300,2.2300899028778076,stored_original_4096x4096_pixel_percentage_not_recomputed_from_npy,train,"(512, 512)",float32
1730,1730;1731,data/processed/hmi.m_45s.2026.03.06_00_01_30_TAI.magnetogram_processed.npy,hmi.m_45s.2026.03.06_00_01_30_TAI.magnetogram_processed.npy,7b3017e64be270711b8a8f4a47434af65f7cebc92084dba7abff960e7b8c459b,2026-03-06T00:01:30,2026-03-06T00:00:53.000Z,2026-03-06,2026-03-06 00:00:26.500,2.2348225116729736,stored_original_4096x4096_pixel_percentage_not_recomputed_from_npy,train,"(512, 512)",float32
1732,1732,data/processed/hmi.m_45s.2026.03.09_00_01_30_TAI.magnetogram_processed.npy,hmi.m_45s.2026.03.09_00_01_30_TAI.magnetogram_processed.npy,135c2bf146bb23095f2ab15c8ff0fff6df20932cf0315a8561a966c93300780b,2026-03-09T00:01:30,2026-03-09T00:00:53.000Z,2026-03-09,2026-03-09 00:00:26.800,2.0116865634918213,stored_original_4096x4096_pixel_percentage_not_recomputed_from_npy,train,"(512, 512)",float32
1733,1733,data/processed/hmi.m_45s.2026.03.10_00_01_30_TAI.magnetogram_processed.npy,hmi.m_45s.2026.03.10_00_01_30_TAI.magnetogram_processed.npy,8cd8b69fd6c5ddcd3094f62aa6ad2ea4ba615fa6d6531a7881136b34622387fc,2026-03-10T00:01:30,2026-03-10T00:00:53.000Z,2026-03-10,2026-03-10 00:00:27.000,1.9263386726379397,stored_original_4096x4096_pixel_percentage_not_recomputed_from_npy,train,"(512, 512)",float32
1734,1734;1735;1736,data/processed/hmi.m_45s.2026.03.13_00_01_30_TAI.magnetogram_processed.npy,hmi.m_45s.2026.03.13_00_01_30_TAI.magnetogram_processed.npy,6956cf898fde44c2ee7b4302c3167b874c05988b900d62d7b7792fc5635b5d1e,2026-03-13T00:01:30,2026-03-13T00:00:53.000Z,2026-03-13,2026-03-13 00:00:27.400,1.918238401412964,stored_original_4096x4096_pixel_percentage_not_recomputed_from_npy,train,"(512, 512)",float32
1737,1737,data/processed/hmi.m_45s.2026.03.15_00_01_30_TAI.magnetogram_processed.npy,hmi.m_45s.2026.03.15_00_01_30_TAI.magnetogram_processed.npy,3801a92e3a6110a9e43e0e98f9d3a4d9a508aa6f854306deb5eeb5f7ab13844c,2026-03-15T00:01:30,2026-03-15T00:00:53.000Z,2026-03-15,2026-03-15 00:00:27.700,1.8834710121154783,stored_original_4096x4096_pixel_percentage_not_recomputed_from_npy,train,"(512, 512)",float32
1738,1738,data/processed/hmi.m_45s.2026.03.16_00_01_30_TAI.magnetogram_processed.npy,hmi.m_45s.2026.03.16_00_01_30_TAI.magnetogram_processed.npy,abddb86801dd2bde5f55f365e07f966721b0132fa0dafc0fbd8b7396088b9fca,2026-03-16T00:01:30,2026-03-16T00:00:53.000Z,2026-03-16,2026-03-16 00:00:27.800,1.9482195377349856,stored_original_4096x4096_pixel_percentage_not_recomputed_from_npy,selection_validation,"(512, 512)",float32
1739,1739,data/processed/hmi.m_45s.2026.03.17_00_01_30_TAI.magnetogram_processed.npy,hmi.m_45s.2026.03.17_00_01_30_TAI.magnetogram_processed.npy,676f089cc1bf6eba6ed7565ec4d6183f6309cbcf6579e8fd0cd66e15384222b4,2026-03-17T00:01:30,2026-03-17T00:00:53.000Z,2026-03-17,2026-03-17 00:00:27.900,1.959162950515747,stored_original_4096x4096_pixel_percentage_not_recomputed_from_npy,train,"(512, 512)",float32
1740,1740;1741,data/processed/hmi.m_45s.2026.03.20_00_01_30_TAI.magnetogram_processed.npy,hmi.m_45s.2026.03.20_00_01_30_TAI.magnetogram_processed.npy,b226f752e153821fde5e74dc257a77de0458844e4be425d364e37af1d1c15106,2026-03-20T00:01:30,2026-03-20T00:00:53.000Z,2026-03-20,2026-03-20 00:00:28.400,1.878678798675537,stored_original_4096x4096_pixel_percentage_not_recomputed_from_npy,selection_validation,"(512, 512)",float32
1742,1742;1743,data/processed/hmi.m_45s.2026.03.21_00_01_30_TAI.magnetogram_processed.npy,hmi.m_45s.2026.03.21_00_01_30_TAI.magnetogram_processed.npy,599f78a3fdfd428bfb43616337014cd040b2d0b01b11fa6c40eb6387f2a5cd1b,2026-03-21T00:01:30,2026-03-21T00:00:53.000Z,2026-03-21,2026-03-21 00:00:28.500,1.770871877670288,stored_original_4096x4096_pixel_percentage_not_recomputed_from_npy,train,"(512, 512)",float32
1744,1744;1745,data/processed/hmi.m_45s.2026.03.22_00_01_30_TAI.magnetogram_processed.npy,hmi.m_45s.2026.03.22_00_01_30_TAI.magnetogram_processed.npy,347cc8bc2415fb2cdf1d733a02843c73ef250f90fcaef15a3a06f46b6bb58ca2,2026-03-22T00:01:30,2026-03-22T00:00:53.000Z,2026-03-22,2026-03-22 00:00:28.600,1.812988519668579,stored_original_4096x4096_pixel_percentage_not_recomputed_from_npy,selection_validation,"(512, 512)",float32
1746,1746;1747;1748,data/processed/hmi.m_45s.2026.03.23_00_01_30_TAI.magnetogram_processed.npy,hmi.m_45s.2026.03.23_00_01_30_TAI.magnetogram_processed.npy,8d878b92ccf0e70b2714e666f25c8a52e66d1794edc6038cbd967e1640d0c3ed,2026-03-23T00:01:30,2026-03-23T00:00:53.000Z,2026-03-23,2026-03-23 00:00:28.800,1.9119858741760256,stored_original_4096x4096_pixel_percentage_not_recomputed_from_npy,selection_validation,"(512, 512)",float32
1749,1749,data/processed/hmi.m_45s.2026.03.27_00_01_30_TAI.magnetogram_processed.npy,hmi.m_45s.2026.03.27_00_01_30_TAI.magnetogram_processed.npy,caf8241a343418940c19351aee71c472c25613a605a5e7f85e7258095b100dc2,2026-03-27T00:01:30,2026-03-27T00:00:53.000Z,2026-03-27,2026-03-27 00:00:29.300,2.0803093910217285,stored_original_4096x4096_pixel_percentage_not_recomputed_from_npy,train,"(512, 512)",float32
1750,1750,data/processed/hmi.m_45s.2026.03.28_00_01_30_TAI.magnetogram_processed.npy,hmi.m_45s.2026.03.28_00_01_30_TAI.magnetogram_processed.npy,049fba3ca4eb781f3aaad4a351facf3e9c26ee5d5b5902a9bca17807f0992a21,2026-03-28T00:01:30,2026-03-28T00:00:53.000Z,2026-03-28,2026-03-28 00:00:29.500,2.0865023136138916,stored_original_4096x4096_pixel_percentage_not_recomputed_from_npy,train,"(512, 512)",float32
1751,1751;1752,data/processed/hmi.m_45s.2026.03.29_00_01_30_TAI.magnetogram_processed.npy,hmi.m_45s.2026.03.29_00_01_30_TAI.magnetogram_processed.npy,77210b37cf759fee6a800b07461312c83ea02b7fe08804f67777348195b55c99,2026-03-29T00:01:30,2026-03-29T00:00:53.000Z,2026-03-29,2026-03-29 00:00:29.600,2.099066972732544,stored_original_4096x4096_pixel_percentage_not_recomputed_from_npy,selection_validation,"(512, 512)",float32
1753,1753;1754,data/processed/hmi.m_45s.2026.04.01_00_01_30_TAI.magnetogram_processed.npy,hmi.m_45s.2026.04.01_00_01_30_TAI.magnetogram_processed.npy,d2725a44f3ae4903e7a220a1ca49049a18a7896d25a5f1c5d0117da8c7fa5c4a,2026-04-01T00:01:30,2026-04-01T00:00:53.000Z,2026-04-01,2026-04-01 00:00:30.000,2.104341983795166,stored_original_4096x4096_pixel_percentage_not_recomputed_from_npy,train,"(512, 512)",float32
1755,1755,data/processed/hmi.m_45s.2026.04.04_00_01_30_TAI.magnetogram_processed.npy,hmi.m_45s.2026.04.04_00_01_30_TAI.magnetogram_processed.npy,2d8229c958559d5094495f9e672c5ad458c4b076e40bbc51a3109811a4a4e4e9,2026-04-04T00:01:30,2026-04-04T00:00:53.000Z,2026-04-04,2026-04-04 00:00:30.400,1.9706010818481443,stored_original_4096x4096_pixel_percentage_not_recomputed_from_npy,train,"(512, 512)",float32
1756,1756,data/processed/hmi.m_45s.2026.04.06_00_01_30_TAI.magnetogram_processed.npy,hmi.m_45s.2026.04.06_00_01_30_TAI.magnetogram_processed.npy,62684ccedeb457e4a032cdb7e3836121675784554647607ee270637851640009,2026-04-06T00:01:30,2026-04-06T00:00:53.000Z,2026-04-06,2026-04-06 00:00:30.700,1.882094144821167,stored_original_4096x4096_pixel_percentage_not_recomputed_from_npy,selection_validation,"(512, 512)",float32
1757,1757,data/processed/hmi.m_45s.2026.04.07_00_01_30_TAI.magnetogram_processed.npy,hmi.m_45s.2026.04.07_00_01_30_TAI.magnetogram_processed.npy,bcd2720bf55917cb28ff90a0e215afca50804c1982c63eec2252677f475a7d34,2026-04-07T00:01:30,2026-04-07T00:00:53.000Z,2026-04-07,2026-04-07 00:00:30.900,1.848095655441284,stored_original_4096x4096_pixel_percentage_not_recomputed_from_npy,train,"(512, 512)",float32
1758,1758,data/processed/hmi.m_45s.2026.04.08_00_01_30_TAI.magnetogram_processed.npy,hmi.m_45s.2026.04.08_00_01_30_TAI.magnetogram_processed.npy,abaea37661a88980e9477c6160f21c2fcd8b8e24648053a29d66f23916714578,2026-04-08T00:01:30,2026-04-08T00:00:53.000Z,2026-04-08,2026-04-08 00:00:31.000,1.761925220489502,stored_original_4096x4096_pixel_percentage_not_recomputed_from_npy,train,"(512, 512)",float32
1759,1759;1760,data/processed/hmi.m_45s.2026.04.09_00_01_30_TAI.magnetogram_processed.npy,hmi.m_45s.2026.04.09_00_01_30_TAI.magnetogram_processed.npy,82a783315eec842a72ad715d2c49404adc49053322a6549452a019f225a73712,2026-04-09T00:01:30,2026-04-09T00:00:53.000Z,2026-04-09,2026-04-09 00:00:31.200,1.733994483947754,stored_original_4096x4096_pixel_percentage_not_recomputed_from_npy,train,"(512, 512)",float32
1761,1761;1762,data/processed/hmi.m_45s.2026.04.12_00_01_30_TAI.magnetogram_processed.npy,hmi.m_45s.2026.04.12_00_01_30_TAI.magnetogram_processed.npy,8780c7fca08dae5c8aa07ab8a3b93e44e957b42eaf275f955c6fa0c6843ab466,2026-04-12T00:01:30,2026-04-12T00:00:53.000Z,2026-04-12,2026-04-12 00:00:31.600,1.7141401767730713,stored_original_4096x4096_pixel_percentage_not_recomputed_from_npy,train,"(512, 512)",float32
